scheme_name,slug,details,benefits,eligibility,application,documents,level,schemeCategory,Unnamed: 9,tags,income_limit,age_limit,category_req,state_req
Nirman Shramik Jeevan va Bhavishya Suraksha Yojana,nsjbsy,"Launched in 2016, the scheme ""Nirman Shramik Jeevan va Bhavishya Suraksha Yojana"" (Construction Workers Life and Future Security Scheme) by the Building and Other Construction Workers Welfare Board, Government of Rajasthan aims to provide financial security and social protection through insurance and pension benefits to the registered construction workers and their families. Through this scheme, benefits under the Pradhan Mantri Suraksha Bima Yojana, Pradhan Mantri Jeevan Jyoti Bima Yojana, and Atal Pension Yojana are provided to eligible registered construction workers. This comprehensive scheme complements other initiatives like the Construction Workers Tools/Toolkit Assistance Scheme, Construction Workers Education and Skill Development Scheme, and Construction Workers Sulabh Yojana.","Pradhan Mantri Suraksha Bima Yojana (PMSBY) 100% reimbursement of annual premium amount (₹12) Premium amount is fully reimbursed through electronic transfer No partial reimbursement option is available Beneficiary must show proof of premium deduction in bank passbook Pradhan Mantri Jeevan Jyoti Bima Yojana (PMJJBY) 50% reimbursement of the annual premium amount Total premium: ₹330 Reimbursement amount: ₹165 Remaining ₹165 to be borne by the beneficiary Must provide proof of full premium deduction from bank account Atal Pension Yojana (APY) 50% reimbursement of the annual contribution amount Specifically for the ₹1,000 monthly pension plan Reimbursement is calculated based on the average annual contribution Beneficiary must continue paying their share to maintain scheme validity Must show proof of contribution deduction from bank account",1.  The applicant must be registered as a beneficiary with the Building and Other Construction Workers Welfare Board. 2.  The applicant must have a savings bank account in their name. 3.  The applicant must be eligible for membership under the following schemes: Pradhan Mantri Suraksha Bima Yojana (PMSBY) Pradhan Mantri Jeevan Jyoti Bima Yojana (PMJJBY) Atal Pension Yojana (APY) 4.  The applicant must provide consent to their bank for the deduction of premium/contribution from their savings account. 5.  The applicant must have gotten the annual premium/contribution amount deducted from their savings account.,"REGISTRATION Step 1: Visit the Official Portal of Rajasthan Single Signon, and click "" Register Here "". Step 2: In the online registration form, fill in all the mandatory fields, verify your Mobile Number via OTP, and click ""Register"". APPLICATION Step 1: After successful registration, log in to the SSO Portal, you will be able to browse the various Departmental Portals of the Government of Rajasthan. Step 2: Click on the “Labour Department Management System (LDMS)” icon. The system will ask whether you are already registered with LDMS. Step 2.1: If you are already registered with LDMS, click ‘Yes’. You will be asked to provide your LDMS Login ID & Password for mapping with SSO ID. *This is a one-time activity, thereafter, in subsequent sessions upon entering the SSO ID & selecting the LDMS portal, the user will automatically come to the respective screen in the LDMS portal. Step 2.2: If you are NOT already registered with LDMS, click ‘No’. You will be asked to update your profile by providing the following details: District, House No./Plot No., Street/Locality, Village/Town/City, and PIN Code. Step 3: After submitting the form, you will automatically come to the dashboard of the LDMS portal. Step 4: Select ""Welfare Schemes"" from the side menu, then select ""BOCW Welfare Board"", then click ""Apply for Scheme"". Step 5: In the next page, all the schemes of the Rajasthan Shramik Card will be displayed. From the list, select the scheme you intend to apply for. Step 6: You will be taken to the online application form of the scheme. In the form, fill in all the mandatory fields of the Application Form and upload all the mandatory documents in the specified format and size. Finally, click ""Submit"".","Copy of Beneficiary Registration Identity Card. Copy of Bank Passbook First Page (showing beneficiary's name, account number, and IFSC code). Copy of Bank Passbook Page Showing Premium/Contribution Deduction Details. Copy of Aadhaar Card and Bhamashah Card (Optional).",State,Health & Wellness,,"Medical, Insurance, Health, Labor, Premium, Construction, Pension",,,,
AFFDF-Financial Assistance For Treatment Of Serious Diseases To Non Pensioner Ex-Servicemen (All Ranks)/Widows,affdf-serious-disease-treatment,"A scheme to provide financial assistance to a non-pensioner Ex-Servicemen of all ranks and widows to meet medical expenses related to treatment of approved serious diseases like cancer, renal failure, knee replacement and heart surgery. ﻿ Expenditure must be incurred at a approved govt hospital at the rates applicable under CGHS / ECHS. ﻿ List of the serious diseases are covered under this scheme ﻿ Angiography & Angioplasty CABG. (l) Dialysis Open heart surgery Valve replacement Pacemaker Implant Cerebral stroke Prostrate surgery Joint replacement Renal failure Cancer ﻿ Treatment of other Diseases In case the treatment of a serious disease which is not listed , such application will be referred to Director General Armed Forces Medical Services (DGAFMS) for comment/recommendation to consider it for financial assistance for treatment of that disease, to ESM under this scheme. ﻿ ﻿ ﻿","Financial assistance for treatment of the approved serious diseases  to non-pensioner Ex-Servicemen of all ranks and widows subject to a maximum of Rs 1,25,000/- (One Time) and for treatment of cancer/dialysis subject to a maximum of Rs 75,000/- per annum as follows:- For Non-Pensioner Officers/Widows. 75% of total expenditure incurred on medical treatment, hospitalization, medicines etc. For Non-Pensioner other Ranks/Widows. 90% of total expenditure incurred per annum on medical treatment, hospitalization, medicine etc. ﻿ Note Expenditure must be incurred at a approved govt hospital at the rates applicable under CGHS / ECHS.",The following criteria must be fulfilled:- ﻿ Applicant must be a non-pensioner ESM or his widow. Should not be member of ECHS or availing AFMS facilities. Should be recommended by respective Zila Sainik Board (ZSB). Expenditure must be incurred at a approved govt hospital at the rates applicable under CGHS / ECHS.,"Eligible Ex-servicemen / their widows can visit the official website of Kendriya Sainik Board Secretariat (KSBS) https://ksb.gov.in/  Click on “Register” which is available on the homepage of the portal. Now, the registration form will be displayed, fill the form with necessary details. Upload the Photo Save the application by clicking on the “Save” button and the saved details and password will be forwarded to the registered mail id. Click the activation link which is sent to the mail id to login into the KSB portal. Provide user name, password and verification code and click on the “Login “ button. Select the scheme name and start filling the new application form by entering the required details. Copies of the supporting documents duly attested by the respective Zila Sainik Welfare Officer (ZSWO) must be uploaded with the online application. Once the online application is submitted, ZSWO will scrutinize the online applications and give appointment to the applicant for verification, After successful verification, ZWSO will recommend the online application and forward the harp copy as well soft copy to Kendriya Sainik Board (KSB) through Rajya Sainik Boards (RSBs) for further processing. ﻿ Processing at KSB Secretariat Once the application reaches the Kendriya Sainik Board, the Section-in-charge verify the same and upload the printed list for the approval of JD (Welfare). ﻿ Payment Procedure After approval of Secretary KSB, the application is processed for payment by Welfare Section. The welfare section verifies the Ex-servicemen's service number, name, banker's IFS Code and bank account number & forward the list of approved cases to Accounts Section for payment. The Accounts Section then processes the list for payment directly to beneficiaries via ECS to the beneficiaries as applicable. ﻿ Track Application Status Applicant has to revisit the same portal https://ksb.gov.in/index.htm  Click on “Status of application” link on the homepage of the portal. Now enter your DAK ID and verification code. Click on the “Search” button. ﻿ ﻿",Copies of the following documents duly attested by ZSWO must accompany the application:- ﻿ Complete Service Discharge Book/Documents. Photocopy of ESM / widow I Card. Original medical bills duly countersigned by attending doctor. Hospital admission and discharge report duly countersigned by hospital authority. A certificate from applicant that he/she has not taken any money/grant from the State Govt or present employer in the form of reimbursement or medical allowance. Details of Bank A/c No (in PNB/SBI only) and IFS Code. ﻿,Central,Health & Wellness,,"Ex-Servicemen, Widow Of Ex-Servicemen, Serious Disease Treatment",,,,
Aastha Yojana,asr,"The scheme ""Aastha Yojana"" was launched by the Department of Social Justice and Empowerment, Government of Rajasthan. It aims to provide BPL-equivalent benefits to families with multiple specially-abled members. Under this scheme, eligible families receive free medical treatment, ration supplies, and other welfare benefits. To avail of the benefits, a family must possess an Aastha Card, and their annual income should not exceed ₹1.20 lakh.","Aastha cardholder families receive benefits similar to BPL families, including free medical treatment and ration supplies. Note: Aastha cardholders are entitled to benefits from all BPL-related schemes run by different state government departments.","The applicant should be a native of Rajasthan. The two or more members should be specially abled from the same family. The applicant must have a disability of 40%. The annual family income should not exceed ₹1,20,000/-.","Step 1: The interested applicant should visit office of the District Social Justice & Empowerment Office and request a hard copy of the prescribed format of the application form from the staff exclusively entrusted to issue and collect filled-in applications. Step 2: In the application form, fill in all the mandatory fields and attach copies of all the mandatory documents (self-attest, if required). Step 3: Submit the duly filled and signed application form along with the documents to the District Social Justice & Empowerment Office. Step 4: Request a receipt or acknowledgment from the District Social Justice & Empowerment Office to whom the application has been submitted. Ensure that the receipt contains essential details such as the date and time of submission and a unique identification number (if applicable).",Identity proof Domicile Certificate Disability Certificate Aadhaar Card Any Other Document if Required,State,"Health & Wellness, Social welfare & Empowerment",,"Persons With Disabilities, Medical Treatment, Ration, Welfare Benefits, PwD, Astha Card",120000.0,,,
Accident Assistance (K.B.O.C.W.W.B),kaabocwwb,"The ""Accident Assistance'' by the BOCW Welfare Board, Department of Labour, Karnataka, is a welfare scheme for the registered workers of the board. Under this Scheme, every registered construction worker who meets with an accident during the course of employment shall be compensated by the employer under the provisions of the Employee’s Compensation Act, along with a compensation from the Board. ﻿","Death Benefit: ₹5,00,000/- granted (50% in Fixed Deposit, 50% via cheque/DBT) to the first living nominee. Permanent Total Disablement Benefit: ₹2,00,000/- granted (50% in Fixed Deposit, 50% via cheque/DBT). Permanent Partial Disablement Benefit: ₹1,00,000/- granted proportionally (50% in Fixed Deposit, 50% via cheque/DBT). ﻿",For Registration as a Building/ Construction Worker: The applicant should be a Building/ Construction Worker (Unorganised Worker). The applicant should be a minimum of 18 years of age. The applicant should have engaged in building and construction work for at least 90 days in a given year. For the Application of the Welfare Scheme: The applicant should be a registered construction worker Under the Building and Other Construction Workers Welfare Board of Karnataka. The accident must occur either during the course of employment or outside of work.,"Registration Process as a Building/ Construction Worker: Step 1: Visit the official Website of Karnataka Building & Other Construction Workers Welfare Board (KBOCWWB) and click on “Register”. Step 2: Select “Register as New Construction Worker” then enter your mobile number as per the Aadhaar Registered and verify with the received OTP. Step 3: From the dashboard, click on “Registration”. Step 4: Fill in all the mandatory details and upload the required documents. Click on “Final Submit” to complete the registration process. Application Process of the Welfare Scheme: Step 1: Visit the official Website of Karnataka Building & Other Construction Workers Welfare Board (KBOCWWB) and click on “Login”. Step 2: Enter your registered mobile number and the received OTP. Step 3: From the dashboard, click on “Schemes” (After the user Registration is approved, the user can access the schemes page). Step 4: Select the concerned scheme. Fill in all the mandatory details and upload the required documents. Step 5: Review the details and check the declaration box. Now click on “Submit” to complete the application process. Renewal Process: Step 1: Visit the official Website of Karnataka Building & Other Construction Workers Welfare Board (KBOCWWB) and click on “Login”. Step 2: Enter your registered mobile number and the received OTP. Step 3: From the dashboard, click on “Renewal”. Fill in mandatory details and upload the required documents. Step 4: Review the details and click on “Submit” to complete the renewal process. Note: Renewal: Every construction worker must renew their registration with the Karnataka Building and Other Construction Workers Welfare Board every 3 years. If not renewed within this period, a 1-year grace period is granted. After that, the registration becomes invalid. Helpdesk: Karnataka Building And Other Construction Workers Welfare Board, Address: Karmika Bhavan, Dairy Circle, Bannerghatta Road, Bangalore-29. Office No: 080-29753078 E-mail: labour.commissioner42@gmail.com ﻿ List of District Office. ﻿ ﻿ List of Taluk Offices. ﻿",For Registration as a Building/ Construction Worker: Employment Certificate/90 Days Work Certificate ( Form V(A) / V(B) / V(C) /V(D)). Aadhar Card (Self-Attested). Ration Card(non-mandatory). Age Proof (Voter ID Card/Aadhar Card). For the Application of the Welfare Scheme: Medical Certificate. Medical Disability Certificate. Death certificate. FIR COPY. Postmortem Report. Self Declaration. For the Renewal Process: Employment Certificate/90 Days Work Certificate ( Form V(A) / V(B) / V(C) / V(D) ).,State,Health & Wellness,,"Labour, Building Worker, Construction Worker, Accident, Disability, Death Benefit",,,,Karnataka
Andaman & Nicobar Islands Scheme for Health Insurance,anishi,"The scheme “Andaman & Nicobar Islands Scheme for Health Insurance (ANISHI)” was launched by the Health Department, Union Territory of Andaman and Nicobar Islands on 26.01.2015. The scheme provides cashless medical treatment benefit upto ₹5.00 Lakhs per patient per illness to the people belonging to Below Poverty Level/Priority House Hold, Pensioners of A&N Administration who have settled in these Islands after retirement with their dependent family member and Permanent Resident whose family annual income is below ₹3.00 Lakhs. Many of these patients come from economically disadvantage backgrounds and are unable to bear the cost of hospital expense in mainland hospital. In order to provide assistance to such patients the Administration decided to lodge its own health Insurance Scheme which shall provide better health care to the persons.","The Health Insurance (ANISHI) shall provide cashless treatment upto ₹5 Lakhs per patients per illness which include indoor and outdoor treatments. Free travel expenses for patients with one attendant shall be reimbursed (Bunk class fare). Critically ill patients, if referred under the scheme to travel by flight, will be entitled to reimbursement of the air ticket for the patient and one attendant. In the very rare case of a beneficiary falling sick during a personal visit to the mainland and who requires emergency treatment, benefits under the scheme can be availed of but the travel expenses will not be allowed. Note: In case the beneficiary undergoes treatment or on his own gets admitted in empanelled/non-empanelled hospital without completing codal formalities at State Nodal Cell (ANISHI), the reimbursement of hospital expense for such cases ‘will not be allowed’ under the scheme.",The persons/patients of the following categories are eligible to avail the benefits under the scheme: The person who belongs to the BPL category settled in the A&N Islands can avail of the benefits under the scheme. The Government pensioners of the A&N Administration who have settled in these Islands after retirement with their dependent family members can avail of the benefits under the scheme. The permanent resident of the Andaman & Nicobar Islands whose family annual income is below ₹3.00 Lakhs can avail of the benefits under the scheme.,"Step 01: The eligible person(s)/patient can avail of the cashless benefit in any empanelled hospital notified by the Administration from time to time ‘by completing the codal formalities at Nodal Cell (ANISHI)’. Step 02: The patient is to be referred by the concerned specialist of GB Pant Hospital, Port Blair thereafter, he/she has to approach the Nodal Cell (ANISHI) located at the DHS Office for the cashless benefit of the scheme. Step 03: The state Nodal Cell processes the case within 02 days and after obtaining approval of the Chairman ANISHI, orders are issued to the empanelled hospital to provide cashless benefit to treat the referred patient under the ANISHI Scheme. Note 01: In case the beneficiary is on his personal visit to the mainland and had fallen sick requiring emergency treatment and gets admitted to one of the empanelled hospitals under the scheme, the Medical Superintendent /Director of the concerned empanelled hospital in the mainland will have to first inform the Nodal Officer (ANISHI) about the particulars of the patient and his/her clinical condition. Note 02: The State Nodal Cell after verification of records convey the approval to treat the patient as per the guidelines of the scheme, however, the patient/relatives have to submit the documents as the case may be. Note 03: I n such cases, the travel expense to the patient /attendant will not be reimbursed. If the patient gets admitted in a ‘hospital which is not empanelled’ under the scheme, then the benefit will be extended only if the patient is shifted to the nearest empanelled hospital under the scheme. ( Application Form )",BPL Patient: Islander Card/Voter ID Card BPL Ration Card Pensioners: Pension Payment Order Ration Card Islander Card/Voter ID Card Permanent Resident Category Patients: Islander Card/Voter ID Card Ration Card,State,Health & Wellness,,"ANISHI, Health, Insurance, Cashless Treatment, Patient",,,,
Annual Medical Assistance Scheme (BBOCWWB),amapbbocwwb,"The ""Annual Medical Assistance Scheme"" by the Bihar Building & Other Construction Workers Welfare Board, Labour Resources Department, Government of Bihar, provides a yearly financial assistance of ₹3,000/- to the construction workers who are registered with the Board.","Financial Assistance of ₹3,000/- per annum.","The applicant should be a worker. The worker should be engaged in building or construction work. The worker should be registered with the ""Bihar Building & Other Construction Workers Welfare Board"". The worker's membership with the Welfare Board must be active at the time of application. The worker should have at least one year of membership with the Board.","Registration Step 1: Visit the Official Website of the Bihar Building and Other Construction Workers Welfare Board, and click "" Apply for New Registration "". Step 4: On the next page, provide your details including your Aadhaar Number. Then click ""Authenticate"". Step 5: An online form will appear. In the form, fill in all the mandatory fields. The fields marked with an asterisk (*) are mandatory. Step 6: Click ""Submit"". Proceed to pay the application fee online. Step 7:  Upon successful payment, you will receive your construction worker registration number. Application Step 1:  Visit the Official Website of the Bihar Building and Other Construction Workers Welfare Board. Step 2: Click on "" Scheme Application "" and select "" Apply for Scheme "". Step 3:  Enter your registration number and click ""Show"" to view your details. Step 4:  Select the scheme you intend to apply for, enter all mandatory information and upload the necessary documents in the specified format and size. Step 6:  Click on ""Submit Application"" to complete the process. Application Tracking Applicants can track their application status online on the official website of the Board by providing their registration number.","Identity Proof i.e. Aadhaar Card, Voter Card Bank Account Details Proof of Age Identity Card of the Registered Worker Proof of Membership Any Other Documents as Required",State,"Skills & Employment, Health & Wellness",,"Construction, Labour, Medical, Worker, Financial Assistance",,,,
Aravanaippu Illam,aillam,"The scheme “Aravanaippu Illam"" was launched by the Department of Social Welfare, Government of Puducherry. The objective of this scheme is to take care of persons who are lacking basic needs & proper care in society, and to maintain them in a safe living condition.","Free Shelter and Food. Free Supply of 4 Sets of Dresses and Other Daily Living Needs. Free Medical Treatment (Referred to Nearby PHC). Training in Korai & Coir Mat Weaving. Labour Charges of ₹ 20/- Per Mat for the Work of Mat Weaving as and When Carried Out. ₹ 5/- Per Day as Daily Pocket Money. Recreation Like Radio, TV, Library, Besides Local Trips to Places of Interest and Temples. Annual Tour to Places of Interest. Annual Day, Conducted Every Year in Order to Exhibit Their Talents and for Prize Distribution. NOTE: Contact the authorities below in case of delay in disbursal of benefits: Puducherry: The Director, Directorate of Social Welfare, Saradhambal Nagar, Ellaipillaichavadhy, Puducherry. Karaikal: The Collector, Karaikal. Mahe/Yanam: The Regional Administrator, Mahe/Yanam.",The applicant should be lacking basic needs and proper care in society. The applicant should be 20 years or above in age. The applicant should not be suffering from communicable disease.,"Step 1: The interested applicant should visit (during office hours) the Office/ Sub-Office of the Department of Social Welfare, and request the hard copy of the prescribed format of the application form from the staff exclusively entrusted to issue and collect filled-in applications. Step 2: In the application form, fill in all the mandatory fields, paste the passport-sized photograph (signed across, if required), and attach copies of all the mandatory documents (self-attest, if required). Step 3: Submit the duly filled and signed application form along with the documents to the authority given below - Puducherry: The Deputy Director, Differently Abled Section, Directorate of Social Welfare. Karaikal: The Assistant Director, Social Welfare Department (Sub Office). Mahe / Yanam: The Welfare Officer (i\c), Social Welfare Department (Sub Office). Step 4: Request a receipt or acknowledgement from the concerned authority to whom the application has been submitted. Ensure that the receipt contains essential details such as the date and time of submission, and a unique identification number (if applicable).",Aadhaar Card. Voter ID. Address Proof. Ration Card. Age Proof.,State,"Social welfare & Empowerment, Health & Wellness",,"Disability, Food, Shelter, Medical, Clothes",,,,
Arogya Lakshmi,arogya-lakshmi,"Telangana government provides one nutritious meal every day to pregnant and lactating women and children below the age of six through Anganwadi centers. The scheme was launched officially on January 1, 2015. This program under the Women Development and Child Welfare Department of Telangana ﻿ The Government of Telangana has launched Arogya Lakshmi Scheme. Through this scheme, pregnant and lactating women are provided one full meal at the Anganwadi center along with iron and folic acid tablets. Spot feeding of the meal is ensured through this scheme. The Government of Telangana launched this scheme on 1st January 2015. This scheme will be implemented through 31897 main Anganwadi centers and 4076 mini Anganwadi centers in the state. ﻿ The program aims to reduce maternal and infant mortality rates in Telangana by providing support to women who would otherwise be unable to access quality healthcare services. The government hopes that this program will encourage more women to seek out prenatal and postnatal care, and ultimately lead to better health outcomes for mothers and children in the state. ﻿ One full meal will consist of rice, dal with leafy vegetables/sambhar, vegetables for a minimum of 25 days, boiled egg, and 200 ml milk for 30 days in a month. ﻿ For the women, 200 ml of milk for 25 days a month and one egg each day will be given with meal . Children, aged between seven months and three years are provided with 16 eggs a month in addition to a 2.5 kg food packet. For children aged between 3 and six years, one egg a day in addition to rice, dal, vegetables, and snacks is supplied. A total 18,96,844 lactating mothers, 5,18,215 infants, and 21,58,479 pregnant women were covered under the scheme expending Rs 627.96 crore in the past year. The quantity of food items supplied under the scheme has also been increased across all the categories. ﻿ Objectives of “Arogya Laxmi programme” •	Enhance the quality and acceptability of supplementary nutrition by the Pregnant and Lactating women •	Ensure food supplied is consumed by only the Pregnant and Lactating women rather than the whole family •	Ensure that Pregnant and Lactating women consume 90+ IFA tablets. •	Improve the enrolment of mothers at AnganwadiCenters (AWCs). •	Eliminate or decrease the number of Pregnant and Lactating women with anemia/ who are undernourished. •	Reduce the incidence of low birth babies and malnutrition among children. •	Ensure that Pregnant and Lactating women receive health checkups and immunization. •	Reduce the incidence of infant mortality and maternal mortality. ﻿","For children between 7 months to 3 years, 16 eggs per month along with 2.5 Kg Balamrutham  will be provided Balamrutham” is the weaning food introduced under ICDS to provide improved supplementary nutrition to children between 7 months to 3 years. The weaning food is a preparation of wheat, chana dal, milk powder, oil, and sugar. It is fortified and thus provides 50% of iron, calcium, vitamins, and other RDA that children require per day. The composition and nutritive values of Balamrutham are indicated in Table-I and II respectively. The recommended quantity is 100 gms which is to be given to children 3-5 times every day. For children below one year, Balamrutham can be served as porridge mixed with hot water, and for older children, it can be given in the form of “Laddu”. For children aged between 3 and six years, one egg a day in addition to rice, dal, vegetables, and snacks is supplied. Pregnant and lactating women are provided one full meal at the Anganwadi centre along with iron and folic acid tablets 1 full meal will consist of rice, dal with leafy vegetables/sambar, and vegetables for a minimum of 25 days. Boiled eggs and 200 ml milk for 30 days in a month.","The eligibility criteria for the Arogya Lakshmi program in Telangana, India, may vary depending on the specific details of the program and the year in which it is implemented. However, some general eligibility criteria for the program are: ﻿ Residency: The pregnant woman or the family with a newborn must be a resident of Telangana. Pregnancy: The pregnant woman must be in her first or second trimester of pregnancy to be eligible for the program. Delivery: The delivery must take place at a designated healthcare facility or with the assistance of a qualified healthcare provider. ﻿ It's important to note that these are just some of the general eligibility criteria for the Arogya Lakshmi program, and that specific details and criteria may change from year to year. It's always best to check with the relevant government agencies or healthcare providers for the most up-to-date information on eligibility criteria.",Applicant can apply through the nearest Anganwadi centeres ﻿ Procedure To Apply Under Arogya Lakshmi Scheme Through Anganwadi Centre •	Go to your nearest Anganwadi centre •	Ask for Arogya Lakshmi application form •	Fill all the required information in this application form •	Attach all the required documents to the application form •	Now submit this form in the Anganwadi centre •	By following this procedure you can apply under Arogya Lakshmi scheme through Anganwadi centre ﻿,•	Aadhar Card •	Ration card •	Proof of age •	Proof of income •	Passport size photograph •	Mobile number ﻿,State,"Health & Wellness, Social welfare & Empowerment, Women and Child",,"Arogya Lakshmi, Pregnat Women, Lactating Women, Children, Anganwadi Centers",,,,
Asangathit Karmakaar Mrtyu Evan Divyaang Sahaayata Yojana,akmeds,"In 2019, Chhattisgarh State Government started a scheme ""Asangathit Karmakaar Mrtyu Evan Divyaang Sahaayata Yojana"" for unorganized worker. With this scheme, family will able to get the financials benefits after the death or disability of the unorganized worker.","Situation Financial Help On Death ₹ 1,00,000/- Permanent Disability ₹ 50,000/- ﻿","Unorganized workers must be between the ages of 18 and 60 are eligible. Unorganized workers must be registered as beneficiaries under Section 10 (3) of the Act. Assistance will not be provided in the case of death due to suicide, drug or substance abuse, or death due to fighting with each other with the intent to commit a crime. Benefits will be given only on the death of the registered worker and not on the death or accident of a family member. Beneficiaries who have benefited from the Financial Assistance and Rehabilitation Assistance Scheme for unorganized workers suffering from silicosis run by the Board will not be eligible.","Unregistered Applicant : All the applicant have to visit the official website Chhattisgarh Labour Department. On the home page click on "" Apply "" under ""Chhattisgarh Unorganized Workers State Social Security Board"". Enter the following details Select Group Name : ""Asangathit Marmakaar Mandal"" Select Service : ""Asangathit Shramik Panjikaran"" What do you want to do :  ""Aavedan"" Click next. Check the eligibility criteria for registration in Chhattisgarh Unorganized Workers State Social Security Board and click next. Fill out the online ""Registration form"". Submit. ﻿ Already Registered Applicant : All the applicant have to visit the official website Chhattisgarh Labour Department. On the home page click on "" Apply "" under ""Chhattisgarh Unorganized Workers State Social Security Board"". Enter the following details Select Group Name : ""Asangathit Marmakaar Mandal"" Select Service : ""Yojana"" What do you want to do :  ""Aavedan"" Click next. Select your district name and provide old/new registration number and click next. Select the scheme name. Fill out the online with required details. Submit.","Registration certificate, Aadhar card, Bank passbook, Nominee's Aadhar card, Address proof, Mobile number, Death certificate. In case of permanent disability, permanent disability certificate issues by the doctor.",State,"Health & Wellness, Social welfare & Empowerment",,"Financial Assistance, Family Benefits, Empowerment",,,,
Asangathit Karmakar Gambhir Bimari Chikitsa Sahayata Yojana,akgbcsy,"Labor Department of Chhattisgarh State started this scheme ""Asangathit Karmakar Gambhir Bimari Chikitsa Sahayata Yojana"" for unorganized worker on 28 April 2012. Under this scheme, financial assistance will be provided for the medical treatment of serious illness like treatment of kidney, cancer, sickle cell anemia, heart disease, AIDS and paralysis.","Unorganized workers can receive up to ₹ 50,000 in medical assistance to help cover the cost of treating kidney, cancer, sickle cell anemia, heart disease, AIDS, and paralysis. If the actual cost of treatment is less than ₹ 50,000, they will only receive the actual cost of treatment.",The applicant must be registered with the State Board for at least 90 days. The applicant must be between the ages of 18 and 60. The applicant must be registered as a beneficiary of unorganized workers under Section 10 of the Act.,"Unregistered Applicant : All the applicant have to visit the official website Chhattisgarh Labour Department. On the home page click on "" Apply "" under ""Chhattisgarh Unorganized Workers State Social Security Board"". Enter the following details Select Group Name : ""Asangathit Marmakaar Mandal"" Select Service : ""Asangathit Shramik Panjikaran"" What do you want to do : ""Aavedan"" Click next. Check the eligibility criteria for registration in Chhattisgarh Unorganized Workers State Social Security Board and click next. Fill out the online ""Registration form"". Submit. ﻿ Already Registered Applicant : All the applicant have to visit the official website Chhattisgarh Labour Department. On the home page click on "" Apply "" under ""Chhattisgarh Unorganized Workers State Social Security Board"". Enter the following details Select Group Name : ""Asangathit Marmakaar Mandal"" Select Service : ""Yojana"" What do you want to do : ""Aavedan"" Click next. Select your district name and provide old/new registration number and click next. Select the scheme name. Fill out the online with required details. Submit.",Aadhaar Card. Registration Card. Disease details by Vikas khand Adhikari / Surgeon / Chief medical officer/ Heath Officer. A approximate expenses details by related Medical officer.,State,Health & Wellness,,"Medical Treatment, Financial Assistance, Serious Illness",,,,
Asangathit Karmakar Prasuti Sahayata Yojana,akpsy,"Labor Department of Chhattisgarh State started this scheme ""Asangathit Karmakar Prasuti Sahayata Yojana"" for unorganized worker on 10 April 2018. The main objective of the scheme to empower unorganized worker by providing financial help for the delivery assistance.","Financial Assistance of ₹ 20,000/-","Applicant must be registered unorganized worker. Applicant can be male or female. Applicant will be not eligible if he/she is contract workers, female domestic workers, porters and sanitation workers.","Unregistered Applicant : All the applicant have to visit the official website Chhattisgarh Labour Department. On the home page click on "" Apply "" under ""Chhattisgarh Unorganized Workers State Social Security Board"". Enter the following details Select Group Name : ""Asangathit Marmakaar Mandal"" Select Service : ""Asangathit Shramik Panjikaran"" What do you want to do :  ""Aavedan"" Click next. Check the eligibility criteria for registration in Chhattisgarh Unorganized Workers State Social Security Board and click next. Fill out the online ""Registration form"". Submit. ﻿ Already Registered Applicant : All the applicant have to visit the official website Chhattisgarh Labour Department. On the home page click on "" Apply "" under ""Chhattisgarh Unorganized Workers State Social Security Board"". Enter the following details Select Group Name : ""Asangathit Marmakaar Mandal"" Select Service : ""Yojana"" What do you want to do :  ""Aavedan"" Click next. Select your district name and provide old/new registration number and click next. Select the scheme name. Fill out the online with required details. Submit.","Birth certificate of the child. A scanned copy of the registration certificate. Mobile Number. Aadhaar Card. Bank passbook photo copy. It is mandatory to have authorized verification of pregnancy of the female worker by a doctor, ANM or Mitanin.",State,Health & Wellness,,"Financial Assistance, Delivery Assistance, Empowerment",,,,
Assam Arogya Nidhi Scheme,aan,"The scheme “Assam Arogya Nidhi (AAN)” was launched by the Health & Family Welfare Department, Govt. of Assam to provide financial assistance to BPL families and families having an annual income of less than ₹5.00 Lakhs. The financial assistance is provided for general and specialized treatment of (i) life-threatening diseases, and (ii) of injuries caused by natural and manmade disasters, such as industrial/ farm/ road/ rail accidents, bomb blasts, etc. Life-threatening diseases include Heart Diseases and Heart Surgery, Cancer, Kidney and Urinary diseases, Orthopedic, Thallassemia, Bone marrow Transplant, AIDS, and chronic Mental Illness with Surgical Treatment. Beneficiaries are selected by a Selection Committee that has been notified by the Government of Assam. Under the AAN, the Government of India contributes 50% of the funds sanctioned by the State Government. Grant of Assistance: 1.	The Chief Minister of Assam may grant permission directly for the maximum benefits available under AAN. 2.	The Chairperson of the Committee can clear the grant of financial assistance under AAN against eligible cases up to ₹2.00 Lakh. 3.	For grant of assistance above ₹2.00 Lakh up to ₹3.00 Lakh, the State Level committee will decide the eligible cases. Mode of disbursement: Financial assistance will be disbursed to the beneficiary concerned or reimbursed to the hospital concerned through bank account transfer only. The advance payment shall only be to the hospital subject to a maximum of ₹3.00 lakh.","Under this scheme, financial assistance up to a maximum benefit of ₹3.00 Lakh will be provided. Under this scheme, any serious disease is to be covered which requires surgery/implants/procedures like Bone Marrow Transplant (BMT) or any other critical disease including serious accident cases. All financial assistance will be admissible for treatment in all Government hospitals including Medical Colleges/ Tertiary Health Care facilities, all reputed private hospitals registered under the Clinical Establishment Act and empanelled hospitals of Government of Assam, AAA (Atal Amrit Abhiyan) and PMJAY (Pradhan Mantri Jan Aarogya Yojana). ﻿",All Indian citizens who are ordinarily resident of the State of Assam will be eligible under the scheme. The family income of the applicant should be less than ₹5.00 lakhs per annum. There will be no age limit for coverage under the scheme. No Govt. employee or Govt. pensioners and their family members will be eligible under the scheme. Treatment should be undertaken in any govt. hospital including Govt. Medical Colleges and all reputed Pvt. Hospitals registered under Clinical Establishment Act. anywhere in the state or in the country. ﻿,"Step 01: The applicant should visit the official website and download the application form from the website of National Health Assam: https://nhm.assam.gov.in/schemes/assam-arogya-nidhi ﻿ Step 02: Application in the prescribed format, complete in all respects will be submitted to NHM, Assam, or to the Joint Director of Health Services of the District who will forward the same to NHM, Assam for necessary consideration. Step 03: An Expert Committee comprising specialist doctors of Guwahati Medical College verifies the applications and recommends the eligible cases. Step 04: As per the committee’s recommendations financial assistance is provided to eligible beneficiaries preferably through Direct Bank Transfer. ﻿ Note 01: A person having PMJAY or AAA card will avail of the cashless treatment benefit against admissible diseases under the said schemes first before making any application for consideration under AAN. Note 02: A person not having PMJAY/ AAA Card or if the disease is not covered under PMJAY/AAA, can submit their application directly. Note 03: AAN assistance is for exceptional cases and not general.","Photograph of the patient (Attested by Doctor) Attested photocopy of Income Certificate by Revenue Circle Officer. Attested photocopy of Identify & Address Proof (Voter ID, ADHAAR CARD, Driving license). Original bills, vouchers, receipts, etc. Copy of the medical documents of treatment to be certified by treating Doctor/Hospital Discharge Summary/Prescription (Attested) Attested Photocopy copy of the first page of the Bank Pass Book. Attested Photocopy of Pradhan Mantri Jana Arogyua Yojana (PMJAY)/Atal Amrit Abhiyan (AAA) Card. ﻿",State,"Health & Wellness, Social welfare & Empowerment",,"Hospital, Treatment, Accidental Case, Diseases, Financial Assistance",,,,
Assistance For Delivery / Miscarriage Of Pregnancy / Termination Of Pregnancy To Female Differently Abled Person,admptpfdap,"The Government of Tamil Nadu introduced ""Assistance for Delivery/ Miscarriage of Pregnancy/ Termination of Pregnancy to Female Differently Abled Person with a sum of ₹6,000/- @ ₹1,000/- per month for delivery and ₹3,000/- for miscarriage/termination of pregnancy is given to female differently abled person.","A sum of Rs.6,000/- @ Rs.1,000/- per month for delivery and Rs.3,000 for miscarriage/termination of pregnancy is given to a female differently abled person.",Differently abled person holding identity card issued by the welfare board for the differently abled.,"Step 1: Visit the official website of the Chennai district . Step 2: Click on the Departments. Select Differently Abled Welfare, after selecting click on Differently Abled Welfare Schemes. Step 3: You will land on the List of Scheme page of Differently Abled Welfare Schemes. Step 4: Scroll down to the section ""L. Tamilnadu differently abled welfare board schemes"". Step 5: Download the application form of the ""S.No. 6 Assistance for delivery/miscarriage of pregnancy/termination of pregnancy to female differently abled person"". ﻿ Address to apply.- Secretary, Tamil Nadu Professional Welfare Board, PO Box No. 718, T.M.S. Campus, Thenampet, Chennai-600 006.",Evidence to be attached ﻿ Copy of National Spouse Identity Card and Board Registration Details Copy of Family Card Copy of Aadhaar Card For jump i) Child birth certificate copy ii) Hospital certificate copy Certificate from the hospital where the operation was performed for abortion ﻿ ﻿,State,"Health & Wellness, Women and Child",,"Female, Delivery, Miscarriage, Pregnancy, Differently Abled Person",,,,
Assistance For Major Ailments (Karmika Chikitsa Bhagya) (K.B.O.C.W.W.B),amakcbkassistance-for-major-ailments-karmika-chikitsa-bhagya-kbocwwb,"The ""Assistance For Major Ailments'' by the BOCW Welfare Board, Department of Labour, Karnataka, is a welfare scheme for the registered workers of the board. Under this Scheme, the Board provides financial assistance to registered construction workers and their dependents for medical expenses related to specified major ailments. The scheme ensures that eligible workers receive necessary medical treatment without facing financial hardship. ﻿","Financial Assistance: ₹2,00,000/- for major ailment treatments.",For Registration as a Building/ Construction Worker: The applicant should be a Building/ Construction Worker (Unorganised Worker). The applicant should be a minimum of 18 years of age. The applicant should have engaged in building and construction work for at least 90 days in a given year. For the Application of the Welfare Scheme: The beneficiary should be a registered construction worker Under the Building and Other Construction Workers Welfare Board of Karnataka or his/her dependents. The worker or their dependents must suffer from a major ailment specified in the scheme.,"Registration Process as a Building/ Construction Worker: Step 1: Visit the official Website of Karnataka Building & Other Construction Workers Welfare Board (KBOCWWB) and click on “Register”. Step 2: Select “Register as New Construction Worker” then enter your mobile number as per the Aadhaar Registered and verify with the received OTP. Step 3: From the dashboard, click on “Registration”. Step 4: Fill in all the mandatory details and upload the required documents. Click on “Final Submit” to complete the registration process. Application Process of the Welfare Scheme: Step 1: Visit the official Website of Karnataka Building & Other Construction Workers Welfare Board (KBOCWWB) and click on “Login”. Step 2: Enter your registered mobile number and the received OTP. Step 3: From the dashboard, click on “Schemes” (After the user Registration is approved, the user can access the schemes page). Step 4: Select the concerned scheme. Fill in all the mandatory details and upload the required documents. Step 5: Review the details and check the declaration box. Now click on “Submit” to complete the application process. Renewal Process: Step 1: Visit the official Website of Karnataka Building & Other Construction Workers Welfare Board (KBOCWWB) and click on “Login”. Step 2: Enter your registered mobile number and the received OTP. Step 3: From the dashboard, click on “Renewal”. Fill in mandatory details and upload the required documents. Step 4: Review the details and click on “Submit” to complete the renewal process. Note: Renewal: Every construction worker must renew their registration with the Karnataka Building and Other Construction Workers Welfare Board every 3 years. If not renewed within this period, a 1-year grace period is granted. After that, the registration becomes invalid. Timeline: Application can be submitted within 6 months of hospitalisation commencement date. ﻿ List of private hospitals recognised by the Government for medical reimbursement. Helpdesk: Karnataka Building And Other Construction Workers Welfare Board, Address: Karmika Bhavan, Dairy Circle, Bannerghatta Road, Bangalore-29. Office No: 080-29753078 E-mail: labour.commissioner42@gmail.com ﻿ List of District Office. ﻿ ﻿ List of Taluk Offices. ﻿",For Registration as a Building/ Construction Worker: Employment Certificate/90 Days Work Certificate ( Form V(A) / V(B) / V(C) / V(D) ). Aadhar Card (Self-Attested). Ration Card(non-mandatory). Age Proof (Voter ID Card/Aadhar Card). For the Application of the Welfare Scheme: Proof of Identity/Smart card issued by the Board. Employment Certificate. Proof of Bank Account. Bills of the hospital showing Admission and Discharge Dates and all treatment given. Any medical documents on hospitalization of beneficiary/dependent in government/private hospitals. Form XXII-A. For the Renewal Process: Employment Certificate/90 Days Work Certificate ( Form V(A) / V(B) / V(C) / V(D) ).,State,Health & Wellness,,"Labour, Building Worker, Construction Worker, Ailments, Medical Assistance",,,,Karnataka
Assistance For Purchase of Aids/Appliances,afpoaa,"The ""Assistance for Purchase of Aids/Appliances"" scheme under the Social Welfare, Women & Child Development Chandigarh financial assistance is being provided to physically handicapped persons for the purchase of aids/appliances to increase their mobility in their day-to-day working. The applicant should be a resident of UT, Chandigarh to avail of benefits under the scheme. By providing support for their purchase, the scheme empowers individuals to perform tasks and activities independently, thereby enhancing their self-esteem and overall well-being.","100% cost on purchase of artificial limbs/ aids/ appliances subject to a maximum of ₹40,000/-","Annual income of the applicant from all sources should not exceed  ₹1,50,000/- per annum. Applicant must be resident of UT, Chandigarh for more than 3 years. Applicant's Disability should be to the extent of 40% and above.","Registration Step-1: Applicant have to visit the "" ServicesPlus"" website. Step-2: Click on ""Register"" on the homepage. Step-3: Fill out the registration form with your - Full Name - Email id - Mobile number - Password - Select State - Enter Captcha Step-4: Review the details to ensure accuracy, and then submit registration. Step-5: After successful registration, you may receive a confirmation message on the website or via email, confirming that your registration was successful. ﻿ Apply Step-1: Applicant have to visit the "" ServicesPlus"" website and login Step-2: Apply for Services. Step-3: Select the services/Scheme name. Step-4: Provide the required details in the application form. Step-5: Submit. ﻿","Required Documents:- (Self-Attested Photocopy) ﻿ Two passport-size photographs. Residence Proof for the last three years duly attested (Voter Identity Card, Ration Card, Electricity Bill) Copy of Disability Certificate/Identity Card with 40% Disability. Affidavit regarding income as per specimen enclosed with the application form. Recommendations of Medical Authorities (General Hospital, PGIMER, GMCH, or any Govt. Dispensary) regarding aid/ appliance required by the applicant. Driving license in case apply for a vehicle with gear.",State,"Women and Child, Health & Wellness, Social welfare & Empowerment",,"Disability, Aids Appliances, Financial Assistance, Handicapped",150000.0,,,
Assistance Scheme for Occupational Diseases (GBOCWWB),asodgbocwwb,"The “Assistance Scheme for Occupational Diseases” is implemented by the Gujarat Building and Other Construction Worker’s Welfare Board (GBOCWWB), Labour, Skill Development & Employment Department, Government of Gujarat. Under the scheme, financial assistance is given to registered construction workers for 15 types of occupational diseases and 23 types of serious injuries.","Free medical treatment and monthly assistance of ₹1500/- shall be provided to the registered construction worker under normal circumstances in case of less than 90% disability. Free medical treatment and monthly assistance of ₹3000/- shall be provided to the registered construction worker in case of 90 to 100% disability. The above assistance shall be provided up to a maximum limit of ₹3,00,000/-. Financial assistance is provided to the registered construction workers for 15 types of occupational diseases and 23 types of serious injuries. Terms and Conditions: Labourers falling under the category of construction workers as determined by the State Government from time to time, who should be registered with the Board as construction workers, shall be treated free of cost in a hospital approved by the State Government.",The construction workers registered with the Gujarat Building and Other Construction Worker’s Welfare Board will be eligible to get the benefit of this scheme. The registered worker who has any type of disability due to an occupational disease or any serious injuries can avail of the benefits under this scheme.,"Application Process for ‘E-Nirman Card’ under the GBOCWWB: Step 01: The applicant may visit the e-Nirman Portal: https://enirmanbocw.gujarat.gov.in/ ﻿ Step 02: On the home page, under the tab ‘Login to Portal’, click on ‘ Please Register Here ’. Step 03: Enter all the mandatory information and then click on ‘Register’. Step 04: After successful registration, the applicants can login through their User ID and Password. Step 05: Now, update your profile by entering all the necessary details as required and click on ‘Update’. Step 06: Select the ‘Construction Works Form’ and fill out all the mandatory information in the form. Step 07: Upload all the relevant documents, agree with the terms & conditions, and submit the form. Step 08: Once the application has been submitted, an application Number is generated which can be kept for future reference. Process to track Application Status: Step 01: The applicant may visit the e-Nirman Portal: https://enirmanbocw.gujarat.gov.in/ ﻿ Step 02: On the home page, click on ‘View Citizen Application Status’. Step 03: Enter the Application Number and Date of Birth. Step 04: Now click on ‘View Status’. Application Process for Scheme Benefit: Step 01: The applicant may visit the Sanman Portal: https://sanman.gujarat.gov.in/ ﻿ Step 02: On the home page, under the tab ‘Citizen Login’, click on ‘ Please Register Here ’. Step 03: Enter your Aadhaar Card Number, select user type, and then enter E-Nirman Card Number. Step 04: Now, click on ‘Fetch’ & submit the details. Step 05: After successful registration, the applicants can login through their User ID and Password. Step 06: Now, select the scheme and read the instructions carefully for the selected scheme. Step 07: Fill out the application form and upload all the relevant documents. Step 08: Agree with the Rules & Regulations and submit the application form. A confirmation email with the application Number will be sent to the registered email ID.","Documents required for ‘E-Nirman Card’ under the GBOCWWB: Photograph of the worker Aadhaar Card Ration Card Caste Category certificate, if applicable Proof of age (Birth certificate/Driving Licence/PAN Card/Voter ID Card) ﻿ Self-declaration certificate Employer Certificate Bank Passbook/cancelled Cheque Any other documents as required Documents required for Scheme Benefit: e-Nirman Card of the worker Passport-size photograph Hospital discharge certificate Copy of bank account passbook Copy of ration card ﻿ Life Certificate (at the end of six months) ﻿ Certificate with a percentage of disability with the signature of the certifying surgeon Any other documents as required",State,"Social welfare & Empowerment, Health & Wellness",,"Occupational Diseases, Injuries, Construction Worker, Building Worker, Labour, Financial Assistance, Free Medical Treatment",,,,
Aswasakiranam,ak,"Detailed Kerala is a state well known for its efficient and effective health care system. Despite these advancements, much headway could not be made in-home care. Most of the lowest income group always opt for homely treatment as they cannot afford the charges levied by the well-known hospitals. They are bedridden causing a heavy social burden on their family members who are forced to stay back at home to look after these bedridden patients. While the upper-income group can possibly afford to engage paid caregivers or home nurses for looking after such bedridden family members, the lower-income group usually take it upon themselves to care for their bedridden brethren. These family members in fact function as informal caregivers, without due recognition or economic gain. ﻿ Coverage Of Diseases ●	All bed-ridden patients who need a full-time caregiver. ●	Mentally challenged (Autism, Cerebral Palsy, Mental retardation, Mental illness). ●	100 % blind, bed-ridden cancer patients, old-aged bed-ridden. ●	Brittle bone disease.",Benefits Through this scheme financial assistance of Rs 600 per month is provided to those caregivers who look after their physically and mentally bedridden patients. All those citizens who have been providing caregiving services to the patients since 2nd August 2010 will be provided monthly assistance. This financial assistance will be apart from the pension given to the patients. Now the caregivers will not be required to depend on anyone for financial support because the government is going to provide them with monthly assistance which will help them in fulfilling their day-to-day needs.,"Eligibility One who is totally bedridden and at home with a debilitating disability (physical, functional or mental). One can not take care of himself/herself for any day-to-day activity without the support of another person. One who belongs to a family, Below Poverty Line as per the BPL list and as per the ration card.","Application Process First of all, go to the nearest Anganwadi or ICDS office Take the Application form from here . Now you have to fill out this application form by entering all the required details. After that, you have to upload all the required documents Now you have to submit this form to the nearest Anganwadi Centre or ICDS office.",List of the required documents Medical certificate attested by Govt./ Vayomithram / NRHM doctors. Attested copy of BPL ration card / BPL certificate issued by Panchayat or Municipality or Corporation / Income certificate issued by village officer as proof for patient income. Attested copy of Aadhar card/confirmation slip received.,State,Health & Wellness,,"Mentally Disabled, Financial Assistance, Physically Disabled, Money Assistance",,,,
Atal Sneh Yojana,asyg,"Detailed Atal Sneh Yojana in Gujarat is the scheme that has launched on the 25th of December 2016 on the occasion of former Prime Minister Atal Bihari Vajpayee’s ninety-second birthday. The scheme is launched by the Chief Minister of Gujarat, Mr. Vijay Rupani. The scheme will look forward to a healthy child after their birth. It was decided at the Gandhinagar Civil Hospital and it will look upon the children up to two months after their birth. After focusing on the health of the children and covering some major diseases the government has now shifted its focus to core issues. Basically, the Atal Sneh Yojana will replace the decades-old Annual School Program which was being carried out by the health and education departments. For this new scheme, newborn children will be screened specifically to look for health defects and improve them. This is being launched wide across Gujarat. Under this scheme, the newborn kids will be screened and given treatment immediately if there is any illness found. It will be carried out for two long months. Objectives Through this scheme, children can be provided with better health. Better health will lead to avoiding malnutrition, disorders, and diseases. Around seven percent of newly born babies every year are suffering from certain disorders and that has created a serious issue in the international platform. So by preventing such trouble, the country can be in a better position in international health conferences. With such schemes, the government is also looking for a stronger young generation and this young generation would lead to having a stronger nation. some of the dire diseases kids suffer from The children suffer from some very grave diseases such as complicated birth defects such as Down’s syndrome, congenital deafness, club foot, neural tube defect, etc. These are not all. There are some diseases, which are there present in the dormant state within the genes. By checking the kids at their tender age, the doctors will be able to better treat them. The Chief Minister of the state launched that all of the diseases that are detected at the maternity homes by the government will be taken care of by the government. ﻿ ﻿","Benefit In this scenario, the newborn children will be referred to a doctor. If the case is not very serious, then they will be referred to a local facility for treatment. Children who are ill or born with some genetic diseases will receive proper treatment from experts. They will also receive follow-ups after their treatment from family health workers. The newborn babies will get a thorough health checkup from these health workers and the Rashtriya Bal Swasthya Karyakram (RBSK). This will be done at both private and government hospitals. If there are noninstitutionalized deliveries that have taken place, then the social health care activists and the RBSK members will arrange a proper screening for the child in their center. The Minister of State for Health in Gujarat has also announced that there will be a special cochlear implant surgery provided to kids that are being born with hearing and speech impairment.",Eligibility All Newborn children are eligible. Age should be up to two months after their birth.,"Application Process Visit the nearest Anganwadi Centre or District Child Protection Officer office and obtain the application form. Fill out the application form with all the required details and attach the necessary documents such as birth certificate, income certificate, and Aadhar card. Submit the application form along with the documents to the Anganwadi Centre or District Child Protection Officer's office. The application will be verified by the officials and the eligible applicants will be selected for the scheme. The selected applicants will be provided with the benefits under the scheme.",List of the required documents Birth Certificate. Parents/Guardian Aadhar card Other relevant documents related to health issues.,State,Health & Wellness,,"Atal Sneh, Newborn Child, Health, Gujarat",,,,
Ayushman Bharat - Pradhan Mantri Jan Arogya Yojana,ab-pmjay,"Ayushman Bharat, a flagship scheme of the Government of India, was launched as recommended by the National Health Policy 2017, to achieve the vision of Universal Health Coverage (UHC). This initiative has been designed to meet Sustainable Development Goals (SDGs) and its underlining commitment, which is to ""leave no one behind."" ﻿ Ayushman Bharat is an attempt to move from a sectoral and segmented approach to health service delivery to a comprehensive need-based health care service. This scheme aims to undertake path-breaking interventions to holistically address the healthcare system (covering prevention, promotion, and ambulatory care) at the primary, secondary, and tertiary levels. Ayushman Bharat adopts a continuum of care approach, comprising two inter-related components, which are - ﻿ 1.  Health and Wellness Centres (HWCs) 2.  Pradhan Mantri Jan Arogya Yojana (PM-JAY) ﻿ Ayushman Bharat - Pradhan Mantri Jan Arogya Yojana (AB PM-JAY) was launched on 23rd September 2018 in Ranchi, Jharkhand by the Hon’ble Prime Minister of India, Shri Narendra Modi. ﻿ AB PM-JAY is the largest health assurance scheme in the world which aims at providing a health cover of ₹ 5,00,000 per family per year for secondary and tertiary care hospitalization to over 10.74 crores poor and vulnerable families (approximately 50 crore beneficiaries) that form bottom 40% of the Indian population. The households included is based on the deprivation and occupational criteria of the Socio-Economic Caste Census 2011 (SECC 2011) for rural and urban areas respectively. PM-JAY is fully funded by the Government and the cost of implementation is shared between the Central and State Governments.","AB PM-JAY provides cashless cover of up to ₹ 5,00,000/- to each eligible family per annum for listed secondary and tertiary care conditions. The cover under the scheme includes all expenses incurred on the following components of the treatment: ﻿ Medical examination, treatment, and consultation Pre-hospitalization Medicine and medical consumables Non-intensive and intensive care services Diagnostic and laboratory investigations Medical implantation services (where necessary) Accommodation benefits Food services Complications arising during treatment Post-hospitalization follow-up care up to 15 days ﻿ The benefits of ₹ 5,00,000/- are on a family floater basis which means that it can be used by one or all members of the family. Under AB PM-JAY, there is no cap on family size or the age of members. In addition, pre-existing diseases are covered from the very first day. Any eligible person suffering from any medical condition before being covered by PM-JAY will now be able to get treatment for all those medical conditions as well under this scheme right from the day they are enrolled.","Rural Beneficiaries Out of the total seven deprivation criteria for rural areas, PM-JAY covered all such families who fall into at least one of the following six deprivation criteria and automatic inclusion(Destitute/ living on alms, manual scavenger households, primitive tribal group, legally released bonded labour) criteria: ﻿ Only one room with kucha walls and kucha roof No adult member between ages 16 to 59 Households with no adult male member between ages 16 to 59 Disabled member and no able-bodied adult member SC/ST households Landless households deriving a major part of their income from manual casual labour ﻿ Urban Beneficiaries For urban areas, the following 11 occupational categories of workers are eligible for the scheme: ﻿ Ragpicker Beggar Domestic worker Street vendor/ Cobbler/hawker / other service provider working on streets Construction worker/ Plumber/ Mason/ Labour/ Painter/ Welder/ Security guard/ Coolie and other head-load worker Sweeper/ Sanitation worker/ Mali Home-based worker/ Artisan/ Handicrafts worker/ Tailor Transport worker/ Driver/ Conductor/ Helper to drivers and conductors/ Cart puller/ Rickshaw puller Shop worker/ Assistant/ Peon in small establishment/ Helper/Delivery assistant / Attendant/ Waiter Electrician/ Mechanic/ Assembler/ Repair worker Washer-man/ Chowkidar","The Arogya Mitra searches the available list of beneficiaries using details such as name, location, ration card number, mobile number, or the RSBY URN of the beneficiary. After this, the beneficiary is searched for in the BIS. The individual is identified and the scanned valid ID documents are then uploaded. ﻿ To get a PMJAY e-card for themselves and their family, a potential beneficiary needs to visit either a hospital or a Community Service Centre (CSC) for identification and follow the steps mentioned below: ﻿ Step 1: Potential AB-PMJAY beneficiaries are to submit the PM letter/ RSBY URN/ RC Number/ Mobile Number - The operator (commonly known as the Arogya Mitra) searches the available list of beneficiaries. The operator does this by entering details such as name, location, Ration Card number, mobile number, or even RSBY URN of the beneficiary. ﻿ Step 2: Search in the BIS Application - The operator searches for the potential beneficiary in the entitled SECC, RSBY, State Health Scheme, Additional Data Collection Drive databases. ﻿ Step 3: Individual Identification - The identification process is carried out if the name is found in the list. For this, documents like Aadhaar or any government ID and a Ration Card or an alternative family ID are required to validate against the details available in the system. Scanned documents are then uploaded. ﻿ Step 4: Family Identification - The Arogya Mitra then identifies the family records through the ration card and the scanned documents are then uploaded. The Arogya Mitra then submits the individual and family records to the trust/insurance company for approval. ﻿ Step 5: Approval or Rejection - The Health insurance company or trust may then approve or recommend rejection for the submitted beneficiaries. The cases that are recommended for rejection will be finally verified for approval or rejection by the State Health Agency (SHA). ﻿ Step 6: E-card Issuance - On approval by SHA/insurance company/trust, an e-card will be issued to the beneficiary. ﻿ ﻿","1.	Age & Identity Proof (Aadhaar Card / PAN Card). 2.	Proof of Address. 3.	Contact details (Mobile, e-mail). 4.	Caste Certificate. 5.	Income Certificate. 6.	Document Proof of the Current Status of the Family (Joint or Nuclear). 7. Aadhaar Card. ﻿",Central,Health & Wellness,,"Health, Insurance",,,"SC, ST",
Bal Sakha Yojana,bsy,"The Bal Sakha Yojana is a community-based program that aims to provide support to children in need of care and protection. The scheme is implemented by the Department of Women and Child Development in collaboration with the NHM and the State Child Protection Society. A network of trained volunteers called ""Bal Sakhis"" are deployed in villages and urban areas to identify and report cases of child abuse, neglect, and exploitation. The Bal Sakhis also provide support to families in need of assistance to ensure the well-being of their children. The scheme also provides financial assistance to children in need of care and protection. The scheme is targeted towards vulnerable children in the age group of 0-18 years, especially those from socially and economically disadvantaged backgrounds. The Bal Sakha Yojana aims to ensure the overall development and well-being of children by providing them with necessary support and protection.","Under this scheme, expert care will be provided to newborn babies to ensure child health. The paediatrician attends all eligible newborns at the place of birth and has to ensure their survival by providing early neonatal care including immunizations at birth, nutrition advice.","All newborns up to 30 days old belonging to Below Poverty Line (BPL) families and Scheduled Caste categories, who do not pay income tax, will be eligible for benefits.",Women can contact primary social workers ASHA present in all village and urban area Anganwadi centres Women can contact to District Development officer or Chief District Health Officer if she faces any obstacles while availing the of benefits.,"Aadhaar card BPL card/Ration Card Scheduled caste certificate, if applicable Authorization by a locally recognized authority Application form is available from the hospital itself Income certificate Any other documents as required",State,"Health & Wellness, Utility & Sanitation",,"Bal Sakha, Child Protection, Child Health, Primary Healthcare Services, National Health Mission",,,Scheduled Caste,
Bihar Shatabdi Asangathit Karyakshetra Kamagaar Evan Shilpakar Samajik Suraksha Yojana: Accidental Death,bsakad,"The “Bihar Shatabdi Asangathit Karyakshetra Kamagaar Evan Shilpakar Samajik Suraksha Yojana” launched by the Labour Resources Department, Bihar, aims to provide social security through various types of financial assistance to workers and artisans in the unorganized sector.","Financial Assistance: ₹1,00,000/-.","The applicant must be a resident of Bihar state. The applicant must work as a worker or craftsman in the unorganized sector within Bihar. The applicant's age must be between 18 and 65 years. Note : Applicant's age will be calculated as of the 1st of July of any year. Accident: Accident means an accident caused by external violence, which is visible and includes: railway or road accident, electric shock, snake bite, drowning in water, burning in fire, falling from tree or building, attack by wild animals, terrorism and criminal attack etc. But death, injury or disability caused by voluntary injury, suicide or intoxication will not be included in it. ﻿","Step 1: Visit the concerned office of the District Officer or Committee. Step 2: Collect the application form; fill in and attach all the mandatory documents (attested, if required). Step 3: Submit the complete application to the concerned District Officer or Labour Welfare Committee at the address below. Office Address: Labour Resources Department, Government of Bihar Bihar State Labour Welfare Committee Niyojan Bhawan, Patna- 800 007 Tel: 062-2520 053 Email-edbslws2017@gmail.com","Prescribed Application Form-1. Residential certificate of the deceased. Certificate of dependents issued by the Zonal Officer. Death certificate issued by the competent authority. Copy of information given in the police station regarding the accident (if giving information in the police station is not required by law, then certificate given by the Mukhiya/Ward Councillor). Death certificate or investigation report or Panchnama. Proof of age of the deceased (Aadhar card, voter card, etc.).",State,"Social welfare & Empowerment, Health & Wellness",,"Social Security, Unorganised Worker, Craftsmen",,,,
Bihar Shatabdi Asangathit Karyakshetra Kamagaar Evan Shilpakar Samajik Suraksha Yojana: Accidental Injuries,bsakai,"The “Bihar Shatabdi Asangathit Karyakshetra Kamagaar Evan Shilpakar Samajik Suraksha Yojana” launched by the Labour Resources Department, Bihar, aims to provide social security through various types of financial assistance to workers and artisans in the unorganized sector. ﻿","Financial Assistance: ₹5,000/-.",The applicant must be a resident of Bihar state. The applicant must work as a worker or craftsman in the unorganized sector within Bihar. The applicant's age must be between 18 and 65 years. Note : Applicant's age will be calculated as of the 1 st of July of the year.,"Step 1: Visit the concerned office of the District Officer or Committee. Step 2: Collect the application form; fill in and attach all the mandatory documents (attested, if required). Step 3: Submit the complete application to the concerned District Officer or Labour Welfare Committee at the address below. Office Address: Labour Resources Department, Government of Bihar Bihar State Labour Welfare Committee Niyojan Bhawan, Patna- 800 007 Tel: 062-2520 053 Email-edbslws2017@gmail.com","Prescribed Application Form-5. Residential certificate. Certificate of hospitalization. Copy of information given to the police station about the accident or if information to the police station is not required under the law, then certificate of the Mukhiya/Ward Councilor in urban areas, as the case may be. Proof of age (Aadhaar card, voter card, etc.) Certificate issued by the Mukhiya/Ward Member/Member Panchayat Samiti or Ward Councilor (in case of urban areas), as Self attested photograph of the person showing his injury and hospitalization. Aadhaar Card Category (Caste Certificate of the applicant) Bank Account and IFSC (Photocopy of the first page of the passbook). ﻿",State,"Health & Wellness, Social welfare & Empowerment",,"Social Security, Unorganised Worker, Craftsmen, Accidental Injuries, Medical Assistance",,,,
Bihar Shatabdi Asangathit Karyakshetra Kamagaar Evan Shilpakar Samajik Suraksha Yojana: Medical Assistance for Incurable Diseases,bsakmaid,"The “Bihar Shatabdi Asangathit Karyakshetra Kamagaar Evan Shilpakar Samajik Suraksha Yojana” launched by the Labour Resources Department, Bihar, aims to provide social security through various types of financial assistance to workers and artisans in the unorganized sector. ﻿","Financial Assistance: ₹7,500/- to ₹30,000/- (for detailed view refer to Page no. 7 of the scheme Guidelines ) ﻿ ﻿",The applicant must be a resident of Bihar state. The applicant must work as a worker or craftsman in the unorganized sector within Bihar. The applicant's age must be between 18 and 65 years. Note : Applicant's age will be calculated as of the 1st of July of any year.,"Step 1: Visit the concerned office of the District Officer or Committee. Step 2: Collect the application form; fill in and attach all the mandatory documents (attested, if required). Step 3: Submit the complete application to the concerned District Officer or Labour Welfare Committee at the address below. Office Address: Labour Resources Department, Government of Bihar Bihar State Labour Welfare Committee Niyojan Bhawan, Patna- 800 007 Tel: 062-2520 053 Email-edbslws2017@gmail.com","Prescribed Application Form-6. Residential certificate. Certificate from the doctor or hospital providing treatment not related to the nature of illness of the applicant. Proof of age (Aadhar Card, Voter Card etc.). Certificate issued by the Mukhiya/Ward Member of Panchayat/Member Panchayat Samiti or concerned Ward Councillor in urban areas, as the case may be, specifying the nature of work in which the applicant is/was employed. One self attested photograph. Aadhaar Card. Category (Caste Certificate of the applicant). Bank Account & I.F.S.C. (Photocopy of the first page of the passbook).",State,"Health & Wellness, Social welfare & Empowerment",,"Social Security, Unorganised Worker, Craftsmen, Incurable Diseases, Medical Assistance",,,,
Bihar Shatabdi Asangathit Karyakshetra Kamagaar Evan Shilpakar Samajik Suraksha Yojana: Permanent Partial Disability,bsakppd,"The “Bihar Shatabdi Asangathit Karyakshetra Kamagaar Evan Shilpakar Samajik Suraksha Yojana” launched by the Labour Resources Department, Bihar, aims to provide social security through various types of financial assistance to workers and artisans in the unorganized sector.","Financial Assistance: ₹37,500/-.","The applicant must be a resident of Bihar state. The applicant must work as a worker or craftsman in the unorganized sector within Bihar. The applicant's age must be between 18 and 65 years. Note: Applicant's age will be calculated as of the 1st of July of any year. Permanent Partial Disability: Permanent partial disability means that one eye or one leg becomes useless due to an accident. Apart from this, one eye/ one leg becomes useless due to paralysis.","Step 1: Visit the concerned office of the District Officer or Committee. Step 2: Collect the application form; fill in and attach all the mandatory documents (attested, if required). Step 3: Submit the complete application to the concerned District Officer or Labour Welfare Committee at the address below. Office Address: Labour Resources Department, Government of Bihar Bihar State Labour Welfare Committee Niyojan Bhawan, Patna- 800 007 Tel: 062-2520 053 Email-edbslws2017@gmail.com","Prescribed Application Form-2. Residential certificate. Proof of age (Aadhar Card, Voter Card etc.). One photograph showing the disability status of the applicant. Copy of information given to the police station about the accident or if information to the police station is not required under the law, then certificate issued by the Mukhiya/Ward Councillor regarding the accident. Disability certificate issued by competent authority (certificate issued by Government orthopedic surgeon shall be required). Certificate issued by the Mukhiya/ Ward Member of Panchayat/ Member Panchayat Samiti/ Ward Councillor in case of urban area specifying the nature of work in which the applicant is or was engaged. Aadhar Card. Category (Caste Certificate of the applicant). Bank Account and IFSC (Photocopy of the first page of the passbook). ﻿",State,"Health & Wellness, Social welfare & Empowerment",,"Social Security, Unorganised Worker, Craftsmen, Permanent Partial Disability",,,,
Bihar Shatabdi Asangathit Karyakshetra Kamagaar Evan Shilpakar Samajik Suraksha Yojana: Total Permanent Disability,bsaktpd,"The “Bihar Shatabdi Asangathit Karyakshetra Kamagaar Evan Shilpakar Samajik Suraksha Yojana” launched by the Labour Resources Department, Bihar, aims to provide social security through various types of financial assistance to workers and artisans in the unorganized sector.","Financial Assistance: ₹75,000/-.","The applicant must be a resident of Bihar state. The applicant must work as a worker or craftsman in the unorganized sector within Bihar. The applicant's age must be between 18 and 65 years. Note : Applicant's age will be calculated as of the 1st of July of any year. Total Permanent Disability: Total permanent disability means that due to an accident, both the eyes or both hands or both legs of a worker or artisan become useless or one eye, one hand and one leg become useless. Apart from this, if both the eyes become useless due to paralysis or the brain stops working, then it will also be considered as permanent disability.","Step 1: Visit the concerned office of the District Officer or Committee. Step 2: Collect the application form; fill in and attach all the mandatory documents (attested, if required). Step 3: Submit the complete application to the concerned District Officer or Labour Welfare Committee at the address below. Office Address: Labour Resources Department, Government of Bihar Bihar State Labour Welfare Committee Niyojan Bhawan, Patna- 800 007 Tel: 062-2520 053 Email-edbslws2017@gmail.com","Prescribed Application Form-2. Residential certificate. Proof of age (Aadhar Card, Voter Card etc.). One photograph showing the disability status of the applicant. Copy of information given to the police station about the accident or if information to the police station is not required under the law, then certificate issued by the Mukhiya/Ward Councillor regarding the accident. Disability certificate issued by competent authority (certificate issued by Government orthopedic surgeon shall be required). Certificate issued by the Mukhiya/ Ward Member of Panchayat/ Member Panchayat Samiti/ Ward Councillor in case of urban area specifying the nature of work in which the applicant is or was engaged. Aadhar Card. Category (Caste Certificate of the applicant). Bank Account and IFSC (Photocopy of the first page of the passbook).",State,"Health & Wellness, Social welfare & Empowerment",,"Social Security, Unorganised Worker, Craftsmen",,,,
Biju Swasthya Kalyan Yojana,bsky-chcsgh,"Biju Swasthya Kalyan Yojana (BSKY) is a scheme under the Department of Health and Family Welfare, Government of Odisha aims to provide universal health coverage, with special emphasis on the health protection of vulnerable families and women. Its primary objective is to provide financial protection and improve access to healthcare services for the people of Odisha, particularly targeting economically disadvantaged families. To achieve its objectives, the BSKY has two components:- State Government will bear full cost of all health services delivered to all patients (irrespective of income, status or residence) in all State Government health care facilities starting from Sub center level to District Head Quarter and Government Medical College Hospital and Blood Bank level. State Government will bear the cost of healthcare provided in empaneled private hospitals for over 96.5 lakh economically vulnerable families in the State, amounting to Annual Health coverage of Rs. 5 lakh per family and additional Rs. 5lakh for the women members of the family after exhaust of initial limit. At all empaneled private hospitals families having BSKY Smart Health Card can avail cashless treatment at any empaneled private hospital under BSKY within or outside the State. Card holder families can avail facilities such as registration, consultation, medical tests, pathologies, treatment, IPD and follow-up consultation under BSKY at any empaneled private hospitals, for which State Government will bear the cost upto the annual coverage amount. The State Government will collect direct Feedback from beneficiaries and Hospitals in respect of this scheme. The citizens can share their feedback on 14545. Grievance Redressal Helpline Number is 155369 (6 AM to 10 PM) & 104 (24 x 7).","Families having BSKY Smart Health Card/ NFSA/ SFSS card can avail of cashless IPD and Day care treatment for the procedures for which the hospital is empaneled under BSKY within or outside the State up to the annual amount covered.  The scheme provides cashless health coverage of ₹5,00,000 per annum per family and an additional ₹5,00,000 for women members of the family after exhaustion of the initial limit at empaneled private hospitals within and outside Odisha. PACKAGES The updated package list under BSKY, as modified from time to time is available on the website www.bsky.odisha.gov.in. About 3% of the total packages are reserved for Government health institutions. About 10% of the packages are under the referral category, which can be availed only on referral by the appropriate authority. 1. Reserved Packages Treatment under these packages is only available in Govt. healthcare facilities. Treatment for minor ailments, and diseases under National Health Programs such as Management of superficial burns, minor injuries, Malaria, Typhoid fever, Gastroenteritis, Diarrhea, Dysentery, Tuberculosis, Urinary Tract Infection, Heat stroke, and surgeries for hydrocele, Abscess drainage, Lipoma and cyst excision and procedures like Dilatation and Curettage and MTP are reserved for Government facilities. 2. Referral Package The updated list of referral packages is available on the website www.bsky.odisha.gov.in. 3. Open Packages Any beneficiary can directly walk into any empaneled private hospital and avail of the treatment under this category of packages if he is found suitable for that package by the treating doctor of the empaneled hospital.",All BSKY Smart Health Card/ National Food Security Act (NFSA)/ State Food Security Scheme (SFSS) card holders are eligible. For the referral of the patient to the empaneled private hospital for treatment: The referral will be done if the particular package/ procedure cannot be provided by a Government facility in the district. Cases will be referred if there is a long waiting time to undertake the procedure at a Government facility in the district. Where there is an emergency case that requires immediate referral. Referral process under BSKY is decentralized up to the Sub-Divisional Hospital level. The following authorities have been designated to issue referrals to beneficiaries under BSKY. District Headquarter Hospital: CDM & PHO/ District Medical Officer-cum Superintendent & concerned Specialist. Sub-divisional Hospital: Superintendent & concerned Specialist. All Govt. Medical College & Hospitals: Superintendent & HoDs of concerned Department of the Medical College & Hospitals,"There is no direct enrolment process under Biju Swasthya Kalyan Yojana. All families covered under NFSA / SFSS within Odisha are eligible beneficiaries under this scheme. For BSKY Smart Health Cards BSKY Smart Health Cards are distributed by the Government to each family. The beneficiary can also collect her/his BSKY Smart Health Card at designated Mo Seva Kendra by producing her/his valid NFSA/ SFSS Card. Note: For latest development about this scheme, beneficiary may visit the official website at: https://bsky.odisha.gov.in/bsky/home ﻿","For Cashless IPD and Day Care Treatment BSKY Smart Health Card / National Food Security Act (NFSA) Card / State Food Security Scheme (SFSS) Card For getting ₹5,00,000 health coverage per annum per family and ₹10,00,000 health coverage per annum for women members of the family Biju Krushak Kalyan Yojana (BKKY) Card, or Below Poverty Line (BPL) Card, or Antyodaya Anna Yojana (AAY) Card NOTE: For low-income families who do not have these cards, a valid income certificate (annual income below ₹ 50,000/- in rural areas and below ₹ 60,000/- in urban areas) will be required to be produced at the Empaneled Hospital.",State,Health & Wellness,,"Healthcare, Smart Health Card, Financial Protection",,,,
Cancer Suraksha Scheme,css,"The Government of Kerala launched the “Cancer Suraksha Scheme” on 1st November 2008 for children below the age of 18 who suffer from cancer and belong to such families which are too poor to afford treatment. This scheme was launched under Kerala Social Security Mission. Those patients found eligible would be registered under the scheme and a Patient Card would be issued. Registered patients would be provided treatment free of cost at the designated hospitals. On further verification, if it is found that any registered patient is ineligible for assistance, the assistance would be stopped forthwith. Cancer, the killer disease, was once considered incurable. However, advances in medical science have helped conquer the disease to a very large extent. It is scientifically proven that pediatric cases of cancer are largely curable if treated early. Recognizing the urgent need to extend financial support to cancer victims from families, who are too poor to afford treatment, the Government of Kerala launched this scheme. To provide cashless transactions funds have already been deposited with the superintendents of the hospitals. The patients who are eligible for assistance would receive the benefit from these hospitals directly without approaching the Mission. Hospitals Covered under the Scheme: Regional Cancer Centre, Thiruvananthapuram Government Medical College Thiruvananthapuram Sree AvitamThirunal (SAT) Hospital, Thiruvananthapuram Government Medical College Alapuzha Government Medical College Kottayam Government Medical College Thrissur Government Medical College Kozhikode Co-operative Medical College Pariyaram, Kannur Malabar Cancer Centre, Thalassery, Kannur Government General Hospital, Ernakulam Institute of Maternal and Child Health, Kozhikode Govt. Medical College Hospital, Ernakulam","Under this scheme, children under 18 years would be given free treatment for cancer through designated Government hospitals in the state. The entire cost of treatment, including the cost of investigations, would be borne by the hospitals through the funds provided by the Mission. The ceiling of expenditure per child would be initially ₹50,000/-. Note: The hospital can incur additional expenditure, based on the report of the committee comprising the Oncologist/treating doctor, the Head of the Radiology Department, and the Superintendent, subject to ratification by the Mission.",The applicant should be a resident of Kerala State and scheme is applicable only to patients from Kerala. Cancer patients up to the age of 18 years in the Below Poverty Line (BPL) groups are eligible to be included in this scheme. Cancer patients should belong to families which are too poor to afford treatment. To be included in this scheme a confirmed diagnosis of cancer is a must. Those patients who are yet to complete 18 years of age and need treatment are eligible for the benefit for one more year.,"To avail of the benefits of the scheme, the applicant may contact the following authorities: 1.	Scheme counselor who is appointed at selected hospitals/covered hospitals under this scheme. 2.	Concerned District Social Justice Officer.",1.	Copy of Aadhaar/ Proof of Identity of patient 2.	Proof of age of the patient 3.	Copy of BPL card 4.	Copy of Ration card 5.	Residence certificate 6.	Passport-size photograph 7.	Proof/report confirming the diagnosis of cancer 8.	Registered Patient Card under the scheme,State,Health & Wellness,,"Cancer, Patients, Free Treatment, BPL, Hospital",,,,Kerala
Chief Minister Arogya Arunachal Yojana,cmaay,"Launched on 15th August 2018, ""Chief Minister Arogya Arunachal Yojana"" is a flagship program of the Department of Health and Family Welfare, Government of Arunachal Pradesh. The scheme aims to accord quality and cashless healthcare services to the indigenous people of the state and government employees and reduce out-of-pocket (OOP) expenses during major illness and hospitalization, thereby envisaging universal healthcare for all sections of society. Objectives To reduce the financial hardship on people in the state due to disease and hospitalization. To equitably ensure assured access to quality health care for all bonafide citizens of the state. To provide quality health care benefits for state government employees and their dependents. To make the public health system efficient, effective, and self-reliant by receipt of claim refunds into the individual government hospital accounts. To fulfill the secondary and tertiary health care gap in the state.","1. Coverage of up to ₹5,00,000 per family per year. 2. Cashless treatments during hospitalization. 3. Pre-existing diseases are inclusively covered. 4. The scheme encompasses expenses for pre-hospitalization for up to 3 days. 5. Post-hospitalization expenses for up to 10 days are covered. 6. Hospitalization expenses include: Registration Charges, Bed Charges (General Ward), Nursing and Boarding Charges, Surgeons, Anaesthetists, Medical Practitioners, Consultants Fees, etc.. Anaesthesia, Blood Transfusion, Oxygen, Operating Theatre (OT) Charges, Cost of Surgical Appliances, etc., Medicines and Drugs, Cost of Prosthetic Devices, Implants, etc., Pathology and Radiology Tests: Radiology to Include but Not Be Limited to X-ray, Magnetic Resonance Imaging (MRI), Computed Tomography (CT) Scan, etc., Diagnosis and Tests, etc., Food for the Patient. 7. Pre and Post-hospitalization expenses encompass costs incurred for consultation, diagnostic tests, and medicines before the patient's admission to the hospital. Additionally, it covers the cost of diagnostic tests and medicines up to 10 days post-discharge for the same ailment/surgery. 8. All other expenses related to the patient's treatment within the hospital are also covered. NOTE: In the case the applicant has employment with the state government, the insurance program’s benefits are also available to their dependents.","The applicant should belong to one of the tribal communities that are recognized by the state of Arunachal Pradesh. The applicant should be legally residing in the Changlang, Lohit, or Namsai Districts of Arunachal Pradesh. The applicant should be a member of one of the backward communities. The people who are enrolled in the Arunachal Pradesh Scheduled Tribe (APST) are directly eligible. In the case the applicant has employment with the state government, the insurance program’s benefits are also available to their dependents.","Step 1: Visit the Official Portal of CMAAY. Step 2: Scroll down to the bottom of the homepage. In the ""Enrollment"" section, click ' Apply Online '. Step 3: In the enrollment form , fill in all the mandatory fields, upload all the mandatory documents, and click ""Submit"". Step 4: Upon successful enrollment, the beneficiary can download the e-Card. ﻿ Check Application Status Step 1: Visit the "" Check Status "" page of CMAAY. Step 2: Enter your District and your URN / Aadhaar Number. Click ""Search"".",Aadhaar Card. Birth Certificate in case of children under 5 years. Ration Card. For APST (Arunachal Pradesh Scheduled Tribe) - An APST Certificate is mandatory. For Non-APST - A Resident Certificate is mandatory. For Government Employees - A Government ID Card is mandatory. Permanent Land Holding Documents. Approved Enrollment Form.,State,Health & Wellness,,"Health, Medical, Hospital, Surgery, Patient",,,"Scheduled Tribe, ST",
Chief Minister's Comprehensive Health Insurance Scheme,cmchis,"The Chief Minister Comprehensive Health Insurance Scheme, formerly known as Kalaingar Kaappittu Thittam, was launched on 23rd July 2009, with the objective of providing quality healthcare to eligible individuals through empanelled government and private hospitals, thereby reducing financial hardship for enrolled families and moving towards universal health coverage by effectively linking with the public health system. ﻿ From January 2022 to 2027, the scheme is being implemented through United India Insurance Company. As of January 2022, the scheme covers around 1.37 crore families. A total of 1090 procedures, 8 follow-up procedures, and 52 diagnostic procedures are covered under CMCHIS in 800 government and 900 private empanelled hospitals. ﻿ The scheme aims to provide cashless hospitalization for specific ailments/procedures and provides coverage up to Rs. 5,00,000/- per family, per year on a floater basis for the ailments and procedures covered under the scheme. The CMCHIS is a significant step towards ensuring that vulnerable sections of society receive adequate healthcare without suffering financial distress, while simultaneously promoting access to quality medical care.","Extensive Coverage for Medical Emergencies: The Chief Minister Comprehensive Health Insurance Scheme is designed to provide financial support to families who are not financially equipped to handle medical emergencies due to the high costs of healthcare treatments in India. The scheme offers access to high-end medical treatments without the worry of incurring a significant financial burdens. Large Network of Hospitals: One of the significant advantages of the Chief Minister Comprehensive Health Insurance Scheme is that it has a vast network of hospitals that are empanelled to provide medical treatment. This ensures that beneficiaries can access medical facilities quickly, even in remote areas. Comprehensive Coverage for Multiple Treatments: The scheme provides coverage for numerous treatments, thereby reducing the likelihood of beneficiaries having to pay for medical treatments from their pocket. This ensures that beneficiaries can avail of any treatment covered under the policy free of cost, making healthcare more affordable. High Sum Insured: The Chief Minister Comprehensive Health Insurance Scheme provides high coverage of up to Rs. 5 lahks per family for each policy year. This amount is sufficient to avail of most minor healthcare treatments, and it provides significant relief to families who cannot afford healthcare expenses. Coverage for Additional Medical Procedures: Unlike typical health insurance policies, the Chief Minister Comprehensive Health Insurance Scheme also provides coverage for follow-up treatments and diagnostic procedures. This eliminates the need for beneficiaries to spend extra money on carrying out these procedures, thus providing additional financial relief.","The Chief Minister’s Comprehensive Health Insurance Scheme is intended for the residents of Tamil Nadu who meet the specified eligibility criteria. To qualify for benefits under the scheme, the applicant's name must be present in the family card, and their family's annual income should be less than Rs.1,20,000/- per annum. This eligibility can be confirmed by producing necessary documents, such as the family card, Aadhar card, and income certificate issued by the VAO/Revenue Authorities, along with a self-declaration from the head of the family. ﻿ Under this scheme, the definition of family includes the eligible member, their legal spouse, their children, and their dependent parents. By ensuring that these individuals meet the necessary criteria, they can access the benefits of the scheme and receive quality healthcare services without financial burden.","Step 1: Obtain an income certificate from the Village Administrative Officer or Revenue authorities. ﻿ Step 2: Gather all the necessary documents such as Aadhar card, ration card, and income certificate and proceed to the enrollment center. ﻿ Step 3: Present your documents to the kiosk operator for verification. ﻿ Step 4: Provide your biometric details such as fingerprints, photograph, and eye scan. ﻿ Step 5: Your details will be verified and the e-card will be issued to you.",Income certificate from the Village Administrative Officer/Revenue authorities Ration Card (both original and photocopy) Self-declaration from the head of the family Proof of identity Address proof Aadhar card PAN card (optional),State,Health & Wellness,,"Cashless Medical Treatment, Health Insurance, Economically-weaker Sections, Critical Illnesses, Public And Private Sector Hospitals",,,,Tamil Nadu
Chief Minister’s Free Cancer Chemotherapy Scheme,cmfccs,"The scheme “Chief Minister’s Free Cancer Chemotherapy Scheme” was launched by the Department of Health & Family Welfare, Government of Arunachal Pradesh on 1st of August 2017 to tackle the growing incidences of cancer in the state. Under this scheme, cancer patients will be provided the commonly used medicines for the treatment of the disease free of cost with a ceiling of ₹10.00 lakh per person per year. Objective: To reduce the burden of high expenditure on cancer patients. To provide free chemotherapy for all types of cancer at any stage. Important Features: A Memorandum of Understanding (MoU) has been signed with TATA Memorial Hospital Mumbai for procurement of all the medicines at a concessional rate which will be provided to an upper limit of 1000 patients per year. ﻿",Medicine worth ₹10.00 lakhs per person per annum (₹5.00 lakh for 6 months). Free Consultation Free counseling The benefit of the scheme can be availed during the period of the entire treatment. ﻿,1. Regular State Government Employees and their dependents are eligible for the scheme.,"Step 01: The applicant may visit the nearest State Tertiary Cancer Centre and also contact the Nodal Officer for the scheme. ﻿ Step 02: Application in the prescribed format may be received from the concerned State Tertiary Cancer Centre. ﻿ Step 03: The applicant must ensure that the filled information should be correct before submitting the application form to the concerned department. ﻿ Step 04: After successful verification, the applicant can avail the benefit of the scheme.","Identity proof i.e. Aadhaar Card, Voter ID card, etc. Schedule Tribe Certificate for APST patients Two passport-size photographs Address proof",State,Health & Wellness,,"Cancer, Patients, Medicine, Chemotherapy",,,,
Chief Minister’s Free Diagnostic Services,cmfds,"Quality diagnosis is vital for medical practitioners to make effective decisions about treatment. Access and availability of quality Radiology and Laboratory Services have been key challenges for the health system. The out-of-pocket expenditure of patients on diagnostic tests is increasing and forms the second major segment of such expenditure after medicine. Hence, the provisioning of quality diagnostic services (laboratory and radiological services) in public health facilities is critical for ensuring evidence-based care and reducing expenditure. ﻿ To address the above issues, Chief Minister's Free Diagnostics Services Programme is envisaged to ensure the availability of a minimum set of diagnostic services at government health institutions. Under Chief Minister's Free Diagnostic Services Programme CT Scan, X-Ray and Laboratory services are provided in the State of Assam free of cost to all patients in Govt. Health Institutions are irrespective of APL/BPL status. ﻿","1.	To provide essential diagnostic services free of cost to all patients visiting government hospitals. No user charges will be levied on the patient. 2.	Ensure the availability of a minimum set of diagnostics appropriate to the level of care. 3.	Reduce high out-of-pocket expenditure incurred by patients for diagnostics. 4.	Use of appropriate diagnostics to screen patients for a set of chronic conditions so as to enable secondary prevention measures. 5.	Improve overall quality of healthcare and patient experience as a result of the availability of comprehensive healthcare in public health facilities. 6.	Free CT scan services, X-Ray services, and Laboratory services are being implemented in District Hospital, PHCs, CHCs, etc in PPP mode ﻿","1.	The applicant must be a resident of Assam. 2.	The scheme is applicable to individuals of all age groups. 3.	There is no specific income criteria, and the scheme is open to all socio-economic backgrounds. ﻿ ﻿","1.	Visit the nearest government-authorized diagnostic center or hospital. 2.	Fill out the application form for the scheme. 3.	Submit the necessary documents along with the application form. 4.	Upon verification, the diagnostic tests will be conducted free of cost. ﻿","1.	Proof of residence in Assam (e.g., Aadhaar card, voter ID, or residence certificate). 2.	Medical prescription or recommendation from a registered medical practitioner. ﻿",State,Health & Wellness,,"Quality Diagnosis, Free Services, Medical Facility, CT Scan, Laboratory Services",,,,
Chief Minister’s Health Insurance Scheme - Nagaland,cmhisn,"Launched on 16th October 2022, the scheme ""Chief Minister Health Insurance Scheme (CMHIS)"" is a Public Health Insurance Scheme by the Health and Family Welfare Department, Government of Nagaland. This scheme provides cashless treatment up to ₹20 lakhs for employees and pensioners and ₹5 lakhs for the general category, covering inpatient and specific daycare procedures in empanelled hospitals across India. The applications are accepted through Primary Health Centres (PHCs), Community Health Centres (CHCs), District and Sub-division Treasury Offices, outreach camps, and designated private hospitals. The scheme is being implemented by the Department of Health and Family Welfare, Government of Nagaland.","All beneficiaries of the scheme are entitled to free and cashless hospitalization care for various ailments including pre-existing conditions/diseases, which can be availed from any empanelled hospital across the country. The treatment will include both surgical and medical procedures and limited day-care packages. However, OPD services and standalone diagnostics investigations will not be covered. CMHIS (GEN) beneficiaries will be entitled to more than 1950 medical and surgical packages across 27 major clinical specialties as well as entitlement to General Ward, similar to AB PM-JAY. CMHIS (EP) beneficiaries will be entitled similar to that available for central government employees under the Central Government Health Scheme (CGHS) as well as differential room entitlement as per their employee grade. ﻿ Annual Risk Cover/ Sum Insured per family: For CMHIS (GEN) beneficiary families, the Sum Insured is ₹ 5,00,000/- (Rupees Five Lakhs Only) per family per annum on a family floater basis, similar to AB PM-JAY. For CMHIS (EP) beneficiary families, the Sum Insured is ₹ 20,00,000/- (Rupees Twenty Lakhs Only) per family per annum on a family floater basis. Further, for Government employees, any additional expenses beyond the sum insured shall be reimbursed on a case-to-case basis by the State government on recommendation of the State Medical Board.","Eligibility The Chief Minister Health Insurance Scheme is available to all permanent and indigenous residents of Nagaland. They are divided into two categories: 1. For CMHIS (EP): The applicant should be a government employee, pensioner, or dependent family member. The applicant should possess valid supporting documents such as the PIMS Code, PPO book, Aadhaar card, and certificates for dependents. 2. For CMHIS (GC): The applicant should be an Indigenous Inhabitant or Permanent Resident of Nagaland not covered under AB PM-JAY. The applicant should possess an Indigenous Inhabitant Certificate (IIC) or Permanent Resident Certificate (PRC) issued after 2016, along with an Aadhaar card and valid mobile number.","Step 1: Visit the Official Website of the Chief Minister’s Health Insurance Scheme (CMHIS) Nagaland . Step 2: Click on the Register. Read out the R egistration instructions carefully. ﻿ ﻿ ﻿ Step 3: Fill in the application form with all the required details, including personal details, family details, income details, and medical history. ﻿ Step 4: Submit the completed application form along with the necessary documents to the nearest Common Service Center (CSC) in your area or the empanelled hospital. Step 5: The CSC or the empanelled hospital will verify the application form and documents and upload the details to the online portal. Step 6: The insurance provider will verify the application and approve or reject the application based on the eligibility criteria. ﻿ Note: For any query call us at  14555 or mail at  nagaland.nhpm@gmail.com.","List of the required documents Mandatory KYC Document Required for CMHIS (GEN) category: (a): For General Population : Valid Mobile Phone number. Indigenous Inhabitant Certificate (IIC) or Permanent Residential Certificate (PRC) issued by the competent authority of the respective district Administration after 2016. NB : Ration Card holders must get their eCards issued using their ration card in the BIS portal directly without registering in the CMHIS Portal (Ration Card data is already integrated with NHA BIS. Operators to go directly to the BIS URL). ﻿ (b): For employees without PIMS number: Valid Mobile Phone number Govt issued Photo ID card Engagement/ Appointment Order. Proof of continuity of being engaged (Letter from the controlling officer) Filled and downloaded online registration form with household member details (FORM), countersigned by Village council Chairman/Ward Chairman. ﻿ Mandatory KYC Document Required under CMHIS (EP) category: (a): For Pensioners: Valid Mobile Phone number. First Three pages of the Pensioner’s PPO book indicating PPO number, last pay scale or designation of the post held or last pay is drawn prior to retirement. (b): For Government employees: Valid Mobile Phone number PIMS code. (c): For dependent family members: Document proving dependency for each dependent member to be added: Proof of Relationship/DOB- Birth Certificate/Aadhaar/Class X Admit Card/voter‘s ID/Pancard or any other Govt. issued ID indicating the relationship with any one of the parents and Date of Birth. Disability Certificate in case of PwD",State,"Banking,Financial Services and Insurance, Health & Wellness",,"Health Coverage, Health Insurance, Nagaland Government Health Insurance, Affordable Health Insurance, Cashless Health Insurance, Nagaland",,,,
Chikitsa Pratipoorti Yojana,cpy,"""Chikitsa Pratipoorti Yojana"" is a scheme by the Department of Labour, Employment, Training & Skill Development Govt of Jharkhand. This is a 100% State Sponsored Scheme. Only the residents/domicile of the state of Jharkhand can apply to this scheme. Applications for this scheme are accepted online through the official website of the department. The scheme provides financial assistance to the Registered Workers for the treatment of serious illnesses such as cancer, heart disease (including surgery), kidney disease (including surgery), incurable mental disease (including surgery), AIDS, etc. The scheme's benefits are applicable once per disease per beneficiary.","The scheme provides financial assistance to the Registered Workers for the treatment of serious illnesses such as cancer, heart disease (including surgery), kidney disease (including surgery), incurable mental disease (including surgery), AIDS, total hip replacement, spinal surgery, major vascular disease, bone marrow transplant, liver transplant, hepatoma, advanced cirrhosis of the liver, retinal detachment, proliferative diabetic retinopathy, reflux disease, reflux disease. The scheme's benefits are applicable once per disease per beneficiary. ﻿ NOTE: The benefits under the scheme will be payable after the recommendation of the district-level committee.","The applicant should be a domicile in the state of Jharkhand. The applicant should be a Worker registered with the 'Jharkhand Building and Other Construction Worker Welfare Board (JBOCWW Board)'. The applicant should be 18 years or above in age. The applicant should be engaged in construction work such as masons, carpenters, electricians, porters, painters, etc. The scheme's benefits are applicable once per disease per beneficiary. The applicant should be suffering from one of the following serious illnesses: Cancer, heart disease (including surgery), kidney disease (including surgery), incurable mental disease (including surgery), AIDS, total hip replacement, spinal surgery, major vascular disease, bone marrow transplant, liver transplant, hepatoma, advanced cirrhosis of the liver, retinal detachment, proliferative diabetic retinopathy, reflux disease, reflux disease. ﻿ NOTE: The list of diseases and the maximum limit of medical expenditure and modifications/modifications made in the list of listed hospitals by the Department of Health, Medical, Education and Family Welfare from time to time and the modifications/modifications made in the list of listed hospitals will be considered applicable for the purpose of this scheme. ﻿","Registration: Step 1: Visit the Official website of Comprehensive Labour Management System for Factory Establishment / Worker Registration / Inspection / Management & Grievance Redressal; Department of Labour, Employment, Training & Skill Development; Govt. of Jharkhand. Step 2: At the top right corner, click ""Login"". On the pop-up screen, click ""Register Here"". Step 3: On the next page, a Registration Form will appear. Provide the following mandatory details: First Name, Last Name, Email, and Mobile. Create a Username and a Password. Confirm the Password. Fill in the Captcha Code. Click ""Register"". Your Mobile Number and Email ID will be verified via One Time Password (OTP). Upon successful verification of the OTP, your registration will be successful. The Login Credentials will be sent to your registered Email ID and Mobile Number. ﻿ Application: Step 1: Visit the Official website of Comprehensive Labour Management System for Factory Establishment / Worker Registration / Inspection / Management & Grievance Redressal; Department of Labour, Employment, Training & Skill Development; Govt. of Jharkhand. Step 2: At the top right corner, click ""Login"". Fill in your Username and Password. Click ""Login"". Step 3: In the ribbon, click ""Services > BOC Scheme Benefit > Application Form. On the next page, the ""Scheme Benefit Form"" (Application Form) will open. a)   In the ""Basic Details"" section, fill in the mandatory fields (fields ending with a red asterisk mark): BOC Registration Number, Applicant's Name, Applicant's Father's Name / Husband's Name, Applicant's Date of Birth, Applicant's Aadhaar Number, District, Sex. b)   In the ""Select Scheme"" section, select the scheme from the list that you wish to apply for. c)   In the ""Upload Section"", upload the mandatory documents (those ending with a red asterisk mark) in the specified file size and file type. Step 4: Finally, click on ""Submit Request"" to submit your application. On the next page, your ""Application ID"" will be displayed, confirming the successful submission of the application. Please note down this Application ID for future reference. The Application ID will also be sent to your registered Email ID. ﻿ Check Application Status: Step 1: Once submitted, the application goes for 3-level approval: Clerk > Labour Superintendent > DLC. Step 2: Go to Services > BOC Scheme Benefit > Application Status. Step 3: On the next page, fill in your Application ID, and click ""Search"". The status of your application will be displayed in a tabular format: Application ID, Applicant Name, Scheme Applied, Application Status, Remarks, Date, and Time. Step 4: Once the DLC approves the application, the ""Application Status"" changes to ""Approved"". The Applicant can take print of this page by clicking “PRINT” and submit the same at the Labour Office to avail of the scheme benefit.",Aadhaar Card Residential Certificate / Domicile Certificate Proof of Identity eSHRAM Card Passport Sized Photograph Proof of Registration as a Construction Worker Details of the Bank Account Income Certificate Proof of the Medical Condition,State,"Health & Wellness, Social welfare & Empowerment",,"Health, Disease, Financial Assistance, Construction Worker",,,,
Chikitsa Sahayata Yojana,csy,"""Chikitsa Sahayata Yojana"" is a Medical Assistance scheme by the Department of Labour, Employment, Training & Skill Development Govt of Jharkhand. This is a 100% State Sponsored Scheme. Only the residents/domicile of the state of Jharkhand can apply to this scheme. Applications for this scheme are accepted online through the official website of the department. The scheme provides medical assistance to all registered workers who are admitted to the hospital for five or more working days.",Payment of minimum wages at the prescribed rate for unskilled category workers. Payment is equivalent to a maximum of 40 working days.,"The applicant should be a domicile in the state of Jharkhand. The applicant should be a Worker registered with the 'Jharkhand Building and Other Construction Worker Welfare Board (JBOCWW Board)'. The applicant should be between 18-60 years of age. The applicant should be engaged in construction work such as masons, carpenters, electricians, porters, painters, etc. The applicant should be admitted to the hospital for five or more working days.","Registration: Step 1: Visit the Official website of Comprehensive Labour Management System for Factory Establishment / Worker Registration / Inspection / Management & Grievance Redressal; Department of Labour, Employment, Training & Skill Development; Govt. of Jharkhand. Step 2: At the top right corner, click ""Login"". On the pop-up screen, click ""Register Here"". Step 3: On the next page, a Registration Form will appear. Provide the following mandatory details: First Name, Last Name, Email, and Mobile. Create a Username and a Password. Confirm the Password. Fill in the Captcha Code. Click ""Register"". Your Mobile Number and Email ID will be verified via One Time Password (OTP). Upon successful verification of the OTP, your registration will be successful. The Login Credentials will be sent to your registered Email ID and Mobile Number. ﻿ Application: Step 1: Visit the Official website of Comprehensive Labour Management System for Factory Establishment / Worker Registration / Inspection / Management & Grievance Redressal; Department of Labour, Employment, Training & Skill Development; Govt. of Jharkhand. Step 2: At the top right corner, click ""Login"". Fill in your Username and Password. Click ""Login"". Step 3: In the ribbon, click ""Services > BOC Scheme Benefit > Application Form. On the next page, the ""Scheme Benefit Form"" (Application Form) will open. a)   In the ""Basic Details"" section, fill in the mandatory fields (fields ending with a red asterisk mark): BOC Registration Number, Applicant's Name, Applicant's Father's Name / Husband's Name, Applicant's Date of Birth, Applicant's Aadhaar Number, District, Sex. b)   In the ""Select Scheme"" section, select the scheme from the list that you wish to apply for. c)   In the ""Upload Section"", upload the mandatory documents (those ending with a red asterisk mark) in the specified file size and file type. Step 4: Finally, click on ""Submit Request"" to submit your application. On the next page, your ""Application ID"" will be displayed, confirming the successful submission of the application. Please note down this Application ID for future reference. The Application ID will also be sent to your registered Email ID. ﻿ Check Application Status: Step 1: Once submitted, the application goes for 3-level approval: Clerk > Labour Superintendent > DLC. Step 2: Go to Services > BOC Scheme Benefit > Application Status. Step 3: On the next page, fill in your Application ID, and click ""Search"". The status of your application will be displayed in a tabular format: Application ID, Applicant Name, Scheme Applied, Application Status, Remarks, Date, and Time. Step 4: Once the DLC approves the application, the ""Application Status"" changes to ""Approved"". The Applicant can take print of this page by clicking “PRINT” and submit the same at the Labour Office to avail of the scheme benefit.",Aadhaar Card Residential Certificate / Domicile Certificate Proof of Identity eSHRAM Card Passport Sized Photograph Proof of Registration as a Construction Worker Details of the Bank Account Income Certificate Proof of the Medical Condition Proof of Admission into the Hospital,State,Health & Wellness,,"Health, Hospitalization, Construction Worker, Financial Assistance",,,,
Children With Special Needs Under Goa Sarva Shiksha Abhivan,cwsn,"The scheme ""Children With Special Needs (CWSN)"" by the Directorate of Education, Government of Goa aims to provide comprehensive educational support and resources tailored to the needs of differently-abled children. It is designed to ensure that every child, regardless of their disability type (intellectual, physical, etc.), receives the necessary assistance to facilitate their education and overall development. This includes provisions for medical assessments, the establishment of resource rooms, home-based education, the provision of teaching-learning materials (TLM), and specialized training for educators and volunteers.","Grant is released for activities for CWSN, medical assessments, resource rooms, home-based education, TLM, training of educators, volunteer educators, assistive aids, and corrective surgeries.",The child must either be differently-abled or require special needs.,"The applicant (parent, heads of school, and others) is required to submit a plain application detailing the specific individual needs of the child with disabilities along with any available medical certificates. NOTE: The applicants can contact the designated educational authorities or visit official government websites providing details about the CWSN scheme.","Aadhaar Card. Medical Certificates (if available). Other supporting documents, as specified in the scheme guidelines.",State,"Education & Learning, Health & Wellness",,"Goa, Disability, Medical, Children, Education",,,,
Dai Didi Mobile Clinic Scheme,ddmcs,"Dai Didi Clinic Scheme is an important welfare scheme of the Government of Chhattisgarh. This scheme is to provide medical help to those women and girls living in rural areas who do not go to the doctor due to lack of time or many other reasons, but now midwives provide them treatment facilities, through female friends and medical staff near home. And she can get her treatment done through female staff without humid.",Free checkup. Free treatment. Free consultation. Free medicine distribution. ﻿,The beneficiary should be a resident of Chhattisgarh. The beneficiary should be female. ﻿,Beneficiaries do not need to apply anywhere for Chhattisgarh Dai Didi Clinic Scheme. Under this scheme the medical aid will reach at the doorstep of the beneficiaries themselves. Camps will be organized in the entire state of Chhattisgarh through mobile medical units. The vehicle of the Mobile Medical Unit along with women doctors and women nursing staff will render their services in the camp. Beneficiaries will have to go to the Mobile Medical Unit in their municipal corporation/village area. ﻿,Aadhaar card of the beneficiary.,State,"Health & Wellness, Women and Child",,"Free Treatment, Medicine, Women Health",,,,
Day Care - cum - Recreation Centre and Physiotherapy Unit,dccrcpu-giapsca,"The sub-scheme “Day Care - cum - Recreation Centre and Physiotherapy Unit"" under the umbrella scheme ""Grant-in-Aid to Pondicherry Society for the Care of the Aged (PONCARE)"" was launched by the Department of Social Welfare, Government of Puducherry. Through this scheme, the senior citizens are provided free physiotherapy given by the physiotherapist, as advised by the doctors.","Free Physiotherapy given by the Physiotherapist, as advised by the Doctors.",The applicant should be 60 years or above in age. The applicant should be a Native/Resident of the Union Territory of Puducherry for at least 5 years.,"Step 1: The interested applicant should visit (during office hours) the Pondicherry Society for the care of the Aged (PONCARE), Puducherry, 4th Cross - Sithankudi, 6th Cross Extension, Brindavanam, West, Puducherry - 605 013, +91-413-2245317, +91-413-2246318, +91-9443405499 ﻿ , and request the hard copy of the prescribed format of the application form from the staff exclusively entrusted to issue and collect filled-in applications. Step 2: In the application form, fill in all the mandatory fields, paste the passport-sized photograph (signed across, if required), and attach copies of all the mandatory documents (self-attest, if required). Step 3: Submit the duly filled and signed application form along with the documents to The Secretary, PONCARE. Step 4: Request a receipt or acknowledgement from the concerned authority to whom the application has been submitted. Ensure that the receipt contains essential details such as the date and time of submission, and a unique identification number (if applicable).","Aadhaar Card. Birth Certificate / Age Proof. Residence-cum-Nativity Certificate, issued by the competent authority. Recent Passport-Size Photograph. Bank Passbook.",State,Health & Wellness,,"Senior Citizen, Social Welfare, Physiotherapy, Recreation, Daycare",,,,
Deen Dayal Swasthya Seva Yojana,ddssy,"To facilitate and take medical services to the next level, the State of Goa envisaged the present scheme to provide its people with quality medical care and treatment of diseases, hospitalization, and surgery through government and private hospitals. ﻿","The benefit under this scheme shall be provided on a cashless basis to the beneficiaries, up to the limit of their annual coverage, and shall be as under: The insurance cover shall be up to ₹2,50,000/- per annum for a family of three or fewer members and up to ₹4,00,000/- for a family of four or more members. Under no case, the claim would exceed ₹4,00,000/- annually. The insurance benefit can be availed of individually or collectively by members of the family. An individual is free to take higher coverage from the insurance company by paying higher premiums, without having any impact on Government policy and facilities. The facilities for 447 procedures shall be covered under the scheme. ﻿",The applicant must be a resident of the state of Goa. The applicant must have resided in Goa continuously for a minimum of five years or more.,"The beneficiary may approach the Empanelled Health Care Provider (EHCP) as per the list provided on the website. After consulting the doctor, if the surgery is covered under the scheme and is available at the said EHCP, the patient can approach the DDSSY Sahayak at the hospital with the card, and the Sahayak will raise a request for pre-authorization with the ISA pre-authorization doctor. Or Alternatively, if the beneficiary is aware of what the procedure is, he/she can check the website to find out at which EHCP the required procedure is performed and visit the hospital of his/her choice as per the list of EHCPs empaneled for the said procedure. ﻿ Note: Officer to be contacted: ﻿ Sr. No. Name & address of the Nodal Officer Designation Contact No. 1 Dr. Yogesh Potdar, Directorate of Health Services, Campal Panaji Medical Management & Quality Manager 0832-2225646, Extn. 256, 7447797582 2 Dr. Ralph Araujo, MD India Health Insurance TPA Pvt. Ltd., B-F/3, 1st Floor, Campal Trade Centre, Behind Military Hospital, Panaji Sr. Manager 9325963691 3 Shri. Sagar Jaiwar, Goa Electronics Ltd., Ground Floor, Shrama Shakti Bhavan, Patto Plaza, EDC Complex, Panaji Asst. Manager (IT), Goa Electronics Ltd. 8411004910 ﻿","Aadhar Card/Enrolment Acknowledgement Slip of every family member above 5 years (Compulsory). Residence Proof of eligibility person: passport, residence certificate/Election card/Driving license issued a minimum of 5 years ago in Goa. For OBC of non-creamy layer: Caste Certificate issued by Deputy Collector along with income certificate showing income less than ₹6,00,000/- per annum. For SC/ST: Cast certificate issued by the Director of Tribal Welfare/ Deputy Collector. For Differently abled eligible person: Disability certificate issued by Medical board. Ration card to define family. In case of Ration card is not available all the below-mentioned documents are to be enclosed. For Spouse: Marriage Certificate. For dependent child: Birth certificate/school leaving certificate of dependent child or children of the eligible person. For the dependent parent: Declaration stating the dependent parent/(s) are not employed.",State,Health & Wellness,,"Insurance, Health Coverage, Goa, Cashless",,,,
Deen Dayal Upadhyaya Antyodaya Parivar Suraksha Yojana (DAYALU),dayalu,"The Deen Dayal Upadhyaya Antyodaya Parivar Suraksha Yojana (DAYALU) was launched by the Planning Department, Haryana Government during the financial year 2023-24. This scheme provides financial assistance in the event of death (natural or accidental) or permanent disability (caused by an accident) of a family member whose annual income is less than ₹1.80 lakh, as verified in the Family Information Data Repository (FIDR) database. The scheme became effective from 1st April 2023. The assistance offered under this scheme will vary depending on the age of the individual at the time of death or permanent disability, with eligibility for individuals above the age of 6 years and up to 60 years. The scheme covers only death or permanent disability resulting from an accident. The implementing agency for this scheme will be Haryana Parivar Suraksha Nyas (HPSN), Government of Haryana. Objective: To provide socio-financial security to eligible residents of the State.","The scheme will provide the below mentioned assistance which would vary depending on the age of the beneficiary: Sl. No. Age Compensation Amount 1 Above 6 years and up to 12 years ₹ 1 lakh 2 Above 12 years and up to 18 years ₹ 2 lakh 3 Above 18 years and up to 25 years ₹ 3 lakh 4 Above 25 years and up to 45 years ₹ 5 lakh 5 Above 45 years and up to 60 years ₹ 3 lakh Note: For beneficiaries enrolled under Pradhan Mantri Jeevan Jyoti Bima Yojana (PMJJBY) & Pradhan Mantri Suraksha Bima Yojana (PMSBY), assistance paid under DAYALU will be adjusted considering the compensation received from PMJJBY or PMSBY: Mode of Disbursement: The assistance amount will be paid directly into the bank account registered in the PPP database or linked to the Aadhaar number of the Head of the family. In case of permanent disability, the assistance amount shall be paid to the beneficiary in his bank account registered in the PPP database or bank account linked to the Aadhaar number. Frequency of Disbursement: One-time financial assistance. Expected Time of Disbursement: The claim must be filed within three months of death or permanent disability.","1.	The applicant must be a resident of Haryana. 2.	The applicant refers to either: •	The beneficiary (in case of permanent disability), or •	An eligible relative (in case of death) applying for financial assistance under this scheme. 3.	The family income of the beneficiary must be less than ₹1.80 lakh per annum, as verified in the Family Information Data Repository (FIDR) database. 4.	The beneficiary must possess a Family ID/Parivar Pehchaan Patra (PPP) number. 5.	The beneficiary must be above 6 years and up to 60 years of age. 6.	The scheme is effective from 1st April 2023. Claims for deaths or disabilities occurring before this date will not be entertained by the Trust. 7.	Financial assistance will be provided only in cases of: •	Death (natural or accidental), or •	Permanent disability (caused by an accident). 8.	Permanent disability is defined as 70% or more disability resulting from an accident, as certified by the Medical Authority. Other Terms & Conditions: All registered Construction workers, Industrial Labours, Other labours, Private Sector Employee, Private contractual workers, Unorganised workers etc. registered under Haryana Labour Welfare Board (HLWB) and Haryana Building and Other Construction Workers Welfare Board (HBOCW) having annual family income below Rs. 1.80 lakh will be given compensation by HLWB/HBOCW and in case the Labour department rejects the particular claim then the compensation will be given under DAYALU scheme as per their eligibility. In case of death, the assistance amount shall be paid: 1.	In case Member of family is deceased then assistance will be given to the Head of the Family. 2.	In case Head of Family is deceased then assistance will be given- •	Eldest of the family below the age of 60 years. •	In case no elder family member is below the age of 60 years then the family member immediate above the age of 60 years. 3.	In case no family member is alive after the death in the family then no assistance will be paid. 4.	In case the alive family members are below the age of 18 years then the assistance will be paid only at the time of any member attaining the age above 18 years, subject to para 5 below. 5.	In case the applications for compensation received after 1st January, 2024 where the age of the beneficiary is above 25 years and upto 45 years and there is a minor girl child in the family then out of the compensation of ₹5 lakh, ₹2.5 lakh will be given to the minor girl child in her bank account linked with her Aadhaar number, if exists, and the balance of the compensation will be given as per the scheme.","Step 1: Visit the official DAYALU scheme portal. Step 2: Select the Apply Option: Click on ""Apply Scheme"" to begin your application. Step 3: On the registration page, select the scheme and enter your Parivar Pehchan Patra (PPP) number. Register using the OTP sent to your registered mobile number. Step 4: Select the family member who has passed away or is permanently disabled. Step 5: Fill in the necessary information, including Date of Death (if applicable), Registration Number, and Issuing Authority and Attach the relevant death or disability certificate. Step 6: Click ""Apply Scheme"" to complete the application submission. Note: Submit the claim within three months of the death or permanent disability.",Family ID/Parivar Pehchan Patra (PPP) Number Bank Account Details (Registered in the PPP database or linked to the Aadhaar number of the Head of the Family) Death Certificate (In case of death) Disability Certificate (In case of permanent disability) Aadhaar Card of the Beneficiary Proof of Enrollment in PMJJBY/PMSBY (If applicable) Any other documents as required,State,"Health & Wellness, Banking,Financial Services and Insurance",,"DAYALU, Financial Assistance, Death, Permanent Disablity",,6.0,,
Delhi Arogya Kosh,dak,"Details The Governing Body of Delhi Arogya Kosh in its 13th meeting held on 28.02.2017 resolved that financial assistance shall be provided for Ultrasound, Doppler Studies, Mammography, EEG, EMG, TMT & ECHO from both non-NABH & NABH ACCREDITED DGEHS EMPANELLED STANDALONE DIAGNOSTIC centres to any eligible patient who is a bonafide resident of Delhi, identified on the basis of Voter ID card; Aadhaar Card; Passport; Driving License; Ration Card; Extract from the electoral roll and Birth Certificate along with identity proof of either parent (for children below five years of age), undergoing treatment in any of the 25 Hospitals owned by Government of National Capital Territory of Delhi (GNCTD) or in any of the 23 polyclinics attached to these hospitals or in any of the 05 hospitals run under autonomous mode by GNCTD",Benefits Provides financial assistance of Rs. 5 lacs to needy eligible patients for treatment of any illness /disease in a Government hospital run by Delhi  Government or  Central Government or Local Bodies or  Autonomous Hospitals under State Government,Eligibility Patients with annual family income up to Rs 3 lacs are eligible. The patient should be a bonafide resident of Delhi for the last 3 years ( prior to the date of submission of the application). The patient requiring treatment for any illness/ treatment/ intervention in a Government Hospital run by Delhi Govt. /Central Govt. /AIIMS /Autonomous Institutes of the State Govt. /Local Bodies.,"Application Process Download the application form . Check the List Of Dak Empanelled Hospitals For Free Surgery Scheme. A Complete application form along with all the requisite documents is processed by the concerned hospital and sent to the Director of General Health Services through e-office for his approval. Thereafter, the application needs approval from the Finance Department, GNCTD and is thence forwarded to Chairman, DAK for their approval, respectively. Financial Assistance up to Rs. 25,000/- is sanctioned at the level of Directorate General Of Health Services (DGHS), up to Rs. 1.5 lakh is sanctioned at the level of DGHS after approval of the finance department. Financial Assistance above Rs. 1.5 lakh upto Rs. 5 lakhs is sanctioned at the level of Chairman, DAK After the due approvals from the competent authority on rotation, the application comes back to Patient Welfare Cell and the sanctioned amount is issued in favour of the concerned Government Hospital through the ECS facility. The concerned hospital is informed regarding the patient and the sanctioned amount for further necessary action at the level of the hospital. The applicant, too, is informed through a letter sent by Speed-post and, if a contact number is available, telephonically","Requisite documents for verification of INCOME (any one of the following): National Food Security Card for income less than Rs. 1 lakh per annum. Income Certificate issued from area SDM (or any other officer authorized on this behalf by the Revenue Department) for income up to Rs. 3 lakhs per annum. ﻿ Requisite document for verification of DOMICILE for the last 03 years (any one of the following): Domicile Certificate issued from area SDM. Ration card. EPIC (Voter ID). Driving License. Passport. Extract from the Electoral Roll. Aadhar Card. ﻿ Note: In case the patient is a minor, Birth Certificate of the patient and the domicile proof of either of the parent (any one of the aforementioned documents).",State,Health & Wellness,,"Arogya Kosh, Delhi, Financial Assistance, Family Health",,,,
Delhi Arogya Nidhi,dan,"The ""Delhi Arogya Nidhi (DAN)"" is a scheme implemented by the Directorate General of Health Services to provide financial assistance of up to ₹1.5 lacs to needy patients who have National Food Security Cards for treatment of diseases in Government hospitals only.","Under the scheme, financial assistance of up to ₹1.5 lacs will be provided to needy patients who have National Food Security Cards for treatment of diseases in Government hospitals only.",Patients should have a National Food Security Card. The patient must be a resident of Delhi and has to furnish domicile proof of residing in Delhi continuously for the last 3 years (prior to the date of submission of the application). Treatment should be from the Government Hospital in Delhi.,"Step 01: Visit the official website to download the Application Form for Financial Aid. Step 02: Fill out the form with all requisites details. Step 03: The photocopies of all documents are to be attached with the application and the original is to be brought at the time of submission of same for verification. Step 04: Applicant has to submit an undertaking for his signature verification as given in the application form. Step 05: Application to be submitted in Patient Welfare Cell, Directorate of Health Services, 6th Floor, F-17, Karkardooma, (Near Karkardooma Court), Delhi-110032.","1. Proof of continuous residence in Delhi for the last 3years through any one of the following documents: •	National Food Security Card •	Electoral Voter’s Photo Identity Card •	Birth certificate (In case the patient is a minor) •	Extract from the electoral roll •	Aadhaar Card 2. Original Estimate Certificate duly signed by Consultant/ Medical Superintendent/ Chief Medical Officer of the Hospital 3. Two photographs of the patient, duly attested by the treating doctor. 4. A copy of the National Food Security Card. 5. Photocopies of the treatment record Note: Applicant has to submit an undertaking for his signature verification as given in the application form .",State,Health & Wellness,,"Arogya, Nidhi, Health, Patient, Treatment",,,,
Dental Care Scheme- Haryana Labour Welfare Board,dcs-hlwb,"The scheme “Dental Care Scheme” is implemented by the Haryana Labour Welfare Board (HLWB), Labour Department, Government of Haryana. Under this scheme, financial assistance of ₹4,000/- or the actual cost of dental care, whichever is less, is provided for dental care to the workers employed in the industrial and commercial establishments in the state of Haryana. Furthermore, financial assistance of ₹10,000/- or the actual cost of the jaw, whichever is less, is provided to the workers for getting full denture fitted.","Under this scheme, workers and their dependents are entitled to receive financial assistance of up to ₹4,000/- or the actual expenditure, whichever is less, for dental care. Financial assistance of up to ₹10,000/- or the actual amount of expenditure, whichever is less, is provided for fixation of full dentures to workers and their dependents.","The applicant should be a worker employed in an industrial or commercial establishment in Haryana. The worker should be registered with the Haryana Labour Welfare Board. The monthly income/salary of the worker should not exceed ₹25,000/-. The service period of the worker is fixed for one year. The application should be submitted within three months of the date of the dentist's prescription or bill for dental care or jaw implants. The beneficiary should not have availed of the benefit of this scheme earlier.","Registration of a Worker Under the Haryana Labour Welfare Board: Step 01: The applicant should visit the Official Website of the Labour Department Haryana. https://hrylabour.gov.in/ ﻿ Step 02 : On the home page, click on the “ Welfare Board Beneficiary Login ”, a new window page will be opened. If you don't have login details then click on “Click Here” to register. Step 03: Applicant has to read all the instructions and then “Tick” the acknowledgment, then click on the “Submit” button. Step 04: Verification using Parivar Pehchan Patra (PPP)- Family ID: a) Forget/not having Family ID: If you do not have PPP ID or forget the PPP ID, then you have to select that radio button and you are redirected to the PPP Portal for getting their PPP ID. b) Having a Family ID: If you have a family ID, then only you can move to the next step for registration. To proceed further, follow the given steps: • Select the “I have family ID” radio button. • Enter Parivar Pehchan Patra number - Family ID. • Click on “Fetch Family Details” which displays the family members registered under the given Family ID. • Select a family member for registration. • Enter the OTP that is being sent to the selected family member for verification. • Click on “Click to Verify” Step 05: A new page will be opened with basis information details of the applicant. Applicant need to verify all the pre-filled details. Step 06: After verification, the applicant has to fill all the details and red* marked fields are mandatory. Applicant has to upload his/her photo and then click on the ‘Submit’ button to submit the application. Step 07: Successfully Registered page will appear like below image and SMS/ email will be send to applicant. Step 08: Login into the account: After the final submission of the registration form, applicant can login into his/her account using their username and password. Note: An applicant can also apply for registration, if he/she doesn’t have family ID, through their Aadhaar Number. Apply for scheme benefits: Step 01: Visit the Official Website of the Labour Department Haryana. Step 02: On the home page, click on "" Welfare Board Beneficiary Login "". Step 03: Enter your Username, Password, Captcha, and click on the submit button. Step 04: In the opened window, click on ""Schemes"", and a list of schemes will appear on the screen. Step 05: Now, select the scheme and read its details. Step 06: Fill in all the required details in the online application form and submit it. Application Tracking: Workers can track their application status online through the official website of the Labour Department Haryana. Relevant updates will be sent to the registered mobile number. ﻿ Apply for scheme benefits through the Antyodaya-SARAL Portal: Registration Process on Antyodaya-SARAL Portal: Step 01: To avail of the benefits of the scheme, the applicant needs to visit Official Portal -Antyodaya-SARAL Portal: https://saralharyana.gov.in/ ﻿ Step 02: If the applicant is not registered on the portal, then he/she gets registered on the portal. Step 03: For registration, click on “New User” under ‘Sign In Here’ and fill in all the mandatory details i.e. Full Name, Email ID, Mobile Number, Password & State. Click on ‘Submit’. Step 04: Verify your mobile number and email ID through the received OTP and complete the registration process. Login to Apply for the Scheme: Step 01: Now, to avail the benefits of the scheme, visit the Official Portal - Antyodaya-SARAL Portal and login through the email ID that is used while registering. Step 02: Enter Password & Captcha and click on ‘Login’. Step 03: After successful login, click on ‘Apply for Services’ and then ‘View all Available Services’ Step 04: Now, search for the ‘Dental Care Scheme- Haryana Labour Welfare Board’ and click on the scheme to proceed to fill out the application form. Step 05: Enter Parivar Pehchan Patra number - Family ID and Click on “Click here to Fetch Family Data” which displays the family members registered under the given Family ID. Step 06: Select the beneficiary/applicant name and enter the OTP that is being sent to the selected family member for verification. Click on “Click to Verify” Step 07: Fill in all the mandatory details and upload all the mandatory documents. Step 08: Preview the application form and click on ‘Submit’.","Documents required for registration under the Haryana Labour Welfare Board: Aadhaar Card Passport-size photograph Parivar Pehchan Patra (Family ID) Bank account details Proof of residence Ration Card Caste Certificate (If applicable) Proof of age Disability certificate (If applicable) Any other documents as required Documents required for Scheme Benefits: ID proof of the worker issued by the organization Employer Certificate Employee Salary Slip (Previous Month) Affidavit/Undertaking (Self) Dentist's prescription and medicine purchase bill Ration Card/ESI Card/ Parivar Pehchan Patra (Family ID) Bank account details Any other documents as required Note: For a full jaw implant, the dentist's prescription and expense bill from the dentist will have to be clearly written and the bill will have to be signed and stamped by the dentist and uploaded.",State,Health & Wellness,,"Dental Care, Labour, Teeth, Denture, Organized Worker, Financial Assistance, Jaw Implants",25000.0,,,
"Denture, Spectacles & Hearing Aid Scheme (P.B.O.C.W.W.B)",dshaspbocwwb,"The ""Denture, Spectacles & Hearing Aid Scheme'' by the BOCW Welfare Board, Department of Labour, Punjab, is a welfare scheme for the registered workers of the board. Under this scheme, the Board will provide financial aid to the registered beneficiary Construction Workers and their family members for spectacles, dentures and hearing aids.","Spectacle: ₹.800/-. Denture: ₹5,000/-. Hearing Aid: ₹6,000/-. Note: Financial assistance under this scheme shall be granted on the recommendation of Govt. medical officer/Incharge of the E.S.I Dispensary. Under this scheme, the beneficiary or his family members shall get benefit only once. The beneficiary shall get the amount of actual expenditure or amount of financial assistance, whichever is less, on the basis of actual bills produced by him.","For Registration as a Building/ Construction Worker: The applicant should be a resident of Punjab. The applicant should be a Building/ Construction Worker (Unorganised Worker). The applicant should be between 18 and 60 years. The applicant should have engaged in building and construction work for at least 90 days in a given year. The applicant should have a monthly income of ₹15,000/- or below. The applicant should not be a member of any other Welfare Fund established under any law. The applicant should not have membership of the Employees' Provident Fund (EPF)/ National Pension System (NPS)/ Employees' State Insurance Corporation (ESIC). The applicant should not be an income tax payer. For the Application of the Welfare Scheme: The applicant should be a registered member Under the Building and Other Construction Workers Welfare Board of Punjab or should be a family member of the worker. The applicant should be paying the contribution regularly.","Registration Process as a Building/ Construction Worker: For new registration of workers please approach the nearby Sewa Kendra or Registering officers/ Labour Inspector. Application Process of the Welfare Scheme: To apply for benefits of the concerned welfare scheme, please approach to nearby Sewa Kendra or Registering Officers/ Labour Inspector of your area. Note: Registration with the Board: A construction worker becomes a member of the board by filling out Application Form No 28 along with depositing registration fees of ₹ 25/- only (once in life) and ₹ 10/- per month as contribution fees. A worker at a time can get himself registered for a minimum period of 1 year & maximum period of 5 years. The registered worker is called 'Beneficiary' of the Board. Important Links: Check Your Registration Application Status: Registered workers can check their registration application status through visiting this link upon entering their Registration Number. Download Registration Card: Registered workers can download their registration Registration Card through visiting this link upon entering their Registration Number. Check your Scheme Application Status: Registered workers can check their scheme application status through visiting this link upon entering their Registration Number. CSC Locator: Visit this link to search nearest Common Service Center (CSC) of your area. List of Sewa  Kendra: Visit this link to see the list of Sewa Kendra. Helpdesk: Punjab Building And Other Construction Workers Welfare Board Address: Labour Bhawan Model Welfare Centre Phase 10, Sector 64, Sahibzada Ajit Singh Nagar, Punjab, 160062 Phone : +91 172-2540125 Email : bocwhq@gmail.com For Bocw Portal Related Queries (Technical Support):- Phone : +91 172-2540125 Email : bocwhq@gmail.com Office Visiting Hours : Monday to Friday (09:00 AM to 05:00 PM)","For Registration as a Building/ Construction Worker: Age proof (If no age proof is available self declaration). Residence proof. Aadhaar card(if available). Bank Account details (Bank branch, account No. and IFSC/ RTGS number). Detail of dependents. Employer’s Certificate ( Form No. 28 ) (90 days of construction work during the last 12 months in the State of Punjab). Nomination Form ( Form No. 27 ). For the Application of the Welfare Scheme: Prescription of Govt. Medical officer requiring Medical Aid. Bill attested by Medical officer or Civil Surgeon. Any other documents (if required).",State,Health & Wellness,,"Labour, Building Worker, Construction Worker, Denture, Spectacles, Hearing Aid",15000.0,,,
Dhanvantari Arogya Rath Yojana (GBOCWWB),darygbocwwb,"The “Dhanvantari Arogya Rath Yojana” was launched by the Gujarat Building and Other Construction Worker’s Welfare Board (GBOCWWB), Labour, Skill Development & Employment Department, Government of Gujarat. The scheme has been implemented to ensure that construction workers and their families get primary medical treatment at their doorsteps, prevent serious diseases, and maintain their health at places including construction sites, labour colonies, and Kadianaka. The scheme is implemented by EMRI Green Health Services Gujarat (GVK-108) through making a tripartite MoU with the Health Department and EMRI Green Health Services Gujarat.","Under this scheme, treatment of primary injuries including common diseases like fever, diarrhea, vomiting, skin diseases and laboratory tests like urine, blood, blood sugar, malaria, and various diagnoses including primary care of women and children of their family and primary care of pregnant women during pregnancy done on the spot. Along with this, they are also given free medicines on the spot.",The benefits of this scheme can be availed by construction workers registered with the Gujarat Building and Other Construction Worker’s Welfare Board and their family members.,•	First aid is provided by the Dhanvantari Arogya Rath at Kadianaka & construction sites. •	The registered construction workers and their family members can avail the benefits by visiting there.,e-Nirman Card,State,Health & Wellness,,"Building Worker, Construction Worker, Labour, Common Diseases, Free Medicines, Primary Medical Treatment",,,,
Disability Pension (HPBOCWWB),dphpbocwwb,"The scheme ""Disability Pension,"" introduced by the Himachal Pradesh Building and Other Construction Workers Welfare Board (HPBOCWWB), Government of Himachal Pradesh, provides a monthly pension of ₹500/- to registered beneficiaries in case of disability caused by accidents or diseases. Additionally, a lump sum of ₹50,000/- is granted if the disability is more than 50%., and ₹25,000/- is granted if the disability is more than 50%.","A pension of ₹500/- month. Additional ₹50,000/- in case the disability is more than 50%. Additional ₹25,000/- in case the disability is less than 50%.",For Registration The applicant should be a resident of Himachal Pradesh. The applicant should be a Building or Construction Worker. The age of the applicant should be between 18 and 60 years. The applicant should have worked in building or construction activities for at least 90 days in the preceding 12 months. *The registration should be renewed annually. For Application The worker should be engaged in building or construction work. The worker should be registered under the Himachal Pradesh Building and Other Construction Workers Welfare Board (HPBOCWWB). The worker should have an active membership with the Board. The worker should be a Person with Disability (PwD). The disability should have been caused due to an accident or an illness.,"Registration Step 1:  Visit the official website of the Himachal Pradesh Building and Other Construction Workers Welfare Board. Step 2:  In the ""Menu Ribbon"", click ""Worker Services > Registration > New "". Step 3:  Navigate to the registration form. In the form, fill in all the mandatory fields (marked with an asterisk *). Carefully review all the information provided. Make any necessary corrections. Step 5: Click ""Save"" to submit your application for registration. *The Registration Status can be checked by providing your Beneficiary ID and your Date of Birth. Application Step 1:  Visit the official website of the Himachal Pradesh Building and Other Construction Workers Welfare Board. Step 2:  In the ""Menu Ribbon"", click ""Worker Services > Apply for Benefits "". On the next screen, provide your Beneficiary ID, and Date Of Birth, and click ""Search"". A list of schemes will be displayed. Click on the scheme you intend to apply for. You will be taken to the online application form of the scheme. Step 3:  In the form, fill in all the mandatory fields and upload all the mandatory documents in the specified format and size. Carefully review all the information provided and the documents uploaded. Make any necessary corrections. Step 4: Finally, click ""Submit"" to complete the process.","Identity Proof i.e. Aadhaar Card, Voter Card Bank Account Details/ Copy of Bank Passbook Age Proof Labour Card Disability Certificate Medical Bill, countersigned by the Doctor (if applicable)",State,Health & Wellness,,"Construction, Building, Labour, Disability, Pension, Worker",,,,
Disability Pension and Ex-Gratia (K.B.O.C.W.W.B),dpaexgkbocwwb,"The ""Disability Pension and Ex-Gratia'' by the BOCW Welfare Board, Department of Labour, Karnataka, is a welfare scheme for the registered workers of the board. Under this Scheme, financial support shall be provided to registered construction workers in the form of pension who are partially disabled due to accidents or diseases incurred at their worksite. Beneficiaries may receive an ex-gratia payment depending on the extent of their disability. The pension is discontinued upon the beneficiary reaching sixty (60) years of age. ﻿","Monthly Disability Pension: ₹2,000/-. Additional Ex-gratia Payment: ₹2,00,000/- based on the percentage of disability.",For Registration as a Building/ Construction Worker: The applicant should be a Building/ Construction Worker (Unorganised Worker). The applicant should be a minimum of 18 years of age. The applicant should have engaged in building and construction work for at least 90 days in a given year. For the Application of the Welfare Scheme: The applicant should be a registered construction worker Under the Building and Other Construction Workers Welfare Board of Karnataka. The applicant should be partially disabled due to worksite accidents or diseases. The applicant should not have availed “Accident Benefits” for the same disability. The applicant must be below sixty (60) years of age. Note: The Disability Pension granted shall be discontinued once the beneficiary attains the age of sixty (60) years.,"Registration Process as a Building/ Construction Worker: Step 1: Visit the official Website of Karnataka Building & Other Construction Workers Welfare Board (KBOCWWB) and click on “Register”. Step 2: Select “Register as New Construction Worker” then enter your mobile number as per the Aadhaar Registered and verify with the received OTP. Step 3: From the dashboard, click on “Registration”. Step 4: Fill in all the mandatory details and upload the required documents. Click on “Final Submit” to complete the registration process. Application Process of the Welfare Scheme: Step 1: Visit the official Website of Karnataka Building & Other Construction Workers Welfare Board (KBOCWWB) and click on “Login”. Step 2: Enter your registered mobile number and the received OTP. Step 3: From the dashboard, click on “Schemes” (After the user Registration is approved, the user can access the schemes page). Step 4: Select the concerned scheme. Fill in all the mandatory details and upload the required documents. Step 5: Review the details and check the declaration box. Now click on “Submit” to complete the application process. Renewal Process: Step 1: Visit the official Website of Karnataka Building & Other Construction Workers Welfare Board (KBOCWWB) and click on “Login”. Step 2: Enter your registered mobile number and the received OTP. Step 3: From the dashboard, click on “Renewal”. Fill in mandatory details and upload the required documents. Step 4: Review the details and click on “Submit” to complete the renewal process. Note: Renewal: Every construction worker must renew their registration with the Karnataka Building and Other Construction Workers Welfare Board every 3 years. If not renewed within this period, a 1-year grace period is granted. After that, the registration becomes invalid. Timeline: Application for this assistance can be submitted within 6 months from the date of issue of disability ID card by the competent authority. Helpdesk: Karnataka Building And Other Construction Workers Welfare Board, Address: Karmika Bhavan, Dairy Circle, Bannerghatta Road, Bangalore-29. Office No: 080-29753078 E-mail: labour.commissioner42@gmail.com",For Registration as a Building/ Construction Worker: Employment Certificate/90 Days Work Certificate ( Form V(A) / V(B) / V(C) /V(D)). Aadhar Card (Self-Attested). Ration Card(non-mandatory). Age Proof (Voter ID Card/Aadhar Card). For the Application of the Welfare Scheme: Beneficiary/original Identity card (Issued by the board). Photocopy of beneficiary's bank passbook. Living Certificate (every year). Ration Card. Employer Certificate. Medical Report. ID card issued by the department for the empowerment of differently abled and Senior citizens. Photocopy of the disabled beneficiary. For the Renewal Process: Employment Certificate/90 Days Work Certificate ( Form V(A) / V(B) / V(C) / V(D) ). Note: In case the death of Beneficiary Nominee should provide a death certificate to the Board.,State,"Social welfare & Empowerment, Health & Wellness",,"Labour, Building Worker, Construction Worker, Pension, Disability, Ex-Gratia",,,,Karnataka
Distress Relief Fund For The Differently Abled (Medical Treatment),drfdamt,"The scheme “Distress Relief Fund for the Differently Abled (Medical Treatment)” was launched by the Department of Social Justice, Government of Kerala. As per G.O.(MS) 4/95 SWD dated 24-01-1995, the Government of Kerala sanctioned the Distress Relief Fund for disabled persons. An amount of Rupees One crore has been deposited in Treasury as a corpus fund. The interest accrued from the fund is being utilized for giving financial assistance to disabled persons for the following purposes: 1.	For medical treatment, including surgery. 2.	To persons who become handicapped due to accidents. 3.	For any other purpose which is not covered by the existing schemes for the handicapped.","Under the scheme, financial assistance of ₹5,000/- per person in a year will be given to the disabled person or who has become handicapped for their medical treatment, including surgery.","The applicant should be a native and resident of Kerala State. The disabled person or who has become handicapped due to an accident is eligible to apply under the scheme for their medical treatment, including surgery. Those differently-abled persons whose annual income does not exceed (₹20,000/- in Rural areas and ₹22,375/- in Urban areas) shall be eligible for financial assistance. Physically handicapped persons shall include the following disabilities/categories: a. Blind b. Deaf and Dumb c. Orthopedically Handicapped d. Mentally Challenged e. Persons in the Below Poverty Line (BPL) category having 40 % disability or more.","Registration Process: Step 01 : To avail of the benefits of the scheme, the applicant needs to visit SUNEETHI- Online Service Application Portal ﻿ Step 02: On the home page, click on “One time Registration” Step 03: Fill in the details like Name, Email ID & Mobile Number and click on ‘Register’. Step 04: The applicant needs to enter the verification code received on the mobile number and click on ‘Verify’. Step 05: Now, a form will open to create the new profile, fill in all the mandatory details and click on ‘Register’. Login/Application Process:  Step 01: Once the registration process is completed, the applicant should visit SUNEETHI- Online Service Application Portal and click on “Citizen Login”. Step 02: Enter the user name i.e. Mobile Number and Password and click on “Sign in”. Step 03: Now, the applicant needs to update all their details i.e. Personal Information, Contact Details, Identity Cards & Bank Details by clicking on the 'Edit' button. Step 04: Once the applicant updated their profile successfully, the schemes will appear on the left side of the screen. Step 05: Select the scheme and click on the “Apply Now” button. Step 06: Fill in all the mandatory details in the application form and click on the ‘Submit’ button.","Identity proof i.e. Aadhaar Card, Voter ID Card Mobile number Email id Passport size photo Doctor's certificate that treatment is necessary Copy of Income Certificate (Original) Bank account details- Copy of bank passbook Other documents, if any",State,"Social welfare & Empowerment, Health & Wellness",,"Distress, Differently Abled, Medical Treatment, Handicap, PwD, Financial Assistance, BPL",20000.0,,,Kerala
Distribution of Female Menstrual Hygiene Kit for the Construction Workers,dfmkftcw,"The ""Distribution of Female Menstrual Hygiene Kit for the Construction Workers"" by the Building and Other Construction Workers Welfare Board, Labour Department, U.T. Administration of Dadra and Nagar Haveli and Daman and Diu, is a welfare scheme for the registered female workers of the board. Under this scheme, the Board shall provide Female Menstrual Hygiene Kit to registered female beneficiaries In order to increase the hygiene level during their Menstrual period. ﻿",Distribution of Menstrual Hygiene Kits to the registered Female members.,For Registration as a Building/ Construction Worker: The applicant should be a resident of U.T. Administration of Dadra and Nagar Haveli and Daman and Diu. The applicant should be a Building/ Construction Worker. The applicant should be between 18 and 60 years. The applicant should have engaged in any building or other construction work for at least 90 days in a given year. For the Application of the Welfare Scheme: The applicant should be a female. The applicant should be a registered member under the Building and Other Construction Workers Welfare Board of U.T. Administration of Dadra and Nagar Haveli and Daman and Diu.,"Registration Process as a Building/ Construction Worker: Step 1: Application for registration is to be made in the prescribed form and is to be accompanied by prescribed documents and a fee of not more than ₹50/-. Step 2: Application for registration has to be made to the officer authorized by the Board on this behalf. Application Process of the Welfare Scheme: Step 1: A registered worker should request a prescribed format for the application from the officer authorized by the Board and should  attach all the mandatory documents (self attested, if required). Step 2: Application shall be submitted to the Member Secretary (BOCWWB) for this benefit. Helpdesk: BOCW Department: EMAIL ID: labour-dnh@nic.in PHONE NUMBER : 0260 - 2642374 ADDRESS: Old Circuit House Building, Opposite Bal Bhawan, Silvassa, Dadra and Nagar Haveli Pin:- 396230",For Registration as a Building/ Construction Worker: Photographs of the concerned worker. Attested copy of Proof of Age. Attested copy of Address Proof. Details of the establishment where the applicant is working. Proof regarding Submission of Registration fees. Any other document as required. For the Application of the Welfare Scheme: Applicant ID Proof. Any other document as required.,State,"Social welfare & Empowerment, Women and Child, Health & Wellness",,"Labour, Building Worker, Construction Worker, Promoting Registration, Menstrual Hygiene Kit, Female, Health, Wellness",,,,
District Central Cooperative Banks and through its Branches: For Maternity Loan through Self Help Groups,dccbfml,"The ""District Central Cooperative Banks and through its Branches: For Maternity Loan through Self Help Groups"" scheme launched by the Co-operation, Food and Consumer Protection Department, Tamil Nadu, offers financial support through Self Help Groups to pregnant women for maternity-related expenses. The loan is capped at ₹2,000/- with an interest rate of 11%, subject to changes. ﻿","Access to Loan: ₹2,000/-. Interest Rate: 11% (subject to change). ﻿",The beneficiary should be a woman. The beneficiary should be pregnant. The beneficiary should be a resident of Tamil Nadu. Loans should be applicable only for Maternity. ﻿,"Step 1: The interested applicant should collect the application form from the District Central Cooperative Banks or its branches. Step 2: In the application form, fill in all the mandatory fields, paste the passport-sized photograph (signed across, if required), and attach copies of all the mandatory documents (self-attest, if required). Step 3: Submit the duly filled and signed application form along with the documents to the concerned authority.. Step 4: Request a receipt or acknowledgment from the concerned authority to whom the application has been submitted. Ensure that the receipt contains essential details such as the date and time of submission, a unique identification number (if applicable).","Identity proof (Aadhaar, PAN card, etc.). Address proof. Proof of maternity. Any other documents (if required). ﻿",State,"Banking,Financial Services and Insurance, Health & Wellness",,"Maternity Loan, Self Help Groups, Women Empowerment, Health And Wellness, Pregnancy",,,,Tamil Nadu
Divyangjan Scholarship Scheme,dssmp,"""Divyangjan Scholarship Scheme"" by the Social Welfare Department, Government of Chhattisgarh provides financial assistance for the education and training of differently-abled children, who are regular students in a school or college. The application needs to be submitted in prescribed format to the District Office, Panchayat and Social Welfare / Janpad Panchayat Office through the Head of the Institution.",₹150/- per month for the Students of 1st to 5th Standard ₹170/- per month for the Students of 6th to 8th Standard ₹190/- per month for the Students of 9th to 12th Standard,The applicant should be a resident of Chhattisgarh. The applicant should be a Student. The applicant should be differently-abled. The applicant should have a disability of 40% or above. The applicant should be a regular student in a college/technical school.,"Step 1: The interested applicant should take print of the prescribed format of the application form available on the official website of the Social Welfare Department, Government of Chhattisgarh. Step 2: In the application form, fill in all the mandatory fields, and attach copies of all the mandatory documents (self-attest, if required). Step 3: Submit the duly filled and signed application form along with the documents, within the prescribed period (if any), to the District Office of Social Welfare / Janpad  Panchayat Office through the Head of the institution.","Disability Certificate Residence Proof (Aadhaar Card, Ration Card, or any government-issued ID). Income Certificate Bonafide Certificate from the school, college, or technical institution. Previous Academic Marksheet Bank Account Details",State,"Social welfare & Empowerment, Education & Learning, Health & Wellness",,"Education, Student, Disability, Scholarship, Financial Assistance",,,,
Doodh Sanjivani Scheme,dssg,"The ""Doodh Sanjivani Scheme"" launched by the Women and Child Development Department, Gujarat, is a welfare initiative designed to improve the nutritional status of children and women in tribal and underdeveloped communities. The scheme benefits children aged 6 months to 6 years and pregnant and lactating mothers registered at Anganwadi centers. It covers 138 tribal and developing communities in 20 districts and is implemented through Anganwadi centers.",Nutritional Support for Children: 100 ml of fortified flavored milk is provided 5 days a week to children aged 6 months to 6 years. Nutritional Support for Mothers: 200 ml of fortified flavored milk is provided 2 days a week to pregnant and lactating mothers.,The applicant must be a child aged 6 months to 6 years or a pregnant or lactating mother. The applicant must be registered at an Anganwadi center. ﻿,Step 1: Visit the nearest Anganwadi center. Step 2: Register yourself or your child with the Anganwadi center. Step 3: Provide the required documents. Step 4: Avail of the benefits during scheduled distribution days.,"Birth Proof for child. Identity proof (e.g., Aadhaar card, ration card). Pregnancy proof for pregnant mothers (e.g., medical certificate). Any other document (if required).",State,"Health & Wellness, Social welfare & Empowerment",,"Nutritional Support, Tribal Welfare, Child Nutrition, Pregnant Mothers",,,,
Dr. Ambedkar Medical Aid Scheme (Revised – 2009),amas-haryana,"The scheme “Dr. Ambedkar Medical Aid Scheme” has been revised and implemented by the Directorate of Welfare of Scheduled Caste & Backward Classes, Government of Haryana in 2009. The scheme is meant to provide medical treatment facilities to patients suffering from serious ailments requiring surgery of the Kidney, Heart, Liver, Cancer, and Brain or any other life-threatening diseases including Knee surgery and Spinal surgery to Scheduled Caste and Scheduled Tribe persons whose annual family income is less than ₹ 1,00,000/- per annum and will be implemented through the following Hospitals: •	All India Institute of Medical Sciences, New Delhi. •	Sanjay Gandhi Post Graduate Institute, Lucknow, Uttar Pradesh. •	Patna Medical College Hospital, Patna, Bihar. •	Jabalpur Hospital and Research Centre, Jabalpur, Madhya Pradesh. •	B. Barua Cancer Institute, Guwahati, Assam. •	Birla Heart Foundation, Kolkata, West Bengal. •	Kalinga Hospital Ltd. Chandrashekharpur, Bhubaneswar, Orissa. •	Tata Cancer Research Institute, Mumbai, Maharashtra. •	Nizam Institute of Medical Sciences, Hyderabad, Andhra Pradesh. •	The Voluntary Health Services, Chennai. •	All CGHS-approved Hospitals as revised from time to time by the Ministry of Health & Family Welfare, Government of India. •	All State Government Medical Colleges attached Hospitals even if not included under CGHS Scheme. •	All State Hospitals. •	All Hospitals recognized by State Government. •	All Hospitals are fully funded by either the Central Government or the State Governments. •	All Government Hospitals in District Headquarters/ major towns where surgery or treatment facility for Kidney, Heart, Liver Cancer, and Brain or any other life-threatening disease including knee surgery and spinal surgery is available. •	In exceptional cases where the Chairperson is personally convinced of the genuineness and justification for the need to cover any Hospital outside the approved list, can be approached for eligible treatment.  Disbursement: 1.	75% of the estimated cost of the treatment will be directly released to the concerned Hospital, with a maximum ceiling limit of ₹ 1,00,000/- in each case, in the form of a crossed cheque/ DD. 2.	The 50% of the total admissible medical aid will be paid, in advance, directly to the Hospital before surgery as the first installment. 3.	The remaining 50% amount will be released to the concerned Hospital after the surgery, on submission of the final bills duly certified by the Medical Superintendent of the said Hospital. 4.	Further, medical aid from the foundation and other sources should not exceed the total estimated cost of the treatment. A certificate in this regard should be obtained from the Medical Superintendent of the concerned Hospital. 5.	The Estimated Cost certificate to be submitted along with the application should contain the date fixed for the surgical operation.","Under this scheme medical treatment facilities provide to the patients suffering from serious ailments of Scheduled Caste and Scheduled Tribe persons whose annual family income is less than ₹ 1,00,000/- p.a. A patient having serious ailments requiring surgery of the Kidney, Heart, Liver, Cancer, Knee, Spinal and Brain, or any other life-threatening diseases may be given treatment.","The applicant shall belong to Scheduled Caste and Scheduled Tribe Community. Annual family income shall not exceed ₹ 1,00,000/- per annum. Those who are suffering from major ailments which need surgery such as kidney, heart, liver, cancer, brain or any other life-threatening disease including knee surgery and spinal surgery.","Application Link: http://haryanascbc.gov.in/sites/default/files/documents/application_form_for_medical_aid.pdf ﻿ Step 01: The applicant shall apply for medical aid in the prescribed application form, duly certified by the Medical Superintendent of the concerned Hospital. The application format is given overleaf. Step 02: The application must be submitted along with the caste certificate, income certificate, ration card, and estimated cost of the treatment duly certified by the Medical Superintendent of the Hospital. Step 03: The application shall be recommended and forwarded by the local sitting Member of Parliament (Lok Sabha or Rajya Sabha) or by the District Magistrate & Collector / Deputy Commissioner of the concerned District or the Secretary in charge of Health & Social Welfare Departments of the State/UT. Step 04: The duly filled-in form should reach the Director, Dr. Ambedkar Foundation, 15, Janpath, New Delhi, at least 15 days before the date of surgery. All the applications received will be processed by Dr. Ambedkar Foundation. ﻿ ﻿","Original Estimated Cost certificate duly signed by the Medical Superintendent of the concerned hospital. Original or attested photocopies of the income certificate, caste certificate, and ration card of the patient. The application should be recommended and forwarded either by a local sitting Member of Parliament (Lok Sabha or Rajya Sabha) or by the District Magistrate & Collectors/Deputy Commissioner of the concerned District or the Secretary in-charge of Health & Social Welfare Departments of State/UT. Medical aid from the Foundation and other sources should not exceed the total estimated cost of the treatment. A certificate in this regard should be obtained from the Medical Superintendent of the concerned Hospital. The Estimated Cost Certificate, accompanied with the application, should contain the date fixed for the surgical operation as far as possible. An attested photograph of the patient should be affixed on the Application Form.",State,"Health & Wellness, Social welfare & Empowerment",,"Medical Treatment, Scheduled Caste, Scheduled Tribe, Hospital, Surgery",100000.0,,"Scheduled Caste, Scheduled Tribe",
Dr. YSR Aarogyasri Health Insurance Scheme,dysrhis,"The ""Dr. YSR Aarogyasri Health Insurance Scheme"" was launched in 2007 by the Govt. of Andhra Pradesh to provide financial aid to low-income families in Andhra Pradesh. The scheme is a unique PPP model in the field of Health Insurance, tailor made to the health needs of poor patients and provides end-to-end cashless services for identified diseases under secondary and tertiary care through a network of service providers from Government and private sector. ﻿ The objective of the scheme are: To provide free quality hospital care and equity of access to BPL families by purchase of quality medical services from identified network of health care providers through a self-funded reimbursement mechanism (serviced by Trust). To provide financial security against the catastrophic health expenditures. To strengthen the Government Hospitals through demand side financing. To provide universal coverage of health for both urban and rural poor of the State of Andhra Pradesh.","The Salient Features of the scheme are: Hospital Care: When hospitalisation is needed, the system covers in-patient treatment for all of the aforementioned illnesses. Out-Patient Care: These treatments are provided as part of the scheme's cashless services by health camps and network hospitals. Cashless Services: When registered family members and beneficiaries demand it, an annual coverage of ₹5,00,000 per family is provided. Pre-Existing Disease Coverage: This plan has an unusual characteristic in that it covers ailments that the recipient was already suffering from before enrolling in the scheme. Follow-Up: The Dr. YSR Aarogyasri program also pays for post-hospitalization operations that can be rather expensive on their own. Affordable Family Health Insurance: Family health insurance allows the complete family to use the covered amount without the requirement for separate policies for each family member. ﻿ The following services will be provided free of cost after admission in hospital: Free Admission. Doctor Consultation. (Every Day). Nursing Services. (Per Day). Necessary Medical Tests. Necessary Medicines. Surgery (Operation) or Treament. Breakfast, Lunch. (Two Meals). Medicine for 10 Days after Discharge. Necessary Charges for Going Home after Discharge. ﻿ Specialities & Treatments Covered: ENT Surgery;  General Surgery;  Ophthalmology;  Septorhinoplasty;  Gynaecology & Obstetrics;  Glaucoma surgery;  Orthopaedic Surgery & Procedures;  Surgical Gastroenterology;  Cardiothoracic Surgery;  Paediatric Surgeries;  Myringoplasty;  Genitourinary Surgeries;  Neurosurgery;  Surgical Oncology;  Medical Oncology;  Radiation Oncology;  Plastic Surgery;  Polytrauma;  Prostheses;  Open Radical Prostatectomy;  Critical Care;  General Medicine;  Infectious Diseases;  Paediatrics;  Cardiology;  Nephrology;  Neurology;  Pulmonology;  Dermatology;  Rheumatology;  Endocrinology;  Gastroenterology;  Psychiatry.","1.   All Rice Card Holders are eligible. 2.   Families which are eligible for YSR Pension Kanuka Card and Jagananna Vidya and Vasathi Deevena Card are also eligible. ﻿ For other families, the following criteria are applicable. ﻿ Landowners holding: Less than 12.00 Acres of wet land Less than 35.00 Acres of dry land Total less than 35.00 Acres (Wet & Dry) ﻿ Annual income of the Households: All households whose annual income is less than or upto Rs.5.00 Lakhs (Salary certificate evidence) Income Tax Payers: Families who are filing Income Tax Returns for annual income up to Rs.5.00 Lakhs are eligible (Income Tax Return evidence). ﻿ Employees: Any employee, other than permanent Government employee/ pensioner, whose annual income is less than or upto Rs.5.00 Lakhs is eligible. It includes outsourcing, Contract, Part time employees, Sanitary workers, Honorarium based employees working in Government sector and employees of Private sector. ﻿ Municipal Property Tax Payers: All households paying Municipal Property Tax for the area less than 3000 SFT (334 Sq. Yds) ﻿ Personal Vehicle: Families/Households not having more than one personal car. ﻿ Source: https://www.ysraarogyasri.ap.gov.in/web/guest/am-i-eligible","There is no separate enrollment, all the BPL families holding valid white ration card are automatically covered from the day of implementation of the scheme. ﻿ Step 1: Visit the official website of Dr. YSR Aarogyasri Health Insurance Scheme: Step 2: Log into your account with your ID and password Step 3: Navigate to the online application form, fill in all the mandatory fields, and attach the required documents. Step 4: Review and submit the completed application form, and keep a printout with you for future reference. Step 5: You can avail the benefits of the scheme by approaching any PHC / CHC / Area Hospital / District Hospital or any of the government hospitals nearer to you or any health camp being conducted near your village with the White card / Health Card and medical reports if any. You can also approach the any of the network hospital directly in case of Emergency. ﻿ A facilitator called ArogyaMithra will be available in all these hospitals to register, facilitate the treatment and guide you for all the services. ArogyaMithras are also available in PHC / CHC / Area Hospital / District Hospital and other government hospitals and in the Health camps to facilitate examination, screening and referral. ArogyaMithras are also placed at network hospital to guide and facilitate cashless treatment in the network hospital.",Aadhaar Card Address Proof Income Certificate BPL Certificate,State,Health & Wellness,,"Health, Insurance",,,,
Dulari Scheme,ds-aandn,"The “Dulari Scheme” was launched by the Health Department, Union Territory of Andaman and Nicobar Islands on 26th January, 2013 to give incentives to newborn baby girls and girl children on passing VIII, X & XII standards. As per the present scheme, the girl child born on or after 26.01.2013 will be eligible to get the benefit under the scheme for birth incentives and the girl children who are below 13 years of age not registered under the Planned family scheme (old scheme) will also get the benefit of this scheme.","As per the scheme, the following benefits are given to the girl child whose parents are domicile of Andaman & Nicobar Islands: Sl. No. Descriptions Amount of Assistance 1 Benefits at Birth- Institution deliver ₹8,000/- ﻿ Benefits at Birth- Home delivery ₹5,000/- 2 Benefits on passing VIIIth Standard ₹5,000/- 3 Benefits on passing Xth Standard ₹10,000/- 4 Benefits on passing XIIth Standard ₹10,000/- 5 Benefits on getting married at the age of 21 years ₹5,000/- 6 Benefits on getting married after age of 25 years ₹10,000/-",The applicant should be a domicile of the Union Territory of Andaman & Nicobar Islands. The applicant should be a woman or girl child to avail the benefits under the scheme. The incentive is being given to those who are born on or after 01.10.2013. The girl children between 0-13 years born before the implementation of the Dulari Scheme and not covered under the Planned Family Scheme shall be given only the educational incentives after passing the VIII Standard which will be fixed in the bank. The amount cannot be drawn before attaining the 18-year age of the girl child or any other rule passed by the A&N Administration. Cessation of Benefits: The benefits will be ceased if the parent or beneficiary provides a falls/concealing statement/certificate. If the child gets married at an early age i.e. before 21 years of age no further benefit will be given. The girl becomes a school dropout (for further benefits only given for education). If the child dies due to any reason before attaining the required age of disbursal of incentive the Directorate of Health Services (DHS) may pass an order to prematurely close the deposit and the amount may be applicable may be given to the parents.,"Online Portal Registration Process: Step 01: Visit online Portal: https://serviceonline.gov.in/login.do ﻿ Step 02: On the home page, click on ‘Register’ and fill in all the mandatory details. Step 03: Click on the ‘Submit’ button and validate your Email ID & Mobile Number using OTP received. Step 04: After successful validation, the applicant will be registered. Dulari Registration Process: Step 01: Applicant can login through their email ID that is used while registering Step 02: Enter Password & Captcha Step 03: Click on ‘Login’ Step 04: After successful login, click on ‘Apply for Services’ and then ‘View all Available Services’ Step 05: Now, search for ‘Dulari’ and click on ‘Dulari Registration’. Step 06: Fill in all the mandatory details, preview the form, and click on ‘Submit’. Step 07: After successful registration, the applicant will receive a registration ID. Dulari Application Process: Step 01: Now, to avail of the benefits of the scheme, the applicants can login through their email ID that is used while registering Step 02: Enter Password & Captcha Step 03: Click on ‘Login’ Step 04: After successful login, click on ‘Apply for Services’ and then ‘View all Available Services’ Step 05: Now, search for the ‘Dulari’ and click on ‘Dulari Scheme’. Step 06: Fill in all the mandatory details, select the incentives claim, and upload all the mandatory documents. Step 07: Preview the application form and click on ‘Submit’.","Identity proof of parent (s) i.e. Aadhaar Card Passport-size photograph of parent (s) Birth Certificate of child Local certificate/domicile certificate/permanent resident certificate Ration Card of Family Address proof of the parent(s) Mark sheet of Class XIII/X/XII, if applicable Bonafide certificate from the school or school leaving certificate, if applicable Marriage registration certificate, if applicable Bank account details/Copy of passbook Any other document as required",State,"Education & Learning, Health & Wellness, Women and Child",,"Girl Child, New Born, Woman, Scholarship, Financial Assistance",,,,
Durghatana Mein Chikitsa Sahaayata Yojana,dmcsy,"""Chhattisgarh Durghatana Mein Chikitsa Sahaayata Yojana"" has been started by the Chhattisgarh Government and manage/run by the Chhattisgarh, Labor Department.","To the registered beneficiaries, medical assistance of ₹ 20,000/- or the actual expenditure incurred on the treatment, whichever is less, will be provided.",The applicant must be a permanent resident of Chhattisgarh state. It is mandatory for construction workers to be registered in any district. Must have completed 90 days as a laborer in the board. ﻿,Registered construction workers can apply through any CSC center or labor office. Get the application form. Fill out with required details. Attach the necessary documents.,Aadhar card. Permanent residence certificate. Bank account details. Hospital certificate.,State,Health & Wellness,,"Financial Assistance, Labor Workers, Accident",,,,
Employee Health Scheme,ehsap,"The Dr YSR Aarogyasri Health Care Trust, under the auspices of the Government of Andhra Pradesh, has implemented the Employee Health Scheme (EHS) with the primary objective of providing quality healthcare to all State Government Employees. The scheme covers government employees, pensioners and their dependent family members, who are eligible for cashless treatment at empanelled hospitals or Network Hospitals (NWH). ﻿ The EHS has replaced the erstwhile medical reimbursement process and offers new features such as post-hospitalisation medical care and treatment of chronic diseases. This scheme is applicable to both serving and retired employees of the state government of Andhra Pradesh. It is aimed at providing comprehensive healthcare services to the beneficiaries and ensuring their well-being by offering high-quality medical services.","In-Patient Treatment: The Employee Health Scheme (EHS) aims to provide cashless hospitalization to eligible beneficiaries such as employees, pensioners, and their dependents. The scheme covers listed therapies for identified diseases, providing end-to-end cashless services until 10 days post-discharge, including coverage of complications up to 30 days post-discharge. Additionally, free out-patient evaluation is available for listed therapies. Follow-Up Service: The EHS provides follow-up services up to 1-year, including consultation, investigation, drugs, etc., on listed therapies. The scheme offers packages that cover a range of services for eligible beneficiaries. Out-Patient Treatment for Chronic Diseases: The scheme covers treatment of pre-defined chronic diseases at notified hospitals. This is aimed at ensuring the well-being of beneficiaries suffering from chronic illnesses. Hospital Stay: Depending on their pay grade, eligible beneficiaries are provided with hospital stays in either semi-private or private wards. Slab A (Pay Grades – I to IV) is entitled to a semi-private ward, Slab B (Pay Grades – V to XVII) is entitled to a semi-private ward, and Slab C (Pay Grades – XVIII to XXXII) is entitled to a private ward. Financial Coverage: The EHS provides financial coverage of up to Rs. 2 lakhs per episode of illness, If packages exceed the ₹2 Lakhs limit, the above sum does not apply; Claims above ₹2 Lakhs are directed for settlement to the CEO of the Aarogyasri Trust",1. Serving employees: All regular State Government employees. A State Government employee will have the meaning as defined under Fundamental Rules. Provincialised employees of local bodies. 2. Retired employees: All Service Pensioners Family pensioners Re-employed service pensioners,"Employees: EHS Employee Registration Process: ﻿ Step 1: Visit the web portal of EHS. Step 2: Enter your Employee ID in the ‘Username’ section and the password. Log in as ‘Employee’ and click on ‘Login’. Step 3: You will be directed to a new page, where you need to enter the required details of all the mandatory fields, then click on ‘Save’. Step 4: Once you have filled all the fields, click on ‘Print Application’ to keep a soft copy of the application as a reference or you could take a printout. Step 5: Now, click on ‘Submit Application’. ﻿ The application will be sent to the employee’s respective Drawing and Disbursing Officer (DDO). Once the DDO verifies the application, the EHS Health Card will be generated. You need to login to the EHS web portal with your username and password to download the card. ﻿ Pensioners: Retired employees or pensioners can register for the EHS service online by following the instructions before they can log in to the EHS web portal. ﻿ Step 1: Visit the EHS Web Portal and log in with your Username and Password. If you do not have the details, contact STO/APPO or dialling EHS Toll-Free Number 104 to know your User ID. Step 2: Sign in with your Username and Password and read the instructions provided on the website. Step 3: Open the Enrollment Form and fill in all the details including your head of department, STO/APPO and District. Step 4: Attach all supporting documents. Step 5: Ensure you verify all data before submitting the application. Step 6: Click on ‘Submit’ and take a printout of the application form. Step 7: Sign the printout of the application form and upload the signed document back online. Step 8: Now, take a printout of the signed application form and submit it with your respective STO/APPO. ﻿ An acknowledgement through SMS or email will be sent to your registered mobile number and email address, respectively. If it is rejected due to errors, then resubmit your application with the correct details.",Aadhaar Card: Scan your Aadhaar Card and ensure the photo and the Aadhaar Number are clearly visible. Photograph: A scan of a 45mm x 35mm ICAO compliant passport size colour photograph of 200Kb size. Disability Certificates (if any) Spouse’s Pensioner ID/Employee ID: A scanned copy of the spouse In case working in the State Government or is a Service Pensioner. Date of Birth Certificate: A scan of the DOB Certificate of dependent family members less than 5 years of age.,State,Health & Wellness,,"Health Coverage, Government Employees, Cashless Treatment, Pensioners, Hospitalisation",,,,
Financial Assistance For Persons With Special Needs,fafpwsn,Details Delhi Social Welfare Department is implementing a disability pension which is fusion of State as well Central Government contribution. The scheme is known as Subsistence Allowance/Financial Allowance to person with special need. The grant is Rs 2500/- per month. These are the below mention disability consider under the scheme. Blindness Low vision Leprosy-cured person Deaf Locomotor Disability Cerebral Palsy Autism Spectrum Disorder Intellectual Disability (Mental Retardation) Mental Illness Dwarfism Muscular Dystrophy Acid Attack Victims Hard of hearing Speech and language disability Specific Learning Disabilities Multiple Sclerosis Parkinson’s Disease Hemophilia Thalassemia Sickle Cell Disease Multiple Disabilities ﻿ ﻿,Benefits The applicants get financial assistance of Rs 2500/- per month till the age of 60.,"Eligibility The age of Disabled persons should not be more than 60 years (0 to 60 years). Family income should not be more than Rs. 75,000/- p.a. from all sources. A resident of the National Capital Territory of Delhi for at least 5 years preceding the date of submission of application. The disability of the applicant should not be less than 40% The Medical Board of Govt. The hospital should issue the disability certificate. Should have a 'single-operated' account in any Bank or Post Office for receiving the payment through an electronic clearing system. This provision may be relaxed in the case of minors, mentally challenged applicants or those who come under the purview of Legal Guardianship as per the rules of the National Trust.",Application Process Log on https://edistrict.delhigovt.nic.in/ ﻿ Under Citizen Corner click on New User Click on select the document – Aadhar or Voter ID Enter your Aadhar Card Number/Voter I Card Number Type the Captcha in the box shown Citizen Registration Form will Open Fill up all fields including details of Present Residential Address & Click on Continue. Login ID and Password will be received on the given mobile number/e-mail address. Now Registration on the e-district portal is complete Registration for Financial Assistance Services. Click on Registered User Login. Enter the given login ID and Password and Click on Login Go to Main Page (Main Page) will open click on apply online. Drop Box apply for services will open – click A list of Departments providing online services shall open – Select Department of Social Welfare. Three Financial Assistance Schemes will be shown. Choose Disability Pension Scheme and Click on Apply. Check the BASIC/PERSONAL DETAILS FORM and click on Continue. The form will open fill up all required fields & upload all required documents as per the requirement of the scheme selected. Then click next and upload a photograph Then click on finish. One OTP will be received on the registered mobile number. Enter OTP and Submit. Acknowledgement of successful submission shall be generated.,"List of the required documents For applying, self-attested documentary proof for the following needs to be scanned and uploaded. Age proof (any document as listed for Old Age Pension). Residence proof. Bank a/c number (Single a/c). This provision may be relaxed in the case of minors who can have a bank account under guardianship. Disability Certificate issued by a Government Hospital as per norms. One passport-size photo of the applicant. Income self-declaration (format given on the portal can be used).",State,Health & Wellness,,,,,,
Financial Assistance For Procuring Mobility Equipment To Disabled Ex-Servicemen (All Ranks),affdf,"The scheme ""Financial Assistance For Procuring Mobility Equipment To Disabled Ex-Servicemen(All Ranks)"" by the Department of Ex-Servicemen Welfare of the Ministry of Defence, provide financial assistance for the procurement of modified scooter for those Ex-Servicemen (ESM), who are disabled after their retirement from service with disability of 50% or more. After their retirement, most of the ESMs continue to be engaged in physically challenging activities/work. Some of them unfortunately become handicapped due to accidents etc after their retirement and need mobility equipment such as modified scooters, crutches and wheelchairs to carry on with their life. To procure mobility requirements, the Kendriya Sainik Board (KSB) provides financial assistance to disabled ESMs from the Armed Forces Flag Day Fund (AFFDF). ﻿ ﻿","A financial assistance of a maximum of ₹ 1,00,000. The beneficiary can re-apply for new mobility equipment after the lapse of 10 years from the date of purchase of the previous equipment.",The applicant should be an Ex-Serviceman. The applicant should be disabled after retirement from the service. The percentage of the disability should be 50% or more. The applicant should not be covered under a similar scheme of the Army/Navy/Air Force. The application of the applicant should be recommended by the respective Zila Sainik Board (ZSB). The applicant should be capable of personally utilizing the mobility equipment provided.,"Step 1: In the Registration Form , fill in all the mandatory fields and upload the required documents. Step 2: Fill in the verification code, and click ""Submit"" to complete your registration. Step 3: Take a print of the submitted registration form, attach the self-attested copies of the required documents, and submit the same at the respective ZSB. ﻿ Post-Application Processes Step 1: The Zila Sainik Welfare Office (ZSWO) will scrutinize the application, and if found correct in all respects, will forward it directly to Kendriya Sainik Board (KSB) Secretariat for payment. Step 2: On receipt at the KSB Secretariat, the Welfare Section-in-Charge will assign the application to a particular clerk who will enter desired data from the applications into the computer. Another clerk will be designated to check the correctness of the entries. Step 3: The Section-in-Charge will verify the same and put up the case in the relevant file for processing to JD(Welfare) who will obtain the approval of the Secretary, KSB. Step 4: After approval at KSB, the application will be processed for payment. ﻿ Track Application Status Step 1: Visit the Official Website of the Kendriya Sainik Board (KSB) and click the “ Status of Application ”. Step 2: Enter your DAK ID and the verification code. Click on the “Search” button to check the status of your application.","Copies of the following documents duly attested by concerned ZSWO Complete Discharge Book/Document/Certificate. ESM Identity Card. Documentary evidence showing the nature of activity in which disabled. Disability Certificate issued by Armed Forces Medical Authority, indicating nature of disability and recommended procurement of mobility equipment. Financial estimate for a modified scooter from an authorized dealer indicating type, make and specifications of the mobility equipment. Details of Bank A/c No (in PNB/SBI only) and IFS Code.",Central,Health & Wellness,,"Ex-Servicemen, Person With Disability, Sainik, Handicapped, ESM",,,,
Financial Assistance for Medical (JKBOCWWB),fafmjkbocwwb,"The scheme ""Financial Assistance for Medical"" is a scheme by the Building and Other Construction Workers Welfare Board, Labour Department, Jammu & Kashmir. The scheme provides financial aid to registered workers' children for various medical needs, provided the worker has been engaged in building or construction work for at least 90 days in the preceding 12 months. Under this scheme, workers can receive ₹5,000/- for injury treatment, ₹10,000/- for temporary disability, ₹75,000/- for permanent disability, and up to ₹1,00,000/- for the treatment of chronic diseases.","Financial Assistance in the Case of Injury: ₹5,000/- Financial Assistance in the Case of Temporary Disability: ₹10,000/- Financial Assistance in the Case of Permanent Disability: ₹75,000/- Financial Assistancein the Case of Treatment of Chronic Diseases: ₹1,00,000/-","For Registration as a Building/ Construction Worker - The applicant should be a resident of Jammu & Kashmir. The applicant should be a Building/ Construction Worker. The applicant should be between 18 and 60 years. The applicant should have engaged in any building or other construction work for at least 90 days during the preceding 12 months. The applicant should be registration is renewed annually. For Application to this Scheme - The applicant must be a registered member of the Building and Other Construction Workers Welfare Board of Jammu & Kashmir. The applicant should be suffering from an injury, a disability, or from a chronic disease.","Registration - Step 1: Go to the J&K Building and Other Construction Workers Welfare Board (JKBOCWWB) official website. ﻿ Step 2: On the homepage, find and click the "" Labour Registration"" link. Step 3: If you're a new user, click on ""Apply for New Registration."" Step 4: Complete the registration form with your details, submit the form, and send the OTP to your registered mobile number. Enter the OTP and click ""Verify OTP & Submit."" Step 5: After the OTP is verified, a confirmation message with your Login ID and password will be sent to your registered mobile number. Step 6: Use the Login ID, password, and captcha to log in (remember, the username and password are case-sensitive). filled are case-sensitive). Read all the instructions carefully and Click to continue Step 7: Once logged in, choose the ""Construction Worker’s Registration"" option and click on ""Registration Form."" Step 8: A dashboard will appear. Complete the form by entering all required details (marked with *). Step 9: Upload all the important documents, such as ID proof and other relevant certificates. Step 10: Once the form is completed and documents uploaded, click ""Submit"" and pay the application fee online. You will receive a registration number after successful payment and submission. ﻿ Application - Step 1: Go to the official website of the Jammu & Kashmir Building and Other Construction Workers Welfare Board. Step 2: Click on ""Login,"" enter your details, and sign in to your account. Step 3: After logging in, click on ""Scheme Registration"" and select ""Apply for Scheme."" Step 4: Choose the scheme you wish to apply for in order to avail the benefits. Step 5: Enter all required information and upload the necessary documents as prompted. Step 6: Finally, click on ""Submit Application"" to complete the process. ﻿ Status Tracking - Applicant can track their application status online through the official website of the  Jammu & Kashmir Building and Other Construction Workers Welfare Board. Relevant updates will be sent to the registered mobile number.","For Registration Identity proof i.e. Aadhaar Card, Voter Card Passport-size photograph Attested work experience document Proof of residence Ration Card Bank account details Caste Certificate (If applicable) Proof of age Any other documents as required For Application Identity proof/ID Card of Worker Undertaking by applicant Certificate of Medical Officer of Government or Private Empanelled hospital Original Bill of expenditure on the treatment Any other documents as required",State,Health & Wellness,,"Worker, Construction, Labour, Medical, Financial Assistance",,,,
Financial Assistance for Medical Treatment of Journalists,famtj,"The Tamil Development, Religious Endowments, and Information Department scheme was launched by the ""Financial Assistance for Medical Treatment of Journalists"".  Under this scheme, financial assistance was provided to four Journalists for medical treatment and to the daughter of a journalist for surgery. The total financial assistance extended under the scheme was ₹50,000/-.","Medical Assistant of ₹50,000/-.",The petitioner should be working as a full-time working journalist. The petitioner should have work experience of at least 5 years. The petitioner must apply within three months of undergoing medical treatment. The annual income shall not be taken into account for obtaining medical assistance funds for journalists. The treatment must be conducted in hospitals recognized by the Tamil Nadu State Hospital Organization. The retired journalist receiving government pension are eligible to apply but they will receive 50% of the financial assistance.,"Step 1: The interested applicant can download the application form from the official website. Step 2: In the application form, fill in all the mandatory fields, and attach copies of all the mandatory documents (self-attest, if required). Step 3: Submit the duly filled and signed application form along with the documents to the District Information and Public Relations Officer. Step 4: Request a receipt or acknowledgment from the District Information and Public Relations Officer to whom the application has been submitted. Ensure that the receipt contains essential details such as the date and time of submission, and a unique identification number (if applicable). NOTE 1: If there is less space for writing details in the forms, write the details on a separate sheet of paper and attach it to the application. NOTE 2: Candidate should send two completed application forms with all details duly filled and attached with relevant certificates.","Proof of employment / Copy of government order issued for receiving pension (only if receiving pension) Income Certificate Experience Certificate Residential Certificate - Copy of family card / Voter ID card Two photographs Treatment Certificate (A certificate from a recognized hospital regarding the disease from which the applicant is suffering) Tentative Cost Copy (the type of treatment/surgery required, and an approximate estimate of the cost of surgery, with the doctor's and hospital's round seal, should be attached to the application)",State,"Health & Wellness, Social welfare & Empowerment",,"Medical, Financial Assistance, Daughter, Disease",,,,Tamil Nadu
Financial Assistance for Miscarriage for the Construction Workers,famcw,"The ""Financial Assistance for Miscarriage for the Construction Workers"" by the Delhi Building and Other Construction Workers Welfare Board, Labour Department, Delhi, is a welfare scheme for the registered workers of the board. Through this scheme, the female member or wife of a male member of the fund may be given ₹3,000/- as financial assistance in case of miscarriage. The said benefit shall be available for above beneficiaries from the date of their becoming members of the Fund. ﻿","An amount of ₹3,000/- as financial assistance in case of miscarriage to the female member or wife of a male member of the fund. ﻿","For Registration: The applicant should be a resident of Delhi. The applicant should be a Building/Construction Worker. The applicant should be between 18 and 60 years. The applicant should have served the Board for at least 90 days in a given year. For Application: The applicant should be a registered women member Under the Delhi Building and Other Construction Workers Welfare Board. Or, The applicant should be a wife of registered male member Under the Delhi Building and Other Construction Workers Welfare Board. The applicant should have suffered a miscarriage during the delivery. ﻿","Registration: Step 1: Visit the DBoCWWB website and click “Register Now”. Step 2: Enter the following mandatory details: Aadhaar Card Number, Name as on Aadhar Card, Mobile Number, Date of Birth (as on Aadhar Card), Gender, etc. Create a password and confirm it. Click “Register”. You will be redirected to the registration page. Step 3: On the registration page, fill in the mandatory details (Father Name, Mother Name, Photograph, Applicant’s Video, etc) and upload the mandatory documents in the specified filetype and filesize. Click “Save & Next”. Step 4: On the next page, enter the mandatory details regarding your work/workplace (Previous/Current Employer Details, Proof of 90 Days Employment, etc) and upload the mandatory documents in the specified filetype and filesize. Click “Save & Next”. Step 5: Click on “Add Family Members” to avail the benefits of various schemes. Step 6: In the next window, add your Bank Account details. Step 7: In the next window, upload your Aadhaar Card, Address Proof, Birth Proof, Employment Proof, Bank Account details etc. Step 8: In the next window, the ""Affidavit of the Applicant"" will be displayed. Verify all the details, and click on the checkbox. Step 9: Proceed for the online registration fee of ₹25/- through a Debit Card/ Internet Banking/ UPI. Step 10: Enter the OTP received on your registered mobile number to apply. Note down the Application Number for future reference. Download the acknowledgement receipt. Track Your Application: Visit the homepage of the website regularly and click on ""Track Your Application"" to check the status of your application. Application: Step 1: Visit the DBoCWWB website and click “Apply for Scheme”. Step 2: Log in through Aadhaar Number/ Registration Card/ OTP. Step 3: Apply for the “Miscarriage Assistance” scheme. ﻿ Helpline Number (24x1) : 011-41236600 DBOCWWB Department Number (office hours: 9:30AM - 6:00PM) : 011-23813846 ﻿",In case in Hospital: Miscarriage certificate (issued by medical Authority). In case at Home: Proof of visiting a Hospital/ Nursing Home in connection with the pregnancy in the pregnancy period. ﻿,State,"Health & Wellness, Women and Child",,"Labour, Miscarriage, Medical Assistance, Construction Workers, Financial Assistance, Women",,,,
Financial Assistance for Treatment of Chronic Diseases (HBOCWWB),fatcdhbocwwb,"The scheme “Financial Assistance for Treatment of Chronic Diseases” is implemented by the Haryana Building and Other Construction Workers Welfare Board (HBOCWWB), Labour Department, Government of Haryana. Under this scheme, financial assistance is provided to registered workers for indoor treatment of chronic diseases like Cancer, TB, AIDS, etc. as per government rules.","Under this scheme, financial assistance up to ₹1,00,000/- is provided to registered workers for indoor treatment of chronic diseases like Cancer, TB, AIDS, etc.","The applicant should be registered under the Haryana Building & Other Construction Workers Welfare Board. The registered worker must have a regular membership for one year. The workers who are registered and require indoor treatment for chronic diseases such as cancer, tuberculosis (TB), AIDS, etc., are eligible to apply under the scheme. The application frequency is limited to once.","Registration of a Construction Worker Under HBOCWWB: Step 01: The construction worker should visit the Official Website of the Labour Department Haryana. Step 02: On the home page, click on the “Building & Ors Const. Workers Welfare Board” link. Step 03: Applicant has to read all the instructions and then “Tick” the acknowledgment, then click on the “Submit” button. Step 04: Verification using Parivar Pehchan Patra (PPP)- Family ID: a) Forget/not having Family ID: If you do not have PPP ID or forget the PPP ID, then you have to select that radio button and you are redirected to the PPP Portal to get their PPP ID. b) Having a Family ID: If you have a family ID, then only you can move to the next step for registration. To proceed further, follow the given steps: • Select the “I have family ID” radio button • Enter Parivar Pehchan Patra number - Family ID • Click on “Fetch Family Details” which displays the family members registered under the given Family ID • Select a family member for registration • Enter the OTP that is being sent to the selected family member for verification • Click on “Click to Verify” Step 05: Aadhaar Verification before Registration: Provide your Aadhaar number and tick mark the checkbox for the declaration. Click on the “Continue” button. Step 06: After verification, fill out the complete registration form and submit the form. Step 07: Login into the account: After the final submission of the registration form, a worker can login into his/her account using their username and password but unable to avail of any benefit. Step 08: To avail of the benefits, a worker has to pay the registration fee and add a work experience of a minimum of 90 days of the preceding year. Step 09: Now, the worker needs to add work experience, to add 90 days of experience, the applicant has to fill in all the details where he/she has worked. Step 10: The schemes and other benefits can be availed once the 90 days’ work experience is approved by the Officer. Apply for Scheme: Registration Process on Antyodaya-SARAL Portal: Step 01: To avail of the benefits of the scheme, the applicant needs to visit the Official Portal - Antyodaya-SARAL Portal ﻿ Step 02: If the applicant is not registered on the portal, then he/she gets registered on the portal. Step 03: For registration, click on “New User/Register Here” and fill in all the mandatory details i.e. Name, Email ID, Mobile Number & password. Click on ‘Submit’. Step 04: Applicants will receive the login ID on their mobile number. Login to Apply for the Scheme: Step 01: Visit the Official Portal - Antyodaya-SARAL Portal ﻿ Step 02: The “Sign in here” option is available on the right side of the screen. Applicant needs to fill in their credentials and click on the ‘Login’ button. Step 03: In the opened window, click on “Scheme/Services list” and a list of schemes will appear on the screen. Step 04: Now, select the scheme and click on “Apply for Service/Scheme”. Step 05: Fill in all the details asked in the online application form and submit the application form. ﻿ HBOCW Registration User Manual  HBOCW Registration Basic Instructions & Features ﻿","Documents required for registration under HBOCWWB: Identity proof i.e. Aadhaar Card, Voter Card Passport-size photograph Attested work experience document Proof of residence Ration Card Bank account details Caste Certificate (If applicable) Proof of age Parivar Pehchan Patra (Family ID) Disability certificate (If applicable) Any other documents as required Documents required for Scheme Benefits: Identity proof/ID Card of Worker Undertaking by applicant Certificate of Medical Officer of Government or Private Empanelled hospital Original Bill of expenditure on the treatment Any other documents as required",State,Health & Wellness,,"Building Worker, Construction Worker, Labour, Treatment, Chronic Diseases, Financial Assistance, Cancer, TB, AIDS",,,,
"Financial Assistance for the Treatment of Blind, Disabled, Deaf, Dumb, or Mentally Challenged Ex-Servicemen and their Dependents (Wife and Children)",faafbdmmresf,"The ""Financial Assistance for the Treatment of Blind, Disabled, Deaf, Dumb, or Mentally Challenged Ex-Servicemen and their Dependents (Wife and Children)"" scheme was launched by the Department of Sainik Welfare, Government of Rajasthan. The scheme aims to provide monthly financial assistance for the treatment of ex-servicemen and their dependents (wife & children) who have a disability of 40% or more and are suffering from serious illnesses such as cancer, leprosy, tuberculosis, kidney and cardiac ailments, paralysis, etc. Only an ex-serviceman of the rank of Havildar or below or a member of the family of an ex-serviceman whose disability is 40% or more is eligible to apply. This scheme came into effect on 01.07.2020, and financial assistance will be granted from the first day of the month in which the application is approved.","Financial Assistance: S. No. Percentage of Disability Financial Assistance Priority 1 80% and above ₹3,000/- per month First Priority 2 60% but less than 80% ₹2,000/- per month Second Priority 3 40% but less than 60% ₹1,000/- per month Third Priority Note: The assistance is provided for three years. After that, the applicant will re-apply for renewal. The financial aid is disbursed online through the District Sainik Welfare Office. A maximum of two disabled family members of an ex-serviceman can avail of this benefit. The financial assistance will cease upon the death of the disabled ex-serviceman or the disabled family member.","The applicant should be a native of Rajasthan. The applicant should either be an ex-serviceman as defined by the Government of India or a dependent family member (excluding parents) of ex-serviceman. Only an ex-serviceman holding the rank of Havildar or below, or their family members, are eligible to apply. The ex-serviceman or their dependent should have a disability of 40% or more. Both pensioner and non-pensioner are eligible. However, ex-serviceman who is already receiving a disability pension from the Army cannot apply for financial assistance for himself based on their disability. He may apply on behalf of a disabled family member with 40% or more disability. Under this scheme, the family members do not include parents. Only wife/widow, son/daughter are included. The ex-serviceman’s disability will be considered valid regardless of whether it occurred during military service or after retirement. The name of the disabled wife, son, or daughter should be recorded in the discharge book or Part II Order of the ex-serviceman. Assistance will not be provided to more than two members of the same family, including the ex-serviceman. A valid recommendation from the District Sainik Welfare Officer (DSWO) is mandatory.","Application Process: Step 1: The interested applicant should visit the office of the District Sainik Welfare Office and request a hard copy of the prescribed format of the application form from the staff exclusively entrusted to issue and collect filled-in applications. OR The applicant should download the application form (Page No. 5) from the official website. Step 2: In the application form, fill in all the mandatory fields and attach copies of all the mandatory documents (self-attest if required). Step 3: Submit the duly filled and signed application form along with the documents to the District Sainik Welfare Office. Step 4: Request a receipt or acknowledgment from the District Sainik Welfare Office to whom the application has been submitted. Ensure that the receipt contains essential details such as the date and time of submission and a unique identification number (if applicable). NOTE: If the ex-serviceman/widow is alive, they apply; otherwise, a family member/guardian applies if the disabled applicant is unable. The application should be made through the same District Sainik Welfare Officer from whom the ex-serviceman/widow's identity card was issued. Beneficiaries must reapply every three years for renewal. Post-Application Process: Step 1: The District Sainik Welfare Officer will verify the documents and forward the application to the Director, Sainik Welfare Department, Rajasthan, Jaipur. Step 2: A committee will review the applications every six months. Step 3: Approved applicants will receive financial assistance online.","Discharge Book/Service Particulars Disability Certificate issued by a competent medical authority Ex-Serviceman/Widow/Dependent ID Card issued by the District Sainik Welfare Office Pension Payment Order (PPO), if applicable Death Certificate (in case of deceased ex-serviceman or widow) Aadhaar Card of the applicant Bank Passbook Copy Any other documents as required",State,Health & Wellness,,"Financial Assistance, Medical Treatment, Person With Disability, Ex-Servicemen, Illness, PwD",,,,
Financial Assistance to Old Age Pensioner Suffering From TB/ Cancer,faoapstbc,"The scheme “Financial Assistance to Old Age Pensioner Suffering From TB/ Cancer” by the Department of Women & Child Development, Government of Puducherry, was introduced to extend a helping hand by way of a monthly financial assistance of ₹ 500/- to Old Age/Destitute Pensioners who are suffering from TB/Cancer to meet out the medical expenses.",₹500/- per month in addition to the old age pension amount.,The applicant should be a citizen of India. The applicant should be 60 years or above in age. The applicant should be a Old Age Pensioner or a Destitute Pensioner. The applicant should be suffering from T.B./Cancer.,"Step 1: The interested applicant should visit (during office hours) the Office/ Sub-Office of the Department of Women and Child Development, and request the hard copy of the prescribed format of the application form from the staff exclusively entrusted to issue and collect filled-in applications. OR The interested applicant should take print of the prescribed format of the application form. Step 2: In the application form, fill in all the mandatory fields, paste the passport-sized photograph (signed across, if required), and attach copies of all the mandatory documents (self-attest, if required). Step 3: Submit the duly filled and signed application form along with the documents to the Deputy Director (Women Development) or the Child Development Project Officer (depending on the location), at least 30 days before the proposed marriage date. Step 4: Request a receipt or acknowledgment from the concerned authority to whom the application has been submitted. Ensure that the receipt contains essential details such as the date and time of submission, and a unique identification number (if applicable).","Aadhaar Card. Residence Certificate from the Revenue Department. Income Certificate from the Revenue Department. Passport-sized Photograph. Declaration/undertaking (if Any). Medical Certificate From the Medical Authority of the Government Hospital or Institution. Photocopy of the Old Age Pension Book. ﻿ In the absence of an Aadhaar Card; the applicant is required to provide his/her Aadhaar Enrolment ID along with ANY ONE of the following documents - 1. Bank or Post Office Passbook with Photo. 2. Permanent Account Number (PAN) Card. 3. Passport. 4. Ration Card. 5. Voter Identity Card. 6. MGNREGA Card. 7. Kisan Photo Passbook. 8. Driving license issued by the Licensing Authority under the Motor Vehicles Act, 1988 (59 of 1988). 9. Certificate of identity having a photo of such person issued by a Gazetted Officer or a Tehsildar on an official letterhead. 10. Any other document as specified by the Department. ﻿",State,"Health & Wellness, Social welfare & Empowerment",,"Cancer, Pension, TB, Senior Citizen, Financial Asisstance",,,,
Financial Assistance to Poor Scheduled Caste People Suffering From Prolonged Diseases,fapscpspi,"The scheme “Financial Assistance to Poor Scheduled Caste People Suffering From Prolonged Diseases” was introduced by the Adi Dravidar Welfare Department, Government of Puducherry. The objective of the scheme is to provide assistance to poor patients from Scheduled Castes who are suffering from prolonged illness and unable to earn their livelihood.",Financial Assistance of ₹500/- per month.,"The applicant should be a citizen of India. The applicant should have resided continuously in the Union Territory of Puducherry for at least five years. The applicant should be from Scheduled Caste. The applicant should be at least 18 years of age. The annual income of the applicant should not be more than ₹2,00,000/-.","Step 1: Visit the Official Website of the e-District Portal of the Government of Puducherry. Step 2: At the top right corner of the home page, click "" Login "". In the login screen, click "" Register a New Membership "". Step 3: On the Registration Page, fill in all the mandatory fields: Username, Password, Confirm Password, Personal Details (Full Name, First Name, Email Address, Address, Current Address, Gender, Date of Birth, Mobile Number). Agree to the declaration. Fill in the Captcha Code, and click ""Signup"". Step 4: Visit the Official Website of the e-District Portal of the Government of Puducherry. Step 5: At the top right corner of the home page, click "" Login "". In the login screen, provide your Username and Password, fill in the Captcha Code, and click ""Sign In"". Step 6: On the next screen, a list of schemes by the Government of Puducherry will be displayed Department-wise. Step 7: Click on the scheme you wish to apply for. You will be taken to its online application form. Step 8: In the application form, fill in all the mandatory fields (marked with a red asterisk) and upload all the mandatory documents (self-attest if required). Step 9: Tick the declaration stating ""I hereby declare that the above-mentioned details are true and correct as per the best of my Knowledge"". Submit the application and note the application number for tracking your application . The application number will also be received on your Registered Mobile Number / Registered Email ID. *Track Your Application  here ﻿ * Access the User Manual for Online Application  here ﻿",Residence-cum-nativity Certificate. Aadhaar Card. Voter Card. Caste Certificate. Recent Passport-Size Photograph. Bank Passbook. Caste Certificate. Income Certificate. Medical Certificate. Ration Card.,State,"Health & Wellness, Social welfare & Empowerment",,"Disease, Illness, Medical, Hospital, Doctor, Financial Asisstance, Scheduled Caste",200000.0,,Scheduled Caste,
Financial Grants In Aid To SC/ST Patients Suffering From Cancer And Other Malignant Diseases,grants-in-aid-to-scst-patients,"The Scheduled Castes people who constitute 7.15% and the Scheduled Tribe people who constitute 12.44% of the total population of the State of Assam as per the 2011 Census are Socio Economically backward. Special provisions have been enshrined in the Constitution for the welfare of SC / ST people in every sphere of their life. There are a number of SC/ST people suffering from cancer and other malignant diseases who are unable to carry forward the treatment of their diseases due to the economic hardships faced by them. The Government has decided to bring some succour to such patients by making available some financial assistance in the form of grants in Aid to SC /ST patients suffering from cancer and other malignant diseases. The objective of this scheme is to provide financial assistance in the form of grants in Aid to SC/ST patients who are suffering from cancer and other malignant diseases and are unable to afford advanced treatment due to their Socio-economic condition prevalent in the community. Under the scheme, SC/ST patients will be given a one-time, fixed financial assistance of ₹ 50,000/- (Rupees Fifty thousand) only. ﻿","The scheme shall help SC/ST patients suffering from cancer and other malignant diseases to carry forward the treatment of their diseases by making available some financial assistance in the form of grants in Aid. Under the scheme, SC/ST patients will be given a one-time, fixed financial assistance of ₹ 50,000/-only.",The applicant must belong to a SC/ST community of Assam. A person suffering from cancer or other malignant diseases may apply. No person shall be eligible to claim this financial aid more than once.,"Step 01: Advertisement shall be made in leading widely circulated newspapers inviting applications from SC/ST Persons Suffering from Cancer or other malignant diseases seeking lump-sum financial assistance in the form of grants in Aid, through Sub-divisional Welfare Offices / ITDPs or directly to the Directorate of Welfare of Scheduled Castes, Assam/Directorate of Welfare of Plain Tribe and Backward Classes, Assam. Applications should be made along with all the relevant documents. ﻿ Step 02: Applicants should apply as per the criteria sought in advertisements circulated in Newspapers. ﻿ Post-Application Processes: ﻿ Step 01: A Scrutiny Committee shall be constituted by the Director of Welfare of SC, Assam /Director of Welfare of Plain Tribe and Backward Classes, Assam which will scrutinize the documents submitted by the applicants and submits its findings in a report to the Selection Committee within a week. ﻿ Step 02: The Selection Committee will look into the report submitted by the Scrutiny Committee. The Committee shall finally select the list of SC/ST patients suffering from cancer and other malignant disease, who shall be able to avail the financial assistance after ensuring that all the eligibility criteria required availing the benefit of the Scheme, are fulfilled by the applicants. ﻿ Note: Applications may be made online as and when the Official Website of the Directorate of Welfare of Scheduled Castes, Assam, Directorate of Welfare of Plain Tribe and Backward Classes, Assam starts to be fully functional. ﻿",Caste Certificate in prescribed Performa of applicant suffering from Cancer or other malignant diseases issued by the concerned authority. Medical certificate of the applicant and relevant documents. Passport size Photograph of the applicant. Bank Account No. along with IFSC of the applicant.(copy of Front Page of Bank Pass Book ) Caste Certificate Bills of medical expenses. Income certificate,State,"Health & Wellness, Social welfare & Empowerment",,"Scheduled Caste, Scheduled Tribe, Medical Treatment, Patients, Financial Assistance",,,"SC, ST",
Financial Incentives To Mothers Who Deliver A Girl Child (Mamta),fimdgc,"The scheme ""Financial Incentives to Mothers who Deliver a Girl Child (Mamta)"" is a scheme of Financial Assistance by the Directorate of Women And Child Development, Govt. of Goa. The objective of the Mamta Scheme is aimed at improving the Female Child Sex Ratio in the State. The scheme is open to all mothers who deliver a live Girl Child (max. 02 deliveries) in a registered medical institution. ﻿ Implementing Agency The scheme shall be implemented through the ICDS i.e. Child Development Project Officer, Mukhya Sevikas, and Anganwadi Worker at Taluka/Block Level and Viliage Level respectively.","₹ 10,000/- as a one-time financial incentive (at the birth of the child). Those beneficiaries who had applied for the 1st Installment of ₹ 5,000/- (as on the date of this Amended Scheme published in the Official Gazette) shall be eligible for ₹ 10,000/- as per the amended scheme. ﻿ NOTE 1: Those beneficiaries who were paid the 1st Installment of ₹ 5,000/- under the existing scheme shall be eligible for only the balance amount (2nd instalment) of ₹ 5,000/- (to apply within 45 days from the date of the Amended Scheme published in the official Gazette). ﻿ Mode of Disbursal The benefits are directly credited to the declared Bank Account.","The applicant should be a mother who has delivered a live Girl Child in a registered medical institution. The applicant should be a resident of Goa for at least three years. OR The applicant should be married to a resident of Goa. The application for the scheme should have been made within 45 days of the delivery. NOTE: The scheme is available to all mothers, irrespective of their social/economic status.",The eligible mother shall apply in the prescribed format to the Child Development Project Officer of the ICDS Block Office of the respective Taluka at Anganwadi Centres. NOTE: The application should be made within 45 days of the delivery of the Girl Child.,"Certified/Self-Attested Copy of Aadhaar Card. Certified/Self-Attested Copy of Birth Report/Certificate from Registered Institution. Proof that the Applicant (the Mother) has been a Resident of Goa for at least 3 years OR Proof that the Applicant (the Mother) has been married to a resident of Goa (Marriage Certificate, and Residential Certificate of Husband). Pre-Receipt in duplicate (Annexure-2) (For New Beneficiaries). Pre-receipt in duplicate in (Annexure-3) (for those beneficiaries who were paid the 1st Installment under the old Scheme).",State,"Health & Wellness, Women and Child",,"Mother, Pregnant, Birth, Girl Child, Medical Institution, ICDS",,,,
Free Distribution of Rice to Differently Abled Persons,fdrdap,"The scheme “Free Distribution of Rice to Differently Abled Persons” by the Department of Social Welfare, Government of Puducherry was introduced to distribute free rice or equivalent Direct Benefit Transfer (DBT) to the differently abled persons. The beneficiaries are paid 15 Kgs of rice per month or equivalent DBT. The selection is periodical and depends on the availability of funds.",15 Kg of rice per month or equivalent Direct Benefit Transfer (DBT).,"The applicant should be a Native/Resident of the Union Territory of Puducherry for at least 5 years. The applicant should have an annual income not exceeding ₹75,000/- per annum. The disability of the applicant should be 40% and above. The applicant should be a beneficiary under the ""Grant of Financial Assistance to Differently Abled Person"" scheme.","Step 1: The interested applicant should visit (during office hours) the Office/ Sub-Office of the Department of Social Welfare, and request the hard copy of the prescribed format of the application form from the staff exclusively entrusted to issue and collect filled-in applications. Step 2: In the application form, fill in all the mandatory fields, paste the passport-sized photograph (signed across, if required), and attach copies of all the mandatory documents (self-attest, if required). Step 3: Submit the duly filled and signed application form along with the documents to the authority given below - Puducherry: The Deputy Director, Differently Abled Section, Directorate of Social Welfare. Karaikal: The Assistant Director, Social Welfare Department (Sub Office). Mahe / Yanam: The Welfare Officer (i\c), Social Welfare Department (Sub Office). Step 4: Request a receipt or acknowledgement from the concerned authority to whom the application has been submitted. Ensure that the receipt contains essential details such as the date and time of submission, and a unique identification number (if applicable).","Aadhaar Card. Ration Card. Birth Certificate. Disability Certificate. Income Certificate. Community Certificate. Residence-cum-Nativity Certificate, issued by the competent authority. Recent Passport-Size Photograph. Bank Passbook. ﻿ In the absence of an Aadhaar Card; the applicant is required to provide his/her Aadhaar Enrolment ID along with ANY ONE of the following documents - 1. Bank or Post Office Passbook with Photo. 2. Permanent Account Number (PAN) Card. 3. Passport. 4. Ration Card. 5. Voter Identity Card. 6. MGNREGA Card. 7. Kisan Photo Passbook. 8. Driving license issued by the Licensing Authority under the Motor Vehicles Act, 1988 (59 of 1988). 9. Certificate of identity having a photo of such person issued by a Gazetted Officer or a Tehsildar on an official letterhead. 10. Any other document as specified by the Department.",State,"Health & Wellness, Social welfare & Empowerment",,"Food, Meal, Rice, PwD, Disability",75000.0,,,
Free Medical Card for Media Persons,fmcmp,"The scheme ""Free Medical Card for Media Persons"" by the Department of Information & Publicity, Union Territory of Puducherry, aims to provide free medical facilities to press correspondents and members of their families in Government hospitals /institutions under the control of the Administration. This will include free treatment in the Government hospitals /institutions of Puducherry with entitlement to A-Class Special Wards.","Identification Cards/Certificates will be issued to the eligible media persons for availing the following facilities - Free medical facilities to the press correspondents and members of their families in Government hospitals /institutions under the control of the Administration. Free treatment in the Government hospitals /institutions of Puducherry with entitlement of 'A-Class' Special Wards. In the absence of such wards, wards of the next lower category shall be provided. The free medical facility will also include hospital stoppages, investigation charges, etc. Time of Disbursal: The Medical Card will be issued within a working day from the date of application.",The applicant should be a citizen of India. The applicant should be a native of the Union Territory of Puducherry by birth or by continuous residence for not less than five years. The applicant should be a Press Correspondent.,"The applicant should write a formal letter, attach copies of all the mandatory documents (self-attest, if required), and submit the same to - The Director Department of Information & Publicity 18, Belcombe Street, Puducherry - 605 001 +91-413-2334398, 2336415, 2337078 info.pon@nic.in *The Office Timings are Monday to Friday, 08:45 am to 01:00 pm & 02:00 pm to 05:45 pm.","Nativity and Nationality Certificate ( Form-II ), from an officer of the Revenue Department not below the rank of a Deputy Tahsildar. Media Person's Identity Card, issued by the Directorate of Information and Publicity, Puducherry. Two Passport Size Photographs.",State,Health & Wellness,,"Medical, Hospital, Press, Media",,,,
Full Medical Checkup Assistance Scheme- Gujarat Labour Welfare Board,sfmcas-glwb,"The “Full Medical Checkup Assistance Scheme” is implemented by the Gujarat Labour Welfare Board, Labour, Skill Development & Employment Department, Government of Gujarat. The objective of the scheme is to conduct health check-ups for male Shramyogis above 45 years of age and female Shram Yogis above 35 years of age who are working in the organized sector in the state of Gujarat. Only those workers (Shramyogi) who’s Labour Welfare Fund has been paid regularly by their organization/unit for the last one year will be eligible.",The scheme provides health check-ups for male Shramyogi above 45 years of age and female Shramyogi above 35 years of age working in the organized sector in the state of Gujarat. Note: A fixed amount of ₹1950/- per worker for complete medical check-ups and 25% of this amount is ₹487.50 to be paid by the organization/company.,"Only those workers (Shramyogis) whose Labour Welfare Fund has been regularly paid by their organization/unit for the last one year will be eligible. The male Shram Yogis above 45 years of age and female Shram Yogis above 35 years of age working in the organized sector will be eligible to avail of the benefits under the scheme. The benefit will be given once a year to the labourers. The Gujarat Labour Welfare Board shall not be responsible for any side effects during/after physical examination. After getting in-principle approval from the office here, the medical examination has to be done within 30 days with the mutual agreement of the company and the hospital. Note 01: The company willing to avail the benefits will have to upload the list (Excel Sheet) in the portal. Note 02: Fees paid under this scheme will not be refunded. Note 03: The final decision regarding the scheme will be with the Welfare Commissioner. The jurisdiction will be Ahmedabad.","Application Process for Scheme Benefit: Step 01: The applicant may visit the Sanman Portal: https://sanman.gujarat.gov.in/ ﻿ Step 02: On the home page, under the tab ‘Citizen Login’, click on ‘ Please Register Here ’. Step 03: Enter your Aadhaar Card Number, select user type, and then enter your Labour Welfare Fund Account Number. Step 04: Now, click on ‘Fetch’ & verify the details. Step 05: Enter user details and Password. Step 06: After successful registration, the applicants can login through their User ID and Password. Step 07: Now, select the scheme and read the instructions carefully for the selected scheme. Step 08: Fill out the application form and upload all the relevant documents. Step 09: Agree with the Rules & Regulations and submit the application form. A confirmation email with the application Number will be sent on the registered email ID.",Passport-size Photograph A copy of the identity card issued by the contractor to the worker/labour Aadhaar Card of Labour Labour Welfare Fund Account Number ﻿ Bonafide certificate ﻿ Any other documents as required,State,Health & Wellness,,"Shramyogi, Medical, Checkup, Organized Worker, Labour",,45.0,,
Funeral Assistance Scheme (Madhya Pradesh),fasmp,"Launched on 13th August 2013, the ""Funeral Assistance Scheme"" by the Department of Social Justice and Empowerment, Government of Madhya Pradesh, provides ₹3,000/- for the last rites of destitute individuals and unclaimed bodies. The scheme also supports families registered under labour schemes, especially those in the unorganized sector, who struggle to afford last rites due to financial constraints. The scheme helps ease this burden by providing essential funds for performing the final rites.","A financial assistance of ₹3,000/- is provided.",The applicant must be a native of Madhya Pradesh. The deceased should have been a member of a family registered under the labour cadre schemes operated by the Government of Madhya Pradesh.,"Step 1: The applicant should visit the Gram Panchayat or Public Service Center during office hours and request a hard copy of the prescribed application form from the concerned authority. Step 2: Fill in all the mandatory fields in the application form. Paste a passport-sized photograph (signed across, if required), and attach copies of all necessary documents (self-attested, if required). Step 3: After applying, the applicant will receive an acknowledgement receipt from the office, confirming that the application has been received. Step 4: The submitted documents will be verified by the District Panchayat/ Gram Panchayat/ Urban Body or Ward Office depending on to whom the application was submitted. Step 5: Upon submission of the completed application form and the necessary documents, make sure to take a photocopy of the filled application form and the acknowledgement receipt for your future reference. ﻿ Post Application Processes Once the documents are verified and found to be correct, the application will be approved, and the applicant’s name will be added to the pension proposal for that month. ﻿ NOTE: If any discrepancies or missing information are found, the application will be rejected. In such cases, the applicant will receive a written notice specifying the reason for rejection, and the rejection will be duly recorded in the system.","Certificate issued by the place of cremation/resting place/graveyard etc. of the deceased. Death certificate. FIR in case of death due to accident, quarrel etc. FIR and Panchnama in case of unclaimed dead body. Doctor's certificate in case of death in hospital. Address Proof Bank Passbook/Bank Account Details Any other documents as required",State,"Health & Wellness, Social welfare & Empowerment",,"Funeral, Poor, Death, Financial Assistance",,,,
Funeral Support Scheme (HPBOCWWB),fsphpbocwwb,"The ""Funeral Support Scheme,"" launched by the Himachal Pradesh Building and Other Construction Workers Welfare Board (HPBOCWWB) under the Government of Himachal Pradesh, provides financial assistance of ₹20,000/- (twenty thousand) to the nominees or dependents of a registered beneficiary in the event of the worker's death.","₹20,000/- is provided for a registered worker's death.","The applicant should be a nominee/legal heir of the deceased worker. The deceased worker should have been registered with the ""Himachal Pradesh Building and Other Construction Workers Welfare Board"". The membership of the deceased worker with the Welfare Board must be active.","Step 1: The interested applicant should visit the Labor Welfare Office (during office hours) and request a hard copy of the prescribed application form from the concerned authority. Step 2: In the application form, fill in all the mandatory fields, paste a passport-sized photograph (signed across, if required), and attach copies of all the mandatory documents (self-attested, if required). Step 3: Submit the duly filled and signed application form along with a wage slip or appointment letter from the employer, verifying 90 days of construction work. If unavailable, a certificate from a local authority (such as a councilor, executive officer, or Panchayat Secretary) can be submitted to verify employment. Step 4: After submitting the documents and payment, the worker will receive an acknowledgment receipt confirming their registration.","Identity proof i.e. Aadhaar Card, Voter Card Passport-size photograph Undertaking A copy Work Slip Proof of residence Ration Card Bank account details/copy of bank passbook Caste Certificate Age proof Labour Card Death Certificate Identity proof of the nominee/legal heir Any other documents as required ﻿",State,"Social welfare & Empowerment, Health & Wellness",,"Construction Workers, Building Worker, Funeral, Death, Financial Assistance",,,,
Gambhir Bimari Sahayata Yojana,gbsy,"The Uttar Pradesh Gambhir Bimari Sahayata Yojana is a government-funded scheme that provides financial assistance to such construction workers who are not covered under ""Ayushman Bharat Jan Arogya Yojana"" and ""Pradhan Mantri Jan Aarogya Yojana"" in the UP Building and Other Construction Workers Welfare Board. ﻿ Benefits will be provided to the family member of the construction worker in case of illness, for treatment in any government hospital or autonomous hospital of the Government of India or Uttar Pradesh Government or such hospitals which have been empanelled by the National Health Authority of Ayushman Bharat Pradhan Mantri Jan Arogya Yojana or SACHIS (State Agency For Comprehensive Health Insurance and Integrated Services) functioning at the state level.","Full reimbursement of an amount equivalent to the benefit payable under Ayushman Bharat Scheme on treatment in government/autonomous hospitals or SACHIS empaneled hospitals. In case of medical/surgical treatment, advance amount can also be paid to the hospital after the hospital gives the estimate for the treatment. No maximum amount is fixed. The scheme covers the cost of treatment for a variety of serious illnesses, including: Heart surgery. Kidney transplant. Liver transplant. Brain surgery. Changing the knees of the legs. Cancer treatment. HIV AIDS disease. Eye surgery. Stone Surgery. Appendix surgery. Hydrocele surgery. Surgery for breast cancer in women. Surgery for cervical cancer. Also cover the diseases which comes under Ayushman Bharat Pradhan-mantri Jan-arogya Yojana and Mukhya-mantri Jan-arogya Yojana.",Applicant must be registered workers under labor department. Beneficiary can not get the similar type of government scheme benefits like Pradhan Mantri Jan-Arogya Yojana and Chief Minister Jan-Arogya Yojana. Only below family members are covered Self. Depended parents. Spouse (Husband/Wife). Daughter. Son (only if below 21 years of age),How to get register and apply for the scheme Applicant must visit the below offices Nearest labor office. Tehsildar of the concerned tehsil. Block Development Officer of the concerned development block. Get the application form and fill out the completely. Attach required documents in the prescribed format. Submit the application form in the same office.,"Copy of construction worker registration card. Copy of Aadhar Card. Copy of bank passbook for account number, branch name and IFSC code. Disease related Details. Doctor's certificate on format. Medicines original bill. Certificate of being an unmarried daughter or a daughter below 21 years of age.",State,Health & Wellness,,"Health, Financial Assistance, Construction Workers, Serious Illness",,,,
General Surgery Scheme (P.B.O.C.W.W.B),gsspbocwwb,"The ""General Surgery Scheme'' by the BOCW Welfare Board, Department of Labour, Punjab, is a welfare scheme for the registered workers of the board. Under this scheme, the Board shall provide financial assistance for general surgery of the beneficiary and his family members. ﻿","Financial Coverage: ₹50,000/- or actual expenses, whichever is less. ﻿","For Registration as a Building/ Construction Worker: The applicant should be a resident of Punjab. The applicant should be a Building/ Construction Worker (Unorganised Worker). The applicant should be between 18 and 60 years. The applicant should have engaged in building and construction work for at least 90 days in a given year. The applicant should have a monthly income of ₹15,000/- or below. The applicant should not be a member of any other Welfare Fund established under any law. The applicant should not have membership of the Employees' Provident Fund (EPF)/ National Pension System (NPS)/ Employees' State Insurance Corporation (ESIC). The applicant should not be an income tax payer. For the Application of the Welfare Scheme: The applicant should be a registered member Under the Building and Other Construction Workers Welfare Board of Punjab or should be a family member of the worker. The member should be depositing his contribution to the Board regularly. The applicant should have undergone general surgery for himself or any member of his family.","Registration Process as a Building/ Construction Worker: For new registration of workers please approach the nearby Sewa Kendra or Registering officers/ Labour Inspector. Application Process of the Welfare Scheme: To apply for benefits of the concerned welfare scheme, please approach to nearby Sewa Kendra or Registering Officers/ Labour Inspector of your area. Note: Registration with the Board: A construction worker becomes a member of the board by filling out Application Form No 28 along with depositing registration fees of ₹ 25/- only (once in life) and ₹ 10/- per month as contribution fees. A worker at a time can get himself registered for a minimum period of 1 year & maximum period of 5 years. The registered worker is called 'Beneficiary' of the Board. Important Links: Check Your Registration Application Status: Registered workers can check their registration application status through visiting this link upon entering their Registration Number. Download Registration Card: Registered workers can download their registration Registration Card through visiting this link upon entering their Registration Number. Check your Scheme Application Status: Registered workers can check their scheme application status through visiting this link upon entering their Registration Number. CSC Locator: Visit this link to search nearest Common Service Center (CSC) of your area. List of Sewa  Kendra: Visit this link to see the list of Sewa Kendra. Helpdesk: Punjab Building And Other Construction Workers Welfare Board Address: Labour Bhawan Model Welfare Centre Phase 10, Sector 64, Sahibzada Ajit Singh Nagar, Punjab, 160062 Phone : +91 172-2540125 Email : bocwhq@gmail.com For Bocw Portal Related Queries (Technical Support):- Phone : +91 172-2540125 Email : bocwhq@gmail.com Office Visiting Hours : Monday to Friday (09:00 AM to 05:00 PM)","For Registration as a Building/ Construction Worker: Age proof (If no age proof is available self declaration). Residence proof. Aadhaar card(if available). Bank Account details (Bank branch, account No. and IFSC/ RTGS number). Detail of dependents. Employer’s Certificate ( Form No. 28 ) (90 days of construction work during the last 12 months in the State of Punjab). Nomination Form ( Form No. 27 ). For the Application of the Welfare Scheme: Medical Certificate of the Beneficiary or Family Member. Proof of  Expenditure on Treatment. Any other documents (if required).",State,Health & Wellness,,"Labour, Building Worker, Construction Worker, General Surgery, Health, Operation",15000.0,,,
Girl Students Health & Hygiene Scheme,gshhs,"The scheme “Girl Students Health & Hygiene Scheme” was announced by the Department of School Education, Govt. of Arunachal Pradesh in 2013. This scheme is basically providing incentives towards the beneficiaries of girl child students studying in classes VI to XII only which institutes/schools are fully run by the State Govt. and Govt. Aided Schools in Arunachal Pradesh. The main aim and objective of this scheme are to be retained and continue in the schools during the occurrence of their menstrual period. Further, this scheme increases awareness among adolescent girls on Menstrual Hygiene. Important Features: Sanitary napkins are supplied in a decentralized mode in terms of cash transfer in the account of beneficiaries/ school management/ or by central procurement at the district level. Further distribution of napkins to the beneficiaries takes place at the school level.",₹50/- per student per month in all Govt. schools through DBT (all year amount is credited to the account of the beneficiary).,The beneficiary must be a girl student. The beneficiary must be studying in classes VI to XII. The beneficiary must be enrolled in a government or government-aided school. The beneficiary must be a resident of Arunachal Pradesh.,1.	Girls Students will not need to fill any application form to take benefits of the scheme. 2.	Sanitary napkins will be given to the girl students by their schools. 3.	Girl students may also contact the Director of Elementary and Secondary Education in their concerned district.,1.	School Identity Card (Admission in School- All Govt. Schools and Govt-aided Schools) 2.	Aadhaar Card 3.	Bank details of the applicant/concerned girl student,State,"Health & Wellness, Women and Child",,"Girl, Health, Hygiene, Sanitary Napkin, Student",,,,
"Goa (Technical/ Vocational Training To Sex Workers And Sexually Abused Women) Scheme, 2013 (PRABHAT)",gtvtswsawwws,"The ""Goa (Technical/ Vocational Training to Sex Workers and Sexually Abused Women) Scheme, 2013 (PRABHAT)"" by the Department of Women and Child Development, Government of Goa, provides technical/vocational training for sex workers and sexually abused women to enable them to earn for their livelihood through such technical/vocational training and skill. The department will take the assistance of members of reputed NGOs/Trust/Society/professionals/expert bodies, who are involved in the rehabilitation of sex workers.","(For availing of the benefit under this scheme the victim has to reside in Goa) ﻿ Financial Assistance The beneficiary (excluding victims housed in Protective Home) will be provided with a stipend of ₹ 2,500/- per month for a period of three months or till she joins a livelihood programme, whichever is earlier. ﻿ Technical/Vocational Training Based on their literacy, skills, interest, etc, the Mentor/Probation Officer will help the beneficiary to join a technical/vocational training programme of the Government or Non-Government institutes, emphasizing on the training programmes which has opportunities for jobs or setting up their own enterprise, such as, repair of the home appliances, mobile repair, beauty treatment, tailoring, bakery, catering, etc. The fees, travel and other miscellaneous expenses will be covered. ﻿ Education The beneficiary, if she is interested in pursuing her education, will be supported for her education till 12th Standard. All the expenses related to her education, boarding, travel, fees, books, toiletries, etc., may be paid. ﻿ Shelter If in need of shelter, she shall be admitted to a shelter home/protective home being managed by a non-Government organization or Government organization or organization receiving grants from the State/Central Government. ﻿ Psycho-Social Services A victim of commercial sexual exploitation will be provided counselling by Probation Officer or by a person appointed as “Mentor” or by a professional counsellor or psychiatrist working in a Government or non-Government organization. Expenses incurred for fees, travel, medicine, etc., will be covered. ﻿ Health The victim shall be provided health services for all kinds of ailments at the Government hospital. Victims suffering from HIV or Tuberculosis will be connected to ART and DOTS schemes. In cases where the victim is suffering from AIDS and requires institutional care, she shall be admitted to one of the care centres meant for people with HIV/AIDS, for a period of six months. ﻿ Children The children of the trafficked victim shall be provided counselling and assistance for admission in the school by the Probation Officer or by a person appointed as a “Mentor”. All the expenses related to the education of the children, such as boarding, travel, fees, books, toiletries, etc., up to 12th Standard shall be covered. ﻿ Reintegration The Probation Officer or “Mentor” shall help the victim in reintegrating with her family and community by providing counselling to the family members and if necessary to the members of the community. ﻿ Protection The Probation Officer or “Mentor” shall take the assistance of the family members, community members, religious leader, local police and Integrated Anti-human Trafficking Unit of Goa police in ensuring that the victim is not harassed by the traffickers. The Probation Officer or Mentor may also make a written complaint to the Chairperson of the Goa State Commission for Women, for victims' protection and the Commission shall take necessary action to protect the victim. ﻿ Livelihood (a) The Probation Officer or “Mentor” shall assist her in finding a job, based on her interests and skills. In case the victim is unable to get a job or is not interested in a job, then the Probation Officer or “Mentor” based on the interest, skill and viability of a business shall help her in setting up a business enterprise. ﻿ Livelihood (b) Those victims who have successfully completed the vocational training may be provided all the support by the Probation Officer/Mentor for preparation of project reports, availing loan from financial institutions etc. The Department may provide such financial assistance to the victim for setting up business enterprises as may be decided by the Government from time to time.",The applicant should be the Women and Children who are victims of Commercial Sexual Exploitation. The applicant should be either residing in Goa or be a native of Goa. NOTE 1: The place of commercial sexual exploitation is not a criterion for eligibility (women and girls from Goa being commercially sexually exploited outside Goa also qualify).,"Step 1: Visit the Probation Officer of the Dept. of Women & Child Development, and request a hard copy of the proforma of the application form for the scheme. Step 2: In the application form, fill in all the mandatory fields, paste the passport-sized photograph (if required), and attach copies of all the mandatory documents (self-attest if required). Step 3: Submit the duly filled and signed application form along with the documents to the Probation Officer. Step 4: Acquire the receipt/acknowledgement of the successful submission of the application from the Probation Officer. ﻿ Check Application Status: The Probation Officer can be contacted regarding the application status of the scheme.",Identity Proof. Resident Certificate.,State,"Social welfare & Empowerment, Education & Learning, Health & Wellness, Business & Entrepreneurship, Skills & Employment, Women and Child",,"Shelter, Education, Sex Worker, Reintegration, Protection, Skill, Vocational Education",,,,
Goa Mediclaim Scheme,gms,"“Goa Mediclaim Scheme” was launched by the Health Services Department, Government of Goa. The scheme applies to every permanent resident residing in Goa for 15 years. The objective of this scheme is to provide financial assistance to avail super-speciality treatments that are not available in the Government Hospitals of Goa, such as dialysis, plastic surgery, ICU care, angiography and angioplasty, open-heart surgery, kidney transplantation, neurosurgery, radiotherapy and chemotherapy for cancer, cochlear implants, and bone marrow transplants.","The Nature of Sickness along with its Permitted Ceiling Limit for the Super-Specialty Treatment is given below - Continuous Ambulatory Peritoneal Dialysis (CAPD) Treatment: ₹15,000/- per month Dialysis: ₹15,600/- per month @ ₹1,300/- per dialysis for 12 dialysis Plastic Surgery: ₹1,50,000/- Intensive Care Unit (ICU), Neonatal Intensive Care Unit (NICU), Pediatric Intensive Care Unit (PICU), Trauma Care: ₹1,50,000/- Coronary Artery Bypass Grafting (CABG) / Percutaneous Transluminal Coronary Angioplasty (PTCA) (Angiography & Angioplasty) : ₹1,50,000/- Open Heart Surgery (Valve replacement, Mitral Valve Replacement (MVR), Ventricular Septal Defect (VSD), Atrial Septal Defect (ASD): ₹3,00,000/- Kidney Transplantation: ₹3,00,000/- Neuro Surgery: ₹3,00,000/- Radiotherapy / Chemotherapy (Cancer): ₹5,00,000/- Cochlear Implant: ₹1,50,000/- Spastic Child, Cerebral Palsy, Skeletal Deformities: ₹1,50,000/- Bone Marrow Transplant: ₹8,00,000/- *The list of the hospitals recognized under this scheme, and the medical treatment covered under each hospital are provided in the scheme guidelines. *Either the Permitted Ceiling Limit Treatment or the Actual Expense of Treatment, whichever is the least will be considered.","The applicant should be a permanent resident of Goa. The applicant should be residing in Goa for 15 years, figuring in the voters' list and holding a permanent ration card. The income of the applicant should be less than ₹1,50,000/- per annum. However, retired state government employees are eligible irrespective of their income. The applicant should require a facility that is not available in a Government Hospital of Goa (including Goa Medical College, Bambolim and District Hospitals). However, for NICU, Ventilatory Support and Kidney Dialysis, the patient may opt for any empanelled hospital even if the facilities are available in a Government hospital. The applicant should be suffering from a sickness/ailment that requires one of the following treatments - Continuous Ambulatory Peritoneal Dialysis (CAPD), Dialysis, Plastic Surgery, Intensive Care Unit (ICU), Neonatal Intensive Care Unit (NICU), Pediatric Intensive Care Unit (PICU), Trauma Care, Coronary Artery Bypass Grafting (CABG) / Percutaneous Transluminal Coronary Angioplasty (PTCA) (Angiography & Angioplasty), Open Heart Surgery (Valve Replacement, Mitral Valve Replacement (MVR), Ventricular Septal Defect (VSD), Atrial Septal Defect (ASD)), Kidney Transplantation, Neuro Surgery, Radiotherapy / Chemotherapy (Cancer), Cochlear Implant, Spastic Child, Cerebral Palsy, Skeletal Deformities, and Bone Marrow Transplant.","The interested individual should apply to the Director of Health Services, Panaji, Goa in the prescribed form , along with the required documents. Officer to Be Contacted: Joint Director of Accounts (Health), Directorate of Health Services, Campal, Panaji, Goa; Ph. No. 0832-2225646, Ext-214. Detail of Office Where the Application to Be Submitted: Mediclaim Cell, S-37, Second Floor, Directorate of Health Services, Campal, Panaji-Goa.","Medical Certificate From a Treating Doctor Either From the Goa Medical College, Bambolim, or Hospicio Hospital, Margao, or Asilo Hospital, Mapusa. Either the Income Certificate in the Prescribed Form ‘B’ From the Concerned Mamlatdar in the Original or Certified Copy of the Pension Payment Order (PPO) (in case the applicant is a Retired State Government Employee) Residence Certificate Mediclaim Certificate From the Medical Superintendent, Goa Medical College, Bambolim Along With Photocopy. Passport Size Recent Photograph of the Patient ﻿ Declaration Form ﻿ Photocopy of the Election Card / Ration Card of the Patient. if the Patient is a Minor, a Photocopy of the Election Card of Either Parent. Deen Dayal Swasthya Seva Yojana (DDSSY) Aadhaar Card",State,Health & Wellness,,"Medicine, Hospital, Health, Patient, Mediclaim",150000.0,,,
Grama Jyothi,grama-jyothi,"The Government of Telangana launched the “Grama Jyothi” Program as a logical continuation of Mana Ooru-Mana Pranalika. The goal of Grama Jyothi is to bring in much-desired accountability, and transparency in the functioning of public institutions Working at the Gram Panchayat level and make them responsive to the needs of the people by establishing.  Grama Jyothi aims to synergise the developmental activities of the departments by achieving functional and financial convergence through the preparation of Gram Panchayat Developmental Plans. Telangana Chief Minister KCR launched the Grama Jyothi scheme at Gangadevipalli village in Warangal district on 17th August. This scheme is intended to decentralize the power and for the speedy all-around development of villages in the state. Seven committees with specific missions like education, agriculture, basic amenities, drinking water sanitation, and social security- eradicating of poverty and preserving natural resources in each gram panchayat will be formed. These committees will meet at regular intervals and conduct Grama Sabhas, where plans for the development of their villages will be chalked out. Panchayati Raj Ministry will oversee their development programs and grant sufficient funds for them. CM KCR declared that Rs.25, 000 crores will be spent on this program over the next four years period. Enable and facilitate vibrant Gram Panchayats that are responsive to people’s needs and aspirations through community participation. ﻿ Other important points •	The scheme is aimed at the comprehensive development of rural areas allowing planning and execution of works by villages themselves. •	The program had a parallel launch in other districts by Ministers K.T. Rama Rao and P. Mahender Reddy in Ranga Reddy, Etala Rajender in Karimnagar, T. Harish Rao in Medak, G. Jagadish Reddy in Nalgonda, Dr. C. Laxma Reddy in Mahabubnagar and Jogu Ramanna in Adilabad. •	With the village development committees playing the key role, the focus of the scheme would be at improving the Human Development Index (HDI) by addressing core issues such as roads, drains and sanitation, nutrition and health, drinking water, streetlights, wage employment, and green cover. •	Decision Making and taking good advantage of the Social Capital at the Village level. ﻿","The scheme is aimed at the comprehensive development of rural areas allowing the planning and execution of works by villages themselves. The program had a parallel launch in other districts by Ministers K.T. Rama Rao and P. Mahender Reddy in Ranga Reddy, Etala Rajender in Karimnagar, T. Harish Rao in Medak, G. Jagadish Reddy in Nalgonda, Dr. C. Laxma Reddy in Mahabubnagar and Jogu Ramanna in Adilabad. With the village development committees playing the key role, the focus of the scheme would be at improving the Human Development Index (HDI) by addressing core issues such as roads, drains and sanitation, nutrition and health, drinking water, streetlights, wage employment, and green cover. Decision Making and taking good advantage of the Social Capital at the Village level ﻿","Grama Jyothi is a government initiative in India aimed at providing basic amenities to rural areas, including access to electricity, water supply, and sanitation facilities. The eligibility criteria for the Grama Jyothi scheme may vary depending on the state or district in which it is implemented, but generally, the following categories of people are eligible: ﻿ Rural households: Grama Jyothi aims to provide basic amenities to rural households that are currently underserved or unserved by public utilities. Priority is given to households that are below the poverty line or belong to marginalized communities. Village panchayats: Grama Jyothi is implemented at the village level, and the scheme also covers village panchayats. Panchayats that have a high percentage of households without access to basic amenities are given priority. Women and girl children: The Grama Jyothi scheme recognizes the importance of women's empowerment and seeks to ensure that women and girl children have access to basic amenities. Women-headed households are given priority in the scheme. Scheduled Castes (SC) and Scheduled Tribes (ST): The Grama Jyothi scheme also aims to address the disparities faced by marginalized communities, including SCs and STs. Priority is given to villages and households belonging to these communities. Small and marginal farmers: The Grama Jyothi scheme also seeks to provide support to small and marginal farmers by ensuring access to basic amenities such as electricity and water supply. Other disadvantaged groups: Depending on the state or district, the Grama Jyothi scheme may also cover other disadvantaged groups such as landless laborers, migrant workers, and people with disabilities. ﻿ It is important to note that the eligibility criteria may vary depending on the state or district in which the scheme is implemented. It is best to check with the local authorities or the Grama Jyothi office for specific eligibility criteria in your area.","The application process for the Grama Jyothi scheme may vary depending on the state or district in which it is implemented. However, in general, the following steps are involved in the application process: ﻿ Contact the local Grama Jyothi office: The first step is to contact the local Grama Jyothi office in your area. The office will provide information about the scheme and the application process. Fill out the application form: The Grama Jyothi office will provide an application form that needs to be filled out with details such as the applicant's name, address, and other relevant information. Submit the application form: After filling out the application form, the applicant needs to submit it to the Grama Jyothi office along with any required documents such as proof of identity, proof of residence, and income certificate. Verification of application: The Grama Jyothi office will verify the application and conduct an assessment of the applicant's eligibility for the scheme. Installation of amenities: If the application is approved, the Grama Jyothi office will install the required amenities such as electricity, water supply, and sanitation facilities. Follow-up: The Grama Jyothi office may conduct follow-up visits to ensure that the amenities are functioning properly and the beneficiaries are benefiting from the scheme. ﻿ It is important to note that the application process and the required documents may vary depending on the state or district in which the Grama Jyothi scheme is implemented. It is best to check with the local Grama Jyothi office for specific application guidelines and requirements.","The specific documents required for the Grama Jyothi program may vary depending on the initiative or project being implemented. However, some of the commonly required documents include: ﻿ 1.	Identity proof: A government-issued identity proof such as an Aadhaar card, voter ID, or passport is typically required. 2.	Residency proof: Proof of residency, such as a ration card, utility bill, or voter ID, is required to demonstrate that the beneficiary is a resident of a rural area in Telangana. 3.	Income proof : For certain initiatives under the program that are income-based, proof of income may be required, such as a payslip or bank statement. 4.	Land ownership proof: For initiatives such as land development or housing projects, proof of land ownership may be required, such as a land ownership certificate or revenue records. 5.  Educational certificates: For initiatives related to skill development or education, educational certificates may be required. ﻿ It is important to note that the specific documents required for the Grama Jyothi program may vary depending on the initiative or project being implemented, and it's always a good idea to check with the relevant government authorities for the most up-to-date information. ﻿",State,"Agriculture,Rural & Environment, Health & Wellness, Education & Learning, Social welfare & Empowerment, Utility & Sanitation",,"Grama Jyothi, Mana Ooru Mana Pranalika, Rural Development, Water And Sanitation, Health And Nutrition, Education, Social Security And Poverty Eradication, Natural Resources Management, Agriculture And Infrastructure",,,"Scheduled Caste, Scheduled Tribe, SC, ST",
Grant of Financial Assistance to Poor Scheduled Caste Pregnant & Lactating Women,gfapscplw,"The scheme “Grant of Financial Assistance to Poor Scheduled Caste Pregnant & Lactating Women” was introduced by the Adi Dravidar Welfare Department, Government of Puducherry. The objective of the scheme is to provide assistance for the well-being of Pregnant and Lactating mothers and their children.","Financial Assistance of ₹12,000/- as follows: The pre-natal assistance shall be ₹ 2,000 in cash per month for three months prior to the month of delivery. The post-natal assistance shall be ₹ 2,000 in cash per month for three months following delivery. * The grant of financial assistance is made available only for 2 deliveries.","The applicant should be a citizen of India. The applicant should belong to the Union Territory of Pondicherry by virtue of birth or continuous residence of not less than 3 years. The applicant should be from Scheduled Caste. The applicant should be a woman. The applicant should be pregnant. The applicant should apply from 6 months of pregnancy and within 3 months from the date of delivery. The annual income of the applicant and spouse should not exceed ₹ 2,00,000/-. The grant of financial assistance is made available only for 2 deliveries.","Step 1: The interested applicant should visit (during office hours) the Office/ Sub-Office of the Adi Dravidar Welfare and Scheduled Tribes Welfare Department, and request the hard copy of the prescribed format of the application form from the staff exclusively entrusted to issue and collect filled-in applications. Step 2: In the application form, fill in all the mandatory fields, paste the passport-sized photograph (signed across, if required), and attach copies of all the mandatory documents (self-attest, if required). Step 3: Submit the duly filled and signed application form along with the documents to the concerned authority. Step 4: Request a receipt or acknowledgment from the concerned authority to whom the application has been submitted. Ensure that the receipt contains essential details such as the date and time of submission, and a unique identification number (if applicable).","Residence-cum-nativity Certificate. Aadhaar Card. Caste Certificate. Recent passport-size photograph. Discharge Summary/ Birth Certificate. Certificate Issued by the Medical Superintendent of Maternity Hospital/Medical Officer in-charge of the Primary Health Centre, Sub-centre or Any Other Peripheral Maternity/Health Centre of the Union Territory of Pondicherry. Ration Card. Bank Passbook.",State,"Women and Child, Health & Wellness",,"Pregnant, Woman, Child, Infant, Scheduled Caste, Financial Asisstance, Hospital",200000.0,,Scheduled Caste,
Grant-in-aid (TB),giatb,"No.G.11012/7/93-HFW dt. 4thJune’97: stated that whereas the State Government is of the opinion to make a set of rules for granting financial assistance in the form of Grant-in-Aid to a person having no employment under the Government, Public Sector undertaking or under any local bodies may qualify to receive the grand suffering from fell disease as specified below, the Governor of Mizoram is pleased to make the following rules namely: ﻿ Short Titlement and Commencement: These rules may be called the Mizoram Health & Family Welfare (Grant-in-Aid to indigent Schedule Tribes and Scheduled Castes patients suffering from fell diseases) Rules 1997. They shall come into force with effect from the date of its publication in the Mizoram Gazette. ﻿ Scheduled Tribes and Scheduled Castes persons permanently residing within the State of Mizoram none of whose family members are Government employees and whose family income from all sources does not exceed Rs.2000/- per month and suffering from fell diseases are eligible to receive the grant. ﻿ ﻿",The grant-in-aid shall be given in cash or by means of a Bank Draft. The grant-in-aid shall be made subject to the availability of found and cannot be claimed as a matter of right. The amount of grant-in-aid shall be limited to the actual cost of treatment and fare as per the cheapest route available subject to the maximum of Rs.2500/- per head.,Scheduled Tribes and Scheduled Castes persons permanently residing within the State of Mizoram None of whose family members are Government employees and whose family income from all sources does not exceed Rs.2000/- per month and who suffering from fell diseases are eligible to receive the grant.,The application shall be forwarded by the Medical Officer i/c of the locality. The authenticity of the residence of the person shall have to be certified by the Village Council President and Block Development Officer concerned and the Medical Board shall examine the patient and issue certificate according to.,Caste Certificate Aadhaar card Income proof Candidates' bank account details ﻿,State,Health & Wellness,,"SC/ST, TB, Grant, Financial Assistance, DBT",,,"Scheduled Caste, Scheduled Tribe",
Grants In Aid To SC/ST Patients Suffering From Cancer And Other Malignant Diseases,gascstpsfcad,"Special provisions have been enshrined in the Constitution for the welfare of SC / ST people in every sphere of their life. There are a number of SC / ST people suffering from cancer and other malignant diseases who are unable to carry forward the treatment of their diseases due to the economic hardships faced by them. The government has decided to bring some help to such patients by making available some financial assistance in the form of grants in Aid to SC/ST patients suffering from cancer and other malignant diseases. ﻿ SC / ST patients who are suffering from cancer and other malignant diseases are unable to afford advanced treatment due to their Socioeconomic condition prevalent in the community. So financial assistance in the form of grants in Aid is proposed to be provided to such patients through a scheme namely ""Grants in Aid to SC / ST patients suffering from cancer and other malignant diseases"". Under the scheme, such SC / ST patients will be given a one-time, fixed financial assistance of Rs. 50,000/- (Rupees Fifty thousand) only. ﻿","Under the scheme, such SC / ST patients will be given a one-time, fixed financial assistance of Rs. 50,000/- (Rupees Fifty thousand)",1)	The applicant must belong to an SC / ST community of Assam. 2)	Person suffering from cancer or other malignant diseases may apply. 3)	No person shall be eligible to claim this financial aid more than once. ﻿,"Collect your application form from the concerned department. Applications may be made online as and when the Official Website of the Directorate of Welfare of Scheduled Castes, Assam, / Directorate of Welfare of Plain Tribe and Backward Classes, Assam starts to be fully functional. Applicants should apply as per the eligibility criteria. Attach all the required documents and submit the form. ﻿ ﻿ ﻿",1)	Caste Certificate in prescribed Performa of applicant suffering from Cancer or other malignant diseases issued by the concerned authority. 2)	Medical certificate of the applicant and relevant documents. 3)	Passport size Photograph of the applicant 4)	Bank Account No. along with IFSC of the applicant.(copy of Front Page of Bank Pass Book ) ﻿,State,Health & Wellness,,"Cancer Patient, SC/ST, Scheduled Caste, Scheduled Tribe, Grant",,,"SC, ST",
Health Check-up (A.B.O.C.W.W.B),hc-uabocwwb,"The “Health Check-up” benefit scheme was started by the Assam Building and Other Construction Workers Welfare Board (A.B.O.C.W.W.B), Labour Welfare Department, Government of Assam. Under this scheme, financial assistance will be provided annually to registered construction workers with continuous Board membership for their annual health check-up at any hospital.","Under this scheme, registered construction workers can avail an amount of ₹5,000/- once in a year for his/her annual health check-up in any Hospital.",The applicant should be a permanent resident of Assam. The applicant should be engaged in any building & other construction work. The construction worker should be registered with the Assam Building and Other Construction Workers Welfare Board. The registered construction workers having continuous membership of the Board are eligible to apply under the scheme. The registered construction workers can avail benefits once in a year for his/her annual health check-up in any Hospital.,"Registration Process under Assam Building and Other Construction Workers Welfare Board: Step 01: The eligible building & other construction workers can submit an online application through the official website: https://abocwwb.assam.gov.in/ ﻿ Step 02: On the home page, click on ‘ Registration Page for New Worker ’ and a registration page will open. Fill in all the mandatory details and upload all the required documents. Step 03: After filling out the form, a payment option shall then prompt to allow the applicant to make the payment using UPI-based modes/Cards/net banking or even Challan. Post-Registration Process: Step 01: The registering officer shall be notified of the applications successfully submitted and the Registering officer shall scrutinize the applications. Step 02: The Registering Officer shall arrange for a scrutiny committee meeting every 15 days and place all applications received. Step 03: The committee may recommend for approval, reject, or query the application. In case of queries, an SMS shall be sent to the applicant with a brief on the query. The applicant may re-upload the requisite documents as per the query raised by the Registering officer. Notification to the worker through SMS; ID generation: Applications if approved shall be notified through SMS and ID card shall be generated automatically for approved applications. The applicant shall be notified for each stage such as queries, rejection, and allied. ﻿ Application Process to apply under the scheme: Step 01: Only active registered construction workers may login in through ID No./registered phone number and apply through the portal. https://abocwwb.assam.gov.in/ ﻿ Step 02: On the home page of the portal, click on ‘ Login Now ’ and enter the Mobile Number or User ID. OTP received on the registered mobile number should be entered to complete the login. Step 03: The individual console of the applicant gets opened with various functions such as detail updating, Fees due, and benefits eligible. Step 04: Click on ‘Benefit’ and select the applicable scheme under the benefit and the portal redirects to an online application form specific to the scheme. Step 05: The applicant may fill up the application with all mandatory fields and upload the necessary documents. Step 06: The applicant submits the application form and a tracking/reference number is generated as a future reference for the applicant. Post-Application Process: Step 01: Successfully submitted applications pop up in the concerned Officers console. The officer may assign a subordinate to make verifications through the portal. Step 02: Subsequent to preliminary verification, the application is placed in the scrutiny committee for detailed checks. Step 03: Minutes of the Scrutiny Committee meeting get uploaded and Forwarded to the H.O. Step 04: Applications/ Pops up in the Officer’s Console of Head Office. Officer assigns to the Assistant concerned and allotted with the District concerned. Step 05: The assistant processes the application through PFMS. Account details get auto-verified in PFMS. Step 06: On successful PFMS verification, Print Advice is generated through PFMS. Step 07: Approving authority approves for disbursement of the benefit through PFMS. ( User Manual )",Documents required for Registration under A.B.O.C.W.W.B: Passport size photograph (Applicant and Nominee) Proof of Age/DOB Copy of Aadhaar Card Copy of Voter ID Card Bank passbook first page Experience Certificate/Employers Certificate (90 days working record to check eligibility) Completely filled Nomination Form ﻿ Completely filled Registration Form ﻿ Any other relevant documents Documents required for Grant of Scheme: ABOCWWB ID Card Self-Attested Copy of ID Card Copy of Payslip of Account Pay book Showing Monthly Contribution Deposited Copy of Bank Account Passbook Any other relevant documents,State,Health & Wellness,,"Health, Check-Up, Building Worker, Construction Worker, Labour, Financial Assistance",,,,
Health Minister’s Discretionary Grant,hmdg,"A health scheme by Ministry of Health & Family Welfare for financially poor patients to defray a part of the expenditure on Hospitalization/treatment in Government Hospitals,for life threatening diseases covered under Rashtriya Arogya Nidhi (RAN), in cases where free medical facilities are not available. Only those having annual family income up to Rs.1.25,000/- and below are eligible for financial assistance from Health Minister’s Discretionary Grant (HMDG). Under this scheme, Financial assistance is provided towards treatment in Government hospitals including super specialty Government hospitals / institutes.","Financial assistance towards treatment in Government hospitals including super specialty Government hospitals / institutes. Financial Assistance of ₹50,000/- if the estimated cost of treatment is up to ₹1,00,000/- . Financial Assistance of ₹75,000/- if the estimated cost of treatment is above ₹1,00,000/- & up to ₹1,50,000/-. Financial Assistance of ₹1,00,000/- if the estimated cost of treatment is above ₹1,50,000/-. ﻿","The applicant must not be an employee of either Central or State Govt. The applicant must have been Hospitalized / Undergoing Treatment in a Government Hospital (including super specialty Government hospitals / institutes). The Total Annual Family Income of the applicant must not exceed ₹1,00,000/- per annum.",Step 1: The application form can be downloaded from the following link: ﻿ https://main.mohfw.gov.in/sites/default/files/4451946500hmdgappl_1_1_0.pdf ﻿ ﻿ ﻿ ﻿ ﻿ Step 2: ﻿ ﻿ Take print of the application form and duly fill the mandatory fields. ﻿ ﻿ ﻿ ﻿ ﻿ Step 3: ﻿ ﻿ The duly filled application needs to be submitted to either of the following: Doctor / HOD / Medical Superintendent of the Hospital. ﻿ ﻿ ﻿,"Application form in prescribed proforma duly signed by the treating doctor and countersigned by the Medical Superintendent of the Government hospital/institute. Quantum of financial assistance granted to the patient is- (a) Rs.75,000/-, if the estimated cost of treatment is up to Rs.1,25,000/-(b) Rs.1,00,000/- if the estimated cost of treatment is above Rs.1,25,000/- and up to Rs.1,75,000/- and (c) Rs.1,25,000/- if the estimated cost of treatment is above Rs.1,75,000/-. A Certificate in original from the BDO/ Tehsildar/Collector /SDM (quoting full name, designation, telephone number and complete official address of the certificate issuing authority) regarding occupation and monthly/yearly income of the applicant and his/her family members from all sources. Copy of the ration card. ﻿",Central,Health & Wellness,,"Health, Disease, Hospital, Medical Facility, Patient",100000.0,,,
Hita-dhikaari Ke Samanye Athava Durghatana Me Mrityu Ya Ghayal Hone Ki Dasha Me Sahayata Yojana,hksadmmyghkdms,"The Beneficiary's Death or Injury Assistance Scheme, established by the Labor department of Rajasthan State, is a compassionate government program designed to offer a helping hand to families of beneficiaries who have experienced the loss of a loved one or the sudden hardship of an injury, regardless of whether the cause was natural or accidental. Recognizing the significant emotional and financial strain that such events can inflict, this initiative aims to provide a measure of financial security during these difficult times, allowing families to focus on healing and rebuilding their lives.","In case of death due to accident : ₹5,00,000/- In case of permanent total disability due to accident : ₹3,00,000/- Permanent total disability means disabling of two eyes or both hands or both legs due to accident. In case of partial permanent disability due to accident : ₹1,00,000/- Permanent partial disability means disabling of one hand or one leg. In case of serious injury in an accident : Up to ₹20,000/- (Serious injury in an accident means the beneficiary being admitted as an in-patient in the hospital for at least 5 days. The determination of serious injury will be decided based on the certificate issued by the Medical Board .) In case of minor injuries in an accident : Up to ₹5,000/- Minor injuries means hospitalization as an inpatient in a hospital for less than 5 days In case of normal death of a construction worker : ₹75,000/-",Construction workers must be between 18 to 60 years of age. Construction workers must be registered with the labor board. Construction worker must be depositing their contributions regularly.,"Registration Step-1: Applicant have to visit the official portal . Step-2: Click on the option “ Register ”. Step-3: Then you will be redirected to the SSO registration page. The registration page will appear with the following options. Citizen Step-4: Choose the either one option from  the Jan Aadhaar Or Google to process further. Jan Aadhaar : Enter the Jan Aadhaar number, click on the ‘Next’ button, Select your name, the name of the head of the family and all the other members and Click on the ‘Send OTP’ button. Enter the ‘OTP’ and Click on the ‘Verify OTP’ button to Complete the registration. Google : Enter the Gmail ID, click on the ‘Next’ button, Enter the password. A new link appear on screen, now click on new SSO link. SSO id will appear on screen, now create the password. Enter Mobile number, click on registration.  Apply Step-1: Applicant have to visit the official portal . Step-2: After login, dashboard will open. Step-3: Click on “LDMS” option. Step-4: In LDMS, select ""Welfare Schemes"" from the side menu and select BOCW Welfare Board. Step-5: Now click on ""Apply for Scheme"" on screen. Step-6: In this new page, will get a list of names of all the schemes of Rajasthan Shramik Card, out of which click on the name of ""Yojana"" Step-7: Fill out the all relevant detail. Step-8: Submit. ﻿",Copy of discharge ticket from hospital in case of accident. Copy of mortuary report or FIR in case of accidental death. Death certificate issued by the registered authority in case of death. Certificate from the employer/employer of the place where the worker worked. Copy of beneficiary registration identity card or card. Copy of Bhamshah family card or Bhamshah nomination. Copy of Aadhar Card. Copy of first page of bank account passbook.,State,"Health & Wellness, Social welfare & Empowerment",,"Financial Assistance, Constrution Worker, Health & Wellness, Workers",,,,
Home for Mentally Challenged Children,hmcc,"The scheme ""Home for Mentally Challenged Children"" by the Department of Social Welfare, Government of Puducherry, aims to provide care for children facing mental challenges, i.e. low Intelligence Quotient (IQ). The scheme offers free boarding and lodging, uniform sets, daily living needs, and medical check-ups for the inmates. Additionally, it includes educational and recreational activities to enhance their overall well-being.","Free boarding and lodging for all the inmates. Free supply of 4 uniform sets to the inmates per year. Free supply of all daily living needs for the inmates. Free medical check-ups, including paediatric and psychiatric services, for all the inmates. Annual tours and local picnic trips to places of interest for the inmates. Annual Day for prize distribution to winners in sports events and cultural programmes. Non-formal education to assist and develop inmates in their day-to-day activities. Training in habits of discipline, cleanliness, good health, drawing, painting, yoga, and other extracurricular activities. ﻿ NOTE: Contact the authorities below in case of delay in disbursal of benefits: Puducherry: The Director, Directorate of Social Welfare, Saradhambal Nagar, Ellaipillaichavadhy, Puducherry. Karaikal: The Collector, Karaikal. Mahe/Yanam: The Regional Administrator, Mahe/Yanam.",The applicant should qualify as ANY ONE of the following: Boys in the age group of 7 to 17 years. Mild Mental Retardedness with an IQ level between 50-70. Moderate Mental Retardedness with an IQ level between 35-49. Severe Mental Retardedness with an IQ level between 20-34. Profound Mental Retardedness with an IQ level under 20. Unspecified Mental Retardedness with mental efficiency and sub-normality.,"Step 1: The interested applicant should visit (during office hours) the Office/ Sub-Office of the Department of Social Welfare, and request the hard copy of the prescribed format of the application form from the staff exclusively entrusted to issue and collect filled-in applications. OR The interested applicant should take print of the prescribed format ﻿ of the application form. Step 2: In the application form, fill in all the mandatory fields, paste the passport-sized photograph (signed across, if required), and attach copies of all the mandatory documents (self-attest, if required). Step 3: Submit the duly filled and signed application form along with the documents to the authority given below - Puducherry: The Deputy Director, Differently Abled Section, Directorate of Social Welfare. Karaikal: The Assistant Director, Social Welfare Department (Sub Office). Mahe / Yanam: The Welfare Officer (i\c), Social Welfare Department (Sub Office). Step 4: Request a receipt or acknowledgement from the concerned authority to whom the application has been submitted. Ensure that the receipt contains essential details such as the date and time of submission, and a unique identification number (if applicable).",Aadhaar Card. Voter ID. Address Proof. Ration Card. Age Proof. Disability Certificate.,State,"Social welfare & Empowerment, Housing & Shelter, Health & Wellness, Women and Child",,"Food, Shelter, Child, Medical Assistance",,,,
Home for Visually Challenged Person,hvcp,"The scheme “Home for Visually challenged Person"" was launched by the Department of Social Welfare, Government of Puducherry. The objective of this scheme is to take care of the male persons who are visually impaired and who lack care and protection in society and are deprived of basic needs like food, shelter, clothes.","Free Food and Shelter. Free Supply of Daily Living Needs. Pocket Money of ₹ 5/-. Vocational Training Such as Korai & Coir Mat Weaving, According to Their Interest. Labour Charges of ₹ 20 /- for Mat. Recreations Such as TV, Radio, Musical Instrument, Besides Local Trips to Places of Interest and Temples. Annual Tour to Places of Interest. NOTE: Contact the authorities below in case of delay in disbursal of benefits: Puducherry: The Director, Directorate of Social Welfare, Saradhambal Nagar, Ellaipillaichavadhy, Puducherry. Karaikal: The Collector, Karaikal. Mahe/Yanam: The Regional Administrator, Mahe/Yanam.",The applicant should have a total absence of sight. The applicant should have a visual acuity not exceeding 6/60 or 20/200 in the better eye with correcting lenses. The applicant should have a limitation of field of vision sub standing an angle of 20 degree. The applicant should be above 20 years of age. ﻿,"Step 1: The interested applicant should visit (during office hours) the Office/ Sub-Office of the Department of Social Welfare, and request the hard copy of the prescribed format of the application form from the staff exclusively entrusted to issue and collect filled-in applications. Step 2: In the application form, fill in all the mandatory fields, paste the passport-sized photograph (signed across, if required), and attach copies of all the mandatory documents (self-attest, if required). Step 3: Submit the duly filled and signed application form along with the documents to the authority given below - Puducherry: The Deputy Director, Differently Abled Section, Directorate of Social Welfare. Karaikal: The Assistant Director, Social Welfare Department (Sub Office). Mahe / Yanam: The Welfare Officer (i\c), Social Welfare Department (Sub Office). Step 4: Request a receipt or acknowledgement from the concerned authority to whom the application has been submitted. Ensure that the receipt contains essential details such as the date and time of submission, and a unique identification number (if applicable).",Aadhaar Card. Voter ID. Address Proof. Ration Card. Age Proof. Disability Certificate.,State,"Social welfare & Empowerment, Skills & Employment, Health & Wellness",,"Shelter, Free Food, Visually Challenged Person, Free Clothes",,20.0,,
Hospitalisation Relief Scheme,hrs,"The ""Hospitalisation Relief Scheme"" was launched by the Telangana Building & Other Construction Workers Welfare Board, LET&F (Labour) Department Telangana. The scheme aims to provide financial assistance to construction workers who suffer temporary disabilities due to accidents or diseases and are hospitalized for five or more days. The relief may be extended up to three months for severe or terminal conditions.","The relief amount is ₹300/- per day, subject to a maximum of ₹4,500/- per month.",The worker must be a registered building and other construction worker with the Telangana Building and Other Construction Workers Welfare Board. The worker should be hospitalized for at least five days due to an accident or disease.,"Step-1: The interested applicant visits the official website and clicks on "" Downloads "" at the top of menu options. Step-2: Now click on the download button corresponding to the scheme name. Step-3 : In the application form, fill in all the mandatory fields, and attach copies of all the mandatory documents (self-attest, if required). Step-4: Submit the duly filled and signed application form along with the documents to the concerned Assistant Labour Officer. Step-5: Request a receipt or acknowledgment from the concerned authority to whom the application has been submitted. Ensure that the receipt contains essential details such as the date and time of submission, and a unique identification number (if applicable).",Passport-size Photograph. Registration Card under the BOCW Act (Attested copy). Renewal Challan Copy. Admission Card of Hospital. Doctor Certificate/Medical Certificate (issued not below the rank of Assistant Civil Surgeon of the Government Hospital/Primary Health Centre). Advance Stamped Receipt. 1 st page of Bank Passbook (Attested copy). ﻿,State,"Social welfare & Empowerment, Health & Wellness",,"Financial Assistance, Accident, Disability, Disease, Construction Worker",,,,
Indian Community Welfare Fund,icwf,"A scheme by Ministry of External Affairs (MEA) for the welfare of Overseas Indians; assisting them in distress situations. ﻿ ICWF has also been a critical support in emergency evacuation of Indian nationals from conflict zones, countries affected by natural disasters and other challenging situations. In view of its immense utility, ICWF stands extended to all Indian Missions and Posts abroad. ﻿ The ICWF guidelines have been revised further to make them more broad-based and expand the scope of welfare measures that can be extended through the Fund. They are expected to provide Indian Missions and Posts abroad greater flexibility in swiftly addressing to requests for assistance by Overseas Indian nationals.","﻿ Assisting Overseas Indian nationals in distress situations: ﻿ Transportation of Mortal Remains and expenditure on incidentals of deceased Indian national to India or local cremation/burial of deceased in such cases where the employer, sponsor or insurance company is unable or unwilling to do so as per the contract and the family is unable to meet the cost. Boarding and lodging for deserving distressed Indian nationals abroad on a means tested basis in budget category or shelters run by Mission/Post or NGOs empanelled with Mission. Air passage to India to stranded Overseas Indian nationals Legal Assistance on a means tested basis to deserving overseas Indian nationals who have committed minor crimes, offences or have been falsely implicated by their employer and put in jails; fishermen/seamen/sailors/Indian students in distress; Payment for small fines and penalties in respect of Indian nationals for minor offences/crimes; for illegal stay in the host country where prima facie the worker is not at fault, and to enable release of Indian nationals from jail/detention center Emergency Medical Care on means tested basis to overseas Indians who are involved in an accident (with serious life threatening injuries) have life-threatening medical conditions or suffer a serious disability. ﻿ Support for Community Welfare activities: ﻿ To promote Indian Culture by organizing cultural programmes by recognized Indian Diaspora organizations at major Indian Festivals, National Days of India; Indian culture Programs by recognized local artists or Indian artists based in India etc. Payment of honorarium for teachers/faculty teaching Indian languages, art forms. Welfare activities for Indian students towards organizing Annual Day for Indian students at Universities/educational institutions to discuss problems, issues faced by Indian students, including their visa, residence status, work permit, financial, welfare and other issues with participation of students. ﻿ Improvement in Consular services: ﻿ Hiring of limited additional staff for rendering various consular services Hiring vehicles on a need basis for visits to jails, police stations; detention centres; labour camps; welfare camps; shelters for distressed Indians; prisons; hospitals; morgues and to airports for deportation/repatriation of distressed Indian nationals. Hiring of local interpreters on a case-to-case basis for consular visits. Design, publication, translation costs of pamphlets by Mission/Post about local labour laws, regulations, norms, dos & don’ts, welfare measures pertaining to overseas employment in the host country. Organizing labour camps / consular camps for interacting with Indian migrant workers and informing them about issues related to overseas employment; labour laws; welfare and protection measures of the government. Setting up 24 x 7 toll-free helplines, walk-in resource centres for providing information, advise, guidance on problems faced by distressed Indian nationals; and helping them register their grievance with the Mission/Post. Development of e-Governance solutions, applications to address Consular/ welfare matters. ﻿",The applicant must be an Overseas Indian. The applicant must be in a distress situation (as defined under scheme benefits).,"Compensation Claims for Indian Nationals who died Abroad: ﻿ The application process and the documents required for the compensation claims varies from nation to nation. The nation-wise detailed information can be found at the following link: https://www.mea.gov.in/images/pdf/compendium.pdf ﻿ Sample Application Forms for Seeking Financial Assistance under ICWF - ﻿ Embassy of India, Kuwait: ﻿ https://indembkwt.gov.in/pdf/Application%20for%20seeking%20financial%20assistance%20from%20ICWF.pdf ﻿ ﻿ Embassy of India, Jeddah: ﻿ ﻿ ﻿ https://www.cgijeddah.gov.in/web_files/779810210-Form%20for%20ICWF%20assitaance.pdf ﻿ ﻿ ﻿","For filing Compensation Claims for Indian Nationals who died Abroad: (varies from nation to nation) ﻿ Death Certificate Bank details of the deceased Insurance Number of the deceased Marriage Certificate (spouse) and Birth Certificate (of children) Original Passport of the deceased along with a photocopy Power of attorney from next-of-kin in the name of Embassy or any individual residing in Austria whom the deceased’s family would like to appoint. Legal Heir Certificate, to be obtained by the next-of-kin through the concerned Taluk/Thasildar or through the District Civil Court of the concerned area in India. Any other document that seem relevant depending upon the death case, such as police report (from the local police), medical report (from the hospital) NOC from other Heirs (in case of multiple heirs) ﻿ Source - https://www.mea.gov.in/images/pdf/compendium.pdf ﻿",Central,"Health & Wellness, Housing & Shelter, Social welfare & Empowerment",,"Non Resident Indian, Overseas Indian, Welfare, Student, Legal Assistance, Medical Assistance, Disability, PwD, Artist, Shelter",,,,
Indira Gandhi National Disability Pension Scheme (Jammu and Kashmir),igndpsjak,"Launched on 15th August 1995, the scheme ""Indira Gandhi National Disability Pension Scheme (IGNDPS)"" is a pension scheme by the Social Welfare Department, Union Territory of Jammu and Kashmir. The scheme provides ₹1,000/- per month to BPL individuals aged 18 to 79 who have severe or multiple disabilities. Launched under the National Social Assistance Programme (NSAP), the scheme aims to ensure social justice by providing financial support to the most vulnerable sections of society, fulfilling the Directive Principles of State Policy.",Amount of Pension: The beneficiary will receive a monthly pension of ₹1000/-. Mode of Disbursement: The pension is disbursed to the beneficiary either through bank transfer or money order.,﻿ The applicant should be a resident of the Union Territory of Jammu and Kashmir. The applicant should be a person with a disability. The applicant's age should be between 18 and over 80 years. The applicant should belong to a Below Poverty Line (BPL) family. The applicant should not be receiving pension benefits under any other social security scheme.,"Step 1: The applicant should visit the Tehsil Social Welfare Officer (TSWO) in the concerned area. during office hours and request a hard copy of the prescribed application form from the concerned authority. Step 2: Fill in all the mandatory fields in the application form. Paste a passport-sized photograph (signed across, if required), and attach copies of all necessary documents (self-attested, if required). Step 3: Submit the duly filled and signed application form along with the documents, within the prescribed period (if any), to the Tehsil Social Welfare Officer (TSWO). Step 4: Request a receipt or acknowledgement from the concerned authority to whom the application has been submitted. Ensure that the receipt contains essential details such as the date and time of submission, and a unique identification number (if applicable). ﻿ Post Application Processes Step 1: The TSWO verifies the submitted forms and forwards them to the District Social Welfare Officer (DSWO) for review. Step 2: The District Level Committee reviews the application and sanctions the pension. ﻿ NOTE 1: Upon submission of the completed application form and the necessary documents, make sure to take a photocopy of the filled application form and the acknowledgement receipt for your future reference. NOTE 2: Ensure that the application is submitted within the prescribed period, if any.",Aadhaar Card Passport-size Photograph Identity Proof i.e. Voter ID Card or Driving License Disability Certificate Proof of Age Below Poverty Line (BPL) Card/ Ration Card Caste Certificate (if applicable) Address Proof Bank Passbook/Bank Account Details Any other documents as required,State,"Social welfare & Empowerment, Health & Wellness",,"Below Poverty Line, Disability, Pension, Social Welfare",,80.0,,
Integrated Child Development Services Scheme,icdss,"Detailed In Nagaland, the ICDS programme was launched in the year 1975 in the Jalukie block of Peren district with 50 Anganwadi centres. The programme has since grown and at present, there are 60 (sixty) ICDS projects in 11 (Eleven) districts of the State. Of this 2 (two) are Urban projects, one is rural project and the rest are Tribal projects. All the 6(six) services under ICDS such as Supplementary nutrition, Health check up, Non formal pre-school education, Immunization, Nutrition & Health education and Referral services are being provided through a Network of 3980 Anganwadi centres in the State. Presently 60 (sixty) ICDS projects are operating in the state covering 3.45 Lakh beneficiaries under 3980 Anganwadi centres where all the 6 (six) services are provided to children in the age group of 0-6, pregnant women and lactating mothers. ﻿ Objectives To improve the nutritional and health status of children in the age-group 0-6 years; To lay the foundation for proper psychological, physical and social development of the child; To reduce the incidence of mortality, morbidity, malnutrition and school dropout; To achieve effective co-ordination of policy and implementation amongst the various departments to promote child development; and To enhance the capability of the mother to look after the normal health and nutritional needs of the child through proper nutrition and health education.","Benefits The ICDS Scheme offers a package of six services, Supplementary nutrition. Immunization. Health check-up. Referral services. Pre-school non-formal education and Nutrition & Health Education.",Eligibility The children up to the age of 6 years. Pregnant women. Lactating mothers.,Application Process Applicants need to visit the nearest Anganwadi centres to avail the benefits of the scheme.,List of the required documents Aadhaar Card Passport Sized Photograph Proof of Age / DOB Proof of Address.,State,"Social welfare & Empowerment, Health & Wellness",,"Integrated Child Development Services, Nagaland",,,,
Integrated Child Development Services: Chandigarh,icds-chandigarh,"Launched on 2nd October, 1975, the Integrated Child Development Services (ICDS) Scheme is one of the flagship programmes of the Government of India and represents one of the world’s largest and unique programmes for early childhood care and development. It is the foremost symbol of country’s commitment to its children and nursing mothers, as a response to the challenge of providing pre-school non-formal education on one hand and breaking the vicious cycle of malnutrition, morbidity, reduced learning capacity and mortality on the other. The beneficiaries under the Scheme are children in the age group of 0-6 years, pregnant women, and lactating mothers. ﻿ To reduce mortality morbidity and malnutrition among the children in U.T of Chandigarh, the ICDS project was started on 1.8.1979 with 24 anganwadi centres. At present there are 3 ICDS Projects comprising of 450 anganwadi centres covering an approx. population of over 5.50 lac in peripheral areas, villages, colonies, and slum areas. ﻿ ﻿","Supplementary Nutrition Immunization Health Check-up Referral Services Pre-School Education Nutrition & Health Education ﻿ Three of the six services viz. immunization, health check-up and referral services are related to health and are provided through National Health Mission and Public Health Infrastructure. The services are offered at Anganwadi Centers through Anganwadi Workers (AWWs) and Anganwadi Helpers (AWHS) at grassroots level.",Children in the age group of 0-6 years. Pregnant women. Lactating mothers. Women from age group 14-18 years of UT Chandigarh. The Scheme is universal for all categories of beneficiaries and in coverage.,The citizen need not apply to the scheme. Visit the nearest Anganwadi center.,Aadhar Card,State,Health & Wellness,,"Child Development Scheme, Child Development, ICDS, Immunization Of Children, Lactating Mothers",,,,
Janani Bal Suraksha Yojana,jbsyb,"Launched as part of efforts towards women's empowerment, ""Janani Bal Suraksha Yojana"" has significantly improved health outcomes for pregnant women and nursing mothers in Bihar. The scheme, through the efforts of trained health workers like ASHA and MAMTA, has contributed to a remarkable rise in institutional deliveries and reductions in both infant and maternal mortality rates.","Increased Institutional Deliveries: The percentage of institutional deliveries has risen from 4% in 2006-07 to 47% now, ensuring safer childbirths. Reduction in Infant Mortality: Infant mortality rate has decreased from 61 per thousand births in 2005 to 35 per thousand births, contributing to healthier infants. Higher Immunization Coverage: Regular immunization rates have increased from 18.6% in 2005 to 84% in 2018-19, surpassing the national average. Decrease in Maternal Mortality: Maternal mortality rate has reduced from 312 in 2005 to 165 in 2018-19, promoting safer childbirth for mothers. Improved Life Expectancy: The average life expectancy of women in Bihar has increased from 61.6 years in 2006 to 68.5 years in 2016, enhancing overall women's health. Empowerment of Women: The scheme supports women’s health and also includes provisions for police recruitment, including 35% reservation for women in police positions. Support for Marginalized Communities: Additional benefits for women from Scheduled Castes and Scheduled Tribes to ensure inclusivity and equality in access to healthcare. Improved Healthcare Access: Trained health workers like ASHA and MAMTA provide guidance, ensuring pregnant women and nursing mothers receive timely and appropriate care.",The applicant must be a pregnant woman or nursing mother residing in Bihar. The applicant should be willing to undergo institutional delivery and follow the health protocols set by the health department. The applicant should be a member of a marginalized community to receive additional benefits under the scheme.,Step 1: Visit the nearest health center or hospital. Step 2: Meet with an ASHA or MAMTA worker for guidance and support. Step 3: Submit the necessary documents for verification.,"Proof of pregnancy (e.g., ultrasound or medical certificate). Identification proof (Aadhaar card, voter ID, etc.). Proof of residence (e.g., ration card, voter ID). Medical documents from a registered healthcare provider. Any other documents (if required).",State,Health & Wellness,,"Maternal Health, Pregnancy, Women And Child, Immunization",,,,
Janani Shishu Suraksha Karyakram,jssk,"A scheme by Ministry of MoHFW for pregnant women who access government health facilities for their delivery. to absolutely free and no expense delivery, including caesarean section. Essential care is provided to the mother and her neonate within 48 hours. Reasons like high out of pocket expenditure ondiagnostics/investigations, blood, drugs, food and user charges institutional delivery JSSK was launched in June 2011 to eliminate out-of-pocket expenses for institutional delivery of pregnant women and treatment of sick infants. In 2014, the programme was extended to all antenatal & postnatal complications of pregnancy and similar entitlements have been put in place for all sick newborns and infants (up to one year of age) accessing public health institutions for treatment.",For pregnant women- Free and cashless delivery Free C-Section Free drugs and consumables Free diagnostics Free diet during stay in the health institutions Free provision of blood Exemption from user charges Free transport from home to health institutions Free transport between facilities in case of referral Free drop back from Institutions to home after 48hrs stay ﻿ For sick newborns till 30 days after birth (now been expanded to also cover sick infants) - Free treatment Free drugs and consumables Free diagnostics Free provision of blood Exemption from user charges Free Transport from Home to Health Institutions Free Transport between facilities in case of referral Free drop Back from Institutions to home,The applicant must be a pregnant woman. The applicant must be admitted in a government health facility.,The pregnant woman is referred by the competent staff of the public health facility for JSSK.,Aadhaar Number Address proof Domicile certificate Ration card Janani Suraksha Card,Central,"Health & Wellness, Women and Child",,"Pregnant, Newborn, Medicine, Free Diet, Woman",,,,
Jiyo Parsi Scheme – Health of the Community,jpshc,"The ""Jiyo Parsi Scheme – Health of the Community"" is a unique Central Sector Scheme launched by the Ministry of Minority Affairs, Government of India. It aims to motivate Parsi couples to have more children. Under this scheme, financial assistance is provided to eligible couples to take care of their dependent elderly family members and children. This assistance is available only to Parsi couples who have a child after the introduction of this component in 2017-18 and whose annual family income from all sources is less than ₹15 lakh per annum. The scheme would be implemented by the State Governments with the assistance of selected Parsi Punchayets/Anjumans/Agiaries. Objective: The objective of the scheme is to reverse the declining trend of Parsi population by adopting a scientific protocol and structured interventions, stabilize their population and to increase the population of Parsis in India.","Under this component, financial assistance will be available to Parsi couples to take care of existing children and the newborn child(ren) at the rate of ₹8,000/- per month till the age of 18 years. The rate of assistance for dependent elderly family members will be ₹10,000/- per month per dependent elderly (aged 60 yrs or more). The assistance will start after the birth of the child and will continue till the elderly family members are alive. The beneficiaries or their family members may study courses in AvestaPahlvi language, ancient language of Parsi Community, through distant learning mode from affiliated University and the Ministry will reimburse the annual fee for the same upto a maximum of ₹6,000/- per annum.","Assistance under this component is available to only those Parsi Couples who bear a child after the introduction of this component i.e. 2017-18 and whose annual family income from all sources is less than ₹15 Lakh per annum. The applicant should be a resident of India. The applicant should belong to a notified minority community, i.e., Parsi/Zoroastrian. Note 1: No funds will be provided under the scheme for maintenance, construction or any recurring expenditure for building of creche etc. Note 2: The maximum overall number of beneficiaries under this component of the scheme will be 200. Note 3: Elderly care will be monitored through the District authorities to oversee that the family receiving the monetary benefits is giving due respect to the elderly members.","Step 1: Eligible beneficiaries who wish to avail benefits under this scheme may visit or contact Parsi Punchayets, Anjumans, or Agiaries. Step 2: Collect the application form and fill in the required details, including Aadhaar number, Aadhaar-linked joint bank account details, and other relevant information. Step 3: The district-level committee will review and recommend the applications under the scheme. Step 4: After receiving recommendations and relevant documents from the district-level committee, the Ministry will initiate the process of reimbursement/payment of grants. Funds will be directly reimbursed through the Aadhaar-based Payment System (ASPS). Note 1: Preference will be given to Parsi couples with the lowest annual family income. Note 2: Financial assistance under the Health of the Community component will be provided at applicable rates during the scheme's duration and as long as the beneficiaries remain eligible. Note 3: Financial assistance will be released under the Direct Benefit Transfer (DBT) mode through the Aadhaar Payments Bridge System (APBS) as per National Payments Corporation of India (NPCI) guidelines.","Identity proof Community certificate Bank Details of Joint Account of the Couple/Cancelled Cheque of Nationalized Bank Income Certificates(from appropriate authority) Details of dependent elderly family members or children with their age proof Courses details in Avesta Pahlvi language, ancient language of Parsi Community, if applicable Any other documents as required",Central,Health & Wellness,,"Parsi Community, Health, Parsi Couples, Zoroastrians",,,,
Jiyo Parsi Scheme – Medical Assistance,jpsma,"The scheme ""Jiyo Parsi Scheme – Medical Assistance"" is a unique Central Sector Scheme launched by the Ministry of Minority Affairs, Government of India, in 2013-14. It aims to provide financial assistance for fertility treatment to the Parsi couples under standard medical protocols to address fertility issues. Financial support is provided for fertility treatments, including Assisted Reproductive Technologies (ART) such as In-Vitro Fertilization (IVF) and Intra Cytoplasmic Sperm Injection (ICSI), along with other methods, including surrogacy, wherever required. The scheme would be implemented by the State Governments with the assistance of selected Parsi Punchayets/Anjumans/Agiaries. Objective: The objective of the scheme is to reverse the declining trend of Parsi population by adopting a scientific protocol and structured interventions, stabilize their population and to increase the population of Parsis in India.","Under this component, Parsis couples would get financial assistance for undertaking treatment cycles of Assisted Reproductive Technologies (ART), surrogacy, In-Vitro Fertilization (IVF) or Intra Cytoplasmic Sperm Injection (ICSI). The monetary ceiling of expenditure would be as follows: Assistance for infertility treatment upto a maximum ₹6 lakh or actual expenditure, whichever is less. This would include IVF (₹1,50,000 per cycle, maximum 4 cycles), Surrogacy, Intra Cytoplasmic Sperm Injection (ICSI), cost of donor etc. in accordance with the submitted plan of treatment. Assistance for other medical expenses (after conception) towards childbearing upto a maximum of ₹4 lakh or actual expenditure whichever is less. This would include diagnostic tests, medication (as per the treating Doctor's prescription), hospitalization, delivery related charges. A maximum amount of ₹2 Lakh or actual expenditure (whichever is less) would be reimbursed before delivery and the remaining would be reimbursed after the delivery. In case, the newly born child(ren) requires post-natal (from birth till six weeks) care e.g., NICU, special check-ups, surgery, etc., an amount up to ₹2.50 lakh or actual expenditure whichever is less, would be reimbursed. Reimbursement in each of the categories would be admissible as per the following annual family income criteria: Sl. No. Annual family income from all sources Financial assistance to be provided under the medical component 1 Upto ₹15 lakh 100% 2 Above ₹15 lakh upto ₹25 lakh 75% 3 Above ₹25 lakh upto ₹30 lakh 50% Note 1: All assistance under Medical Component would be subject to verification of submitted bills. Note 2: In accordance with Department of Health Research, M/o Health & Family Welfare guidelines, law laid down under ART (Regulation) Act, 2021 and Surrogacy (Regulation) Act, 2021 and Rules & Regulations made there under are to be complied with. Note 3: Standard medical protocols to be followed as per the guidelines of the Ministry of Health and Family Welfare, Government of India. Note 4: Financial assistance would be provided under the medical component for the treatment undertaken at hospitals/clinics recognized/accredited by the Central/State Government.","Only Parsi/Zoroastrian couples who are Indian residents are eligible to apply. The applicant should belong to a notified minority community, i.e., Parsi/Zoroastrian.","Parsi couples willing of availing the scheme would be required to apply on the Jiyo Parsi Portal to seek benefits under the respective components and fill in the requisite application form providing their Aadhar Numbers, Aadhar-linked bank account details joint account) and other relevant information. One Time Registration: Step 1: For Registration, click on the ‘Apply Now’ link available under the ‘ Portal for Jiyo Parsi Scheme ’ section on the official website of the Ministry. Then, click on ‘Apply for Services’. Step 2: Enter all the required details in the registration form . Step 3: Confirm your mobile number and email ID through OTP. Once verified, your data will be saved. Step 4: After successful registration, you will receive your User ID (Registration ID) and Password (as created) via SMS and email. Application Process: Step 1: After successful registration. Use your registered email ID and password to log in at https://serviceonline.gov.in/dbt/. ﻿ Step 2: To finalize the remaining application form, click on ‘Login’ and use your registered email ID as the username and your password to access the application page. Step 3: Upon logging in, you will be redirected to the additional details page to finalize the application. Step 4: Use your Registration ID and password to access your profile. Your name will be displayed at the top-right corner. Step 5: In manage profile option of menu; You can view/edit your profile and change your password if needed. Click on ‘Apply for Services’, then select ‘View All Available Services’. Step 6: In the search bar, type ‘Jiyo Parsi Medical Assistance Component’ and click on the service name. Fill in your personal details carefully. Any errors will be highlighted in red. Step 7: After completing all required details and the declaration, you will receive an Application Reference Number to track your status using your login credentials. Step 8: Read the declaration carefully, check ‘Preview’, select ‘I Agree’, and then submit the application. Step 9: Do not enter any details in the ‘Additional Details’ section, as it is pre-filled. Upon successful submission, you will receive an acknowledgement slip. ﻿ User Manual ﻿","Aadhaar Number Recent, clear colour passport size photograph (against a plain white background) of the candidate without wearing dark glasses Income certificate Residence proof Community certificate, if any Treatment Plan Doctor prescription Cancelled cheque/Bank Passbook ITR Any other documents as required",Central,Health & Wellness,,"Parsi Community, Medical Assistance, Parsi Couples, Fertility Treatment, Zoroastrians",,,,
Journalist's Medical Welfare Scheme - Assam,jmws-assam,"In consideration of the long pending demands of the journalists in the State for their welfare etc. the State Govt. has considered to introduce a new scheme viz. “Journalist Medical Welfare Scheme” for financial assistance to the Accredited Journalist as identified by the Director of Information & Public Relations (DIPR) Assam under the Rule of the Assam Press Correspondents (Accredited/ Recognitions) Rules, 1989 for Medical treatment of such journalists who suffer from:- ﻿ 1.	 Complicated ailments needing long-term, highly expensive treatment/involving the transplant of organs/complicated surgeries/long-term medical treatments, e.g. cardiological/ nephrological/ oncological/ neurological/ gastroenterogical/ endoerinological etc. in nature. 2.	Complicated surgical treatments arising out of injury caused by accidents etc. including the cost artificial replacements of etc., as and where required. 3.	Incurable chronic ailments requiring life-saving devices/treatment etc. 4.	Any other serious health-related problems that may be Medically Diagnosed to be of life-threatening nature. For this purpose the State Govt. have introduced a new Head of Accounts in the Annual Budget Estimates from the financial year 2009-10 and the fund provided under this Head of Account shall be administered by a committee to be constituted by the Information & Public Relations Department with the following members and the D.D.O. powers shall be delegated to the DIPR, Assam. ﻿ Under this scheme, one-time financial assistance is provided to the accredited and recognized journalists of Assam for their medical treatment. This scheme covers the medical requirements of the journalist as well as their dependent family members. This financial assistance is extended out of the interest accrued from the corpus fund of the scheme. ﻿","Under this Scheme, one-time financial assistance is to be provided to the Accredited and Recognized Journalist of Assam for treatment. This scheme will also include Recognised Journalists. The Scheme also covers dependent family members of the journalist. Depending upon the nature and severity of the ailments/ disease, after taking into consideration all relevant medical records, etc., the Committee may decide upon the fund to be made available per applicant in the following slabs: a)	Up to a maximum of ₹ 50,000/- in case of disorders not life-threatening in nature. b)	Up to a maximum of ₹ 1,00,000/- in case of disorders life-threatening in nature.",The applicant should be a citizen of India. The applicant should be an ordinary resident of Assam. The applicant must be a journalist who is formally accredited / recognised by the DIPR and fulfil all the norms required for the said accreditation/ recognition. ﻿ General Note: Grant of financial assistance to any working journalist is not a matter of right. Assistance would be extended depending on the Committees satisfaction as to the eligibility/ merits of the cases and the availability of the financial resources for the purpose. The Committee reserves the right to reject or accept any application without assigning any reasons thereof. ﻿,"Application Link for Self: https://dipr.assam.gov.in/sites/default/files/swf_utility_folder/departments/dipr_webcomindia_org_oid_4/menu/document/application_form_of_journalist.pdf ﻿ ﻿ ﻿ ﻿ Application for dependent member: https://dipr.assam.gov.in/sites/default/files/swf_utility_folder/departments/dipr_webcomindia_org_oid_4/menu/document/application_form_of_dependent_journalist.pdf ﻿ ﻿ ﻿ ﻿ Step 01: Application for grant of financial assistance shall be submitted to the Convener of the Committee (Director, DIPR) in the prescribed form. This shall be accompanied by a report in the prescribed form prescribed format. ﻿ Step 02: Proposals for assistance from the fund will be initiated by the DIPR. Specific recommendations and supporting documents which shall be placed before the Committee. However, in cases of urgency/ emergency decisions may be taken with the approval of the Chairperson and reported to the next meeting of the Committee for its approval. ﻿ Step 03: The Convener of the Committee (Director, DIPR) may also put up deserving cases for grant of financial assistance. ﻿ Step 04: All the applications shall be scrutinized by the committee. The committee may also ask for other certificates and evidence regarding the current financial situation before sanctioning any sort of assistance. ﻿ Step 05: Financial assistance shall be provided on the date of issue of the order sanctioning the assistance unless otherwise specified therein. ﻿ ﻿ ﻿ ﻿ ﻿","Attested or self-attested copy of Identity Card (DIPR), Identity Card of Present Organization, Bank details like Passbook (Front page) & Cancelled Cheque. Medical documents like Admission Certificates, Discharge Certificates, Prescriptions, Bills/Vouchers, Clinical Reports, etc. A copy of his/her PAN Card/Aadhar card. Other certificates and evidence regarding the current financial situation ﻿",State,"Health & Wellness, Social welfare & Empowerment",,"Journalist, Medical Treatment, Financial Assistance, Dependent Family",,,General,
KCR Nutrition Kit,kcr-nutrition-kit,"Telangana Government launched yet another pioneering initiative ‘KCR Nutrition Kits’, which is aimed at reducing Anemia and improving hemoglobin levels in pregnant women. Each kit contains a kg of Nutritional Mix Powder, a kg of Dates (Khajoor), three bottles of Iron Syrup, 500 grams of Ghee, and a Cup. The kits were distributed to pregnant women in nine districts of Telangana where the prevalence of anemia was high. The programme was launched by Health Minister T Harish Rao at Kamareddy on 21st December 2022. ﻿ Objective: The primary objective of the scheme is to improve the nutritional status of pregnant and lactating women and young children in Telangana. ﻿ Beneficiaries: The scheme aims to cover all pregnant in Telangana. The beneficiaries will receive a kit containing essential food items every month. ﻿ The scheme is implemented by the Department of Women Development and Child Welfare, Government of Telangana. ﻿ ﻿ Overall, the KCR Nutrition Kits Scheme is an important initiative aimed at improving the nutritional status of pregnant in Telangana. The scheme provides essential food items that can help in meeting the nutritional requirements of these vulnerable groups.","The KCR Nutrition Kits Scheme in Telangana provides several benefits to the beneficiaries. Here are some of the key benefits of the scheme: •	To provide quality nutrition throughout pregnancy and post-delivery. •	To reduce Anaemia and improve hemoglobin levels in pregnant women. •	To reduce Maternal Mortality Rate and Infant Mortality Rate ﻿ Improved Nutritional Status: The primary objective of the scheme is to improve the nutritional status of pregnant women in Telangana. The nutrition kit provided to the beneficiaries contains essential food items that can help in meeting their daily nutritional requirements. ﻿ Reduced Malnutrition: Malnutrition is a major problem among pregnant in Telangana. The KCR Nutrition Kits Scheme can help in reducing malnutrition by providing nutritious food to the beneficiaries every month. ﻿ Improved Health: Good nutrition is essential for good health. The KCR Nutrition Kits Scheme can help in improving the health of pregnant women in Telangana by providing them with essential nutrients. ﻿ Increased Awareness: The scheme can also help in increasing awareness about the importance of good nutrition among the beneficiaries. The Anganwadi workers can educate the beneficiaries about the importance of good nutrition and how to make the most of the food items provided in the kit. ﻿ Empowerment of Women: The scheme can also help in empowering women by providing them with the necessary resources to take care of their health and the health of their children. The nutrition kit provided under the scheme can help in reducing the financial burden on women and enable them to make better decisions about their health and nutrition. ﻿ Overall, the KCR Nutrition Kits Scheme in Telangana has several benefits for the beneficiaries. It can help in improving their nutritional status, reducing malnutrition, improving health, increasing awareness, and empowering women.","Pregnant Women: Pregnant women are eligible to receive the nutrition kit under the scheme. The scheme aims to provide support to pregnant women to ensure that they have access to essential nutrients required for a healthy pregnancy. ﻿ Age: Minimum 18 Gender: Female Residence Type: Both ﻿ Resident of Telangana: The scheme is applicable only to the residents of Telangana. Non-residents of the state are not eligible to receive the nutrition kit. ﻿ Economically Weaker Sections: The scheme is designed to provide support to the economically weaker sections of society. Families with a monthly income of less than Rs. 10,000 are eligible to receive the nutrition kit. ﻿ Identification by Anganwadi Worker: The beneficiaries of the scheme are identified by the Anganwadi workers. The workers conduct surveys and identify the eligible beneficiaries based on the eligibility criteria mentioned above.",Identification may be done by Anganwadi Workers: The beneficiaries of the scheme are identified by the Anganwadi workers. The workers conduct surveys and identify the eligible beneficiaries based on the eligibility criteria mentioned.,1.	Aadhaar Card,State,"Health & Wellness, Social welfare & Empowerment, Women and Child",,"Pregnant Women Care Kit, Providing Nutritious Food To Pregnant Women And Children, Anganwadi Centers, Improve The Nutritional Status Of Pregnant",,,,
Kanti Velugu,kv,The State Government has embarked on a Noble Project of achieving “avoidable blindness-free Telangana” status by conducting a Comprehensive and Universal Eye Screening for the entire population of the State under the title ‘Kanti Velugu’,"•	Universal Eye Screening to be done for all the citizens of Telangana. •	All cases that require correction of Refraction Errors, Spectacles to be distributed free of cost •	Surgeries will be organised in all cases of Cataract, Glaucoma, Retinopathy, corneal disorders etc., •	All the services will be provided free of cost •	Medicines for common eye ailments will be provided •	Citizens will be educated on prevention of serious disabling eye diseases.",All the citizens of Telangana are eligible for Universal Eye Screening.,﻿,Valid Identity proof like Adhaar card Ration card. Voter ID card. Address proof. Medical reports. Domicile certificate.,State,Health & Wellness,,,,,,
Khushi Scheme,ks,"The Department of Health and Family Welfare, Government of Odisha had introduced a scheme named "" Khushi "" which aims to provide Free sanitary napkins to all girls in Government and aided schools from class 6th to 12th. Khushi (meaning ""Happiness"" in Odia) is a female health and hygiene program run by the Government of Odisha to provide free sanitary pads to girl students in Odisha. Khushi scheme of Odisha aims to provide good menstrual hygiene care to women of the state. The initiative aims to promote health and hygiene among school-going adolescent girls leading to higher retention in school and greater empowerment of women. The scheme provides free sanitary pads to girls in government and government-aided schools and also offers subsidized sanitary napkins to rural women. The scheme's goals include reducing the dropout rate among girls, improving academic performance, and empowering women. The Odisha State Medical Corporation Limited is the implementing agency of this scheme. Objectives Promote Menstrual Hygiene: The scheme seeks to increase awareness about menstrual hygiene and provide access to sanitary products. Reduce School Dropout Rates: By ensuring that girls have access to menstrual hygiene products, the scheme aims to reduce school absenteeism and dropout rates among adolescent girls. Economic Empowerment: The scheme also has elements designed to economically empower women and girls through the promotion of local production and distribution of sanitary products.","The Khushi Scheme offers several key benefits aimed at improving menstrual hygiene and overall well-being for women and girls in the state. 1. Free or Subsidized Napkins: The scheme provides free or affordable sanitary napkins to women and girls, especially in rural and underserved areas where access to such products is limited. 2. Education and Awareness: Through educational campaigns, the scheme raises awareness about menstrual hygiene practices, helping women and girls maintain better health and hygiene. 3. Support for Adolescent Girls: By providing sanitary products and creating awareness, the scheme helps reduce school absenteeism and dropout rates among adolescent girls, ensuring they stay in school and continue their education. 4. Employment: The scheme often includes components that support the local production of sanitary napkins, which create employment opportunities and contribute to the local economy. 5. Prevention of Health Issues: By promoting the use of sanitary products and proper menstrual hygiene practices, the scheme helps in preventing health issues related to menstruation, such as infections and rashes.",The applicant must be a resident of Odisha. All school girls from classes 6th to 12th are eligible.,There is no need to apply anywhere to avail of the benefit of Odisha Khushi Scheme. Girls Students of Class 6th to Class 12 will get free Sanitary Pads/ Napkins in their School. The rural women will contact their area ASHA Worker to get 6 Napkins at the nominal rate of Rs. 6/-. An applicant may visit the nearest local Primary Health Centers (PHCs) or community health centers where information about the Khushi Scheme and its benefits might be available.,Aadhaar Card Proof of Residence School ID Card,State,"Health & Wellness, Women and Child",,"Sanitary Pads, Health, Hygiene",,,,
Kishori Balika Yojana (Madhya Pradesh),sfagmp,"The scheme ""Kishori Balika Yojana"" by the Department of Women and Child Development, Government of Madhya Pradesh aims to provide vocational, health, and hygiene training to adolescent girls. Through this scheme, girls from each Anganwadi center are selected and trained by master trainers, who in turn provide training at the Gram Panchayat level. The scheme is implemented by Anganwadi Workers and includes Two-day Master Trainer Training Programs provided at monthly intervals.","Each Anganwadi center selects 2 adolescent girls, 1 Anganwadi worker, and 1 Auxiliary Nurse Midwife (ANM) for a two-day master trainer training at monthly intervals. Master trainers provide vocational, health, and hygiene training at the Gram Panchayat level. A two-day master trainer training program is provided at monthly intervals.","The applicant should be a resident of Madhya Pradesh. The applicant should be a girl. The applicant should be aged between 11 and 18 years. The applicant should be from one of the following categories: General, Other Backward Class (OBC), Scheduled Castes (SC), Scheduled Tribes (ST).","The interested applicants should visit the nearest Anganwadi Center for registration, along with the necessary documents.","Identity Proof (Aadhaar Card, etc) Proof of Age (Birth Certificate, etc) Address Proof",State,"Women and Child, Skills & Employment, Health & Wellness",,"Girl, Anganwadi, Development, Training, Workshop, Skill, Health, Vocational, Education",,,"Scheduled Tribe, SC, ST, OBC, Scheduled Caste, General",
Mahatma Jyotirao Phule Jan Arogya Yojana,mjpjay,"The Mahatma Jyotirao Phule Jan Arogya Yojana (MJPJAY), launched by the Government of Maharashtra under  Public Health and Family Welfare Department,The scheme provides cashless medical services for secondary and tertiary treatments through empaneled hospitals. Initially targeted at low-income families, the scheme now covers all families in the state, offering up to ₹1.5 lakh under MJPJAY and ₹5 lakh under Ayushman Bharat annually. From 1st July 2024, it ensures comprehensive, cashless healthcare for the entire population of Maharashtra. ﻿","Health Coverage for Categories A to E (Excluding D): ₹5 lakhs per family per year on a floater basis under both schemes. Health Coverage for Category D: ₹1 lakh per person per year. ﻿ Medical Benefits • For categories A to E (Excluding D) - 1356 Health Benefits Packages under 34 specialities. • For category D – 184 Health Benefits Packages for Road accident patients. Follow-up treatment 262 Health Benefits Packages for both schemes (for categories A to E) Treatment Reserved for Govt. Hospitals 119 Health Benefits Packages for both the schemes (for categories A to E) Benefits under Health Packages The health packages provide comprehensive coverage, ensuring a cashless treatment experience for patients. The benefits include: Hospitalization Costs Bed charges in general wards. Nursing and boarding charges. Surgeons, anaesthetists, medical practitioners, and consultants' fees. Medical Expenses Charges for oxygen, O.T., and ICU facilities. Cost of surgical appliances, drugs, disposables, consumables, implants, and prosthetic devices. Expenses for blood transfusion (as per State Government policy). Diagnostics and Support Services X-rays and diagnostic tests. Food for inpatients during hospitalization. Transportation Costs One-time transport cost by State Transport or second-class rail fare from the hospital to the patient’s residence. In the unfortunate event of a patient's death, the cost of transporting the deceased's body from the network hospital to their village or township. The package covers all costs from the date of reporting to discharge, including treatment complications, ensuring a truly cashless experience for patients. ﻿ Scheme on Assurance Mode The Integrated Scheme is being implemented on an Assurance Basis. This means that the claims of the network hospitals for the expenses of the patients undergoing treatment under the scheme are being paid directly by the State Health Assurance Societies to the respective network hospitals. Accordingly, the State Health Assurance Society is paying claims up to ₹5 lakh per family per year of groups A, B, C and E and ₹1 lakh per person per year for road accident victims of group D.","Category A: Families holding Yellow, Antyodaya Anna Yojana (AAY), Annapurna Yojna and Orange Ration Card. Category B • White ration card holder families (including Govt./Semi Gov employees). • A family without having any kind of ration card but having domicile certificate of Maharashtra Category C • Students in Govt. and Govt. recognized Ashram School • Children in Govt. and Govt. recognized Orphanages • Women in Govt. and Govt. recognized Women's Ashram • Sr. citizens in Govt. and Govt. recognized old age homes • Journalists and their dependent family members as per criteria of Directorate General of Information and Public Relations Office. • Construction workers and their families (who are resident of outside of Maharashtra) registered with Maharashtra Building and Other Construction Workers Board. Category D Road traffic accident victims from outside Maharashtra and outside India who met with an accident on roads in Maharashtra Category E Families holding below mentioned ration cards from 865 villages of Belgaon, Karwar, Kalburgi and Bidar Districts of Maharashtra- Karnataka border 1) Antyodaya Anna Yojana (AAY) 2) Priority House Holder (PHH) 3) Annapurna Yojna","Step 1: The interested applicant should visit the  any Govt./Pvt. network hospital in State, and request the hard copy of the prescribed format of the application form from the concerned authority. Step 2: In the application form, fill in all the mandatory fields, paste the passport-sized photograph (signed across, if required), and attach copies of all the mandatory documents (self-attest, if required). Step 3: Submit the duly filled and signed application form along with the documents, within the prescribed period (if any), to the authority. Step 4: Request a receipt or acknowledgement from the concerned authority to whom the application has been submitted. Ensure that the receipt contains essential details such as the date and time of submission, and a unique identification number (if applicable). NOTE: Ensure that the application is submitted within the prescribed period, if any. Note 1: The claim settlement module along with electronic clearance and the payment gateway will be part of the workflow in the State Health Assurance Society (SHAS) portal and will be operated by the Insurer. Note 2: The reports will be available for scrutiny on the State Health Assurance Society (SHAS) login. ﻿",List of valid photo ID proofs to be accepted along with document of eligible criteria: 1. Aadhaar Card or Aadhaar Registration Slip with a photo of the beneficiary. An Aadhaar Card would be insisted upon as an identification document and in the absence of an Aadhaar card/number; any document that is accepted for issuance of an Aadhaar card will also be accepted. 2. Pan Card 3. Voter ID 4. Driving License 5. School/College Id 6. Passport 7. Freedom Fighter ID card 8. Health Card of RGJAY / MJPJAY 9. Handicap Certificate 10. Nationalized Bank Passbook with Photo 11. Senior citizen card issued by the Central Government or State Government 12. Defense ex-servicemen card issued by Sainik Board 13. Marine Fishery Identity card (Issued by Ministry of Agriculture / Fisheries Department Government of Maharashtra). 14. Any photo ID proof issued by the Government of Maharashtra/ Government of India,State,Health & Wellness,,"Hospital, Health Insurance, Cashless Service, Diseases, Hospital",,,General,Karnataka
Mamta Taruni Abhiyan,mta,"Details Under this program, free medical check-ups, iron and folic acid supplements, and deworming medication were provided to adolescent girls between the ages of 10 and 19 years, and pregnant women. The program also aimed to create awareness about menstrual hygiene, family planning, and nutrition among adolescent girls and pregnant women. The program was implemented through a network of health workers, including Accredited Social Health Activists (ASHAs), Auxiliary Nurse Midwives (ANMs), and Anganwadi workers. The Mamta Taruni Abhiyan was seen as a significant step towards improving maternal and child health in rural areas of Gujarat. ﻿","Benefits Access to Health and Wellness Services: The scheme provides access to various health and wellness services, including health check-ups, antenatal care, postnatal care, and nutritional support. Improved Maternal and Child Health: The scheme aims to improve maternal and child health outcomes by providing timely and quality healthcare services to pregnant women and young girls. Health Education: The scheme also provides health education and awareness sessions to beneficiaries, which helps them make informed decisions about their health and well-being. Empowerment of Women and Girls: The scheme aims to empower women and girls by providing them with knowledge and skills related to health and nutrition, which helps them lead healthy and productive life. Financial Support: The scheme also provides financial support to pregnant women in the form of a cash incentive, which helps them meet their medical and nutritional needs.",Eligibility Adolescent Girls: The scheme is open to all adolescent girls between the ages of 10 and 19 years who are residents of Gujarat. Pregnant Women: The scheme is open to all pregnant women who are residents of Gujarat. BPL Families: The scheme gives priority to women and girls belonging to Below Poverty Line (BPL) families.,"Application Process Visit the Nearest Health Center: The first step is to visit the nearest healthcare center or hospital that is authorized to provide the benefits and services under the scheme. Fill the Application Form: The healthcare center will provide an application form for the scheme. The applicant needs to fill the form accurately and completely. Submit Required Documents: Along with the application form, the applicant needs to submit the required documents such as identification proof, address proof, medical certificate (in case of pregnant women), and income certificate (in case of BPL families). Get Enrolled: After submitting the application form and the required documents, the healthcare center will verify the information provided by the applicant. If the applicant is found to be eligible, they will be enrolled in the scheme. Receive Benefits and Services: Once enrolled, the beneficiary can avail the benefits and services under the scheme, which may include health check-ups, antenatal care, postnatal care, nutritional support, health education, and financial support (in case of pregnant women).","List of required documents Identification Documents: Beneficiaries must have identification documents such as a birth certificate, Aadhaar card, or any other valid government-issued identity proof. Medical Certificate: Pregnant women may be required to provide a valid medical certificate indicating their pregnancy status and health condition. Bank Account Details: Beneficiaries may need to provide their bank account details to receive financial support under the scheme. Income Certificate: Women and girls belonging to Below Poverty Line (BPL) families may need to provide an income certificate as proof of their eligibility. Address Proof: Beneficiaries may need to provide an address proof such as a utility bill or a rent agreement to establish their residence in Gujarat.",State,"Health & Wellness, Women and Child",,"Mamta, Taruni, Abhiyan, Healthcare",,,,
Maternity Assistance Scheme (PBAOCWWB),mat-pbaocwwb,"The ""Maternity Assistance"" is a Welfare Scheme by the Puducherry Building and Other Construction Workers Welfare Board, Labour Department, Union Territory of Puducherry. Through this scheme, the women employees who are beneficiary of the fund shall be given ₹5,000/- each as maternity benefit during the period of maternity. The spouse of male employee who is the beneficiary of the fund shall also be given this benefit. The benefits can only be availed twice.","Financial Assistance of ₹5,000/- credited within 15 days through DBT. *The spouse of male employee who is the beneficiary of the fund shall also be given this benefit. *The benefits can only be availed twice.",The applicant should be a citizen of India. The applicant should be registered as a Construction Worker with the Puducherry Building and Other Construction Workers Welfare Board. The applicant should have completed the age of 18 years. The applicant should be a Woman. The applicant should be Pregnant. The applicant should not have completed the age of 60 years during the preceding 12 months in the construction work. The beneficiary should be contributing to the fund until he/she attains the age of 60 years. The applicant should not have defaulted in payment of contribution to the Board for a continuous period of more than one year. The applicant should not already have received the benefits of this scheme two times. The spouse of male employee who is the beneficiary of the fund is also eligible.,"Registration Step 1: The interested construction worker should visit the Office of the Puducherry Building and Other Construction Workers Welfare Board (Industrial Estate, Thattanchavady, Puducherry - 605 009) and obtain the prescribed format of the registration form free of cost from the concerned authority exclusively entrusted to issue and collect filled-in applications. Step 2: In the registration form, fill in all the mandatory fields, paste the passport-sized photograph (signed across, if required), and attach copies of all the mandatory documents (self-attest, if required), add a declaration stating that you are a construction worker, mentioning your worksite. Step 3: The interested construction worker should submit the duly filled and signed registration form and the documents to the concerned authority. Step 4: Request a receipt or acknowledgement from the concerned authority to whom the registration form has been submitted. Ensure that the receipt contains essential details such as the date and time of submission, and a unique identification number (if applicable). Step 5: Upon verification by the inspectors under the Act towards genuineness, the concerned worker will be enrolled as a beneficiary with the approval of the Secretary (Board). *The beneficiary should pay the registration of ₹25/- at the time of enrollment and ₹100/- per year as an annual subscription. *The Board collects ₹300/- as a renewal fee once in three years. ﻿ Application Step 1: The interested construction worker should visit the Office of the Puducherry Building and Other Construction Workers Welfare Board (Industrial Estate, Thattanchavady, Puducherry - 605 009) and obtain the prescribed format of the application form free of cost from the concerned authority exclusively entrusted to issue and collect filled-in applications. OR The interested construction worker should take print of the prescribed format of the application form provided in the section ""Application for Welfare Benefits"" on Page No. 77 of the Citizen's Charter. Step 2: In the application form, fill in all the mandatory fields, paste the passport-sized photograph (signed across, if required), and attach copies of all the mandatory documents (self-attest, if required). Step 3: The interested construction worker should submit the duly filled and signed application form and the documents to the concerned authority. Step 4: Request a receipt or acknowledgement from the concerned authority to whom the application form has been submitted. Ensure that the receipt contains essential details such as the date and time of submission, and a unique identification number (if applicable). NOTE: The application should be submitted within one year from the date of delivery period","For Registration 1. Duly Filled and Signed Application Form. 2. Birth Certificate/Transfer Certificate/Doctor Certificate for Age Verification. 3. Experience Certificate to Be Obtained From a Registered Engineer/contractor/association/trade Union, Serving as Evidence of Being a Construction Worker. 4. Details Related to Construction Work/worksite. 5. Proof of Blood Group (Medical Health Card or Laboratory Certificate). 6. Two Passport-size Photographs. 7. Ration Card. 8. Aadhaar Card. 9. Bank Details. 10. Family Particulars/status and Nomination Details of the Beneficiaries. 11. Certificate From the Revenue Department or Social Welfare Department or Anganwadi Officials of the Respective Area. ﻿ For Application For Application Original Birth Certificate. Discharge Slip. Last Subscription Bill. Board ID Card. Aadhaar Card. Ration Card. Bank Details.",State,"Women and Child, Health & Wellness",,"Maternity, Pregnant, Financial Assistance, Construction, Worker, DBT",,,,
Maternity Assistance for the Construction Workers,mafcw,"The ""Maternity Assistance for the Construction Workers"" by the Delhi Building and Other Construction Workers Welfare Board, Labour Department, Delhi, is a welfare scheme for the registered workers of the board. Through this scheme, maternity benefits of ₹ 30,000/- is provided to the registered women members and wives of male members for upto 2 children from the date of joining membership of the fund. ﻿","₹30,000/- is provided to the registered women members and wives of male members for upto 2 children from the date of joining membership of the fund.","For Registration The applicant should be a resident of Delhi. The applicant should be a Building/Construction Worker. The applicant should be between 18 and 60 years. The applicant should have served the Board for at least 90 days in a given year. For Application Registered women member Under the Delhi Building and Other Construction Workers Welfare Board . Or, Wives of registered male members Under the Delhi Building and Other Construction Workers Welfare Board. The applicant shall be eligible to avail the benefits only for their first 2 children.","Registration Step 1: Visit the DBoCWWB website and click “Register Now”. Step 2: Enter the following mandatory details: Aadhaar Card Number, Name as on Aadhar Card, Mobile Number, Date of Birth (as on Aadhar Card), Gender, etc. Create a password and confirm it. Click “Register”. You will be redirected to the registration page. Step 3: On the registration page, fill in the mandatory details (Father Name, Mother Name, Photograph, Applicant’s Video, etc) and upload the mandatory documents in the specified filetype and filesize. Click “Save & Next”. Step 4: On the next page, enter the mandatory details regarding your work/workplace (Previous/Current Employer Details, Proof of 90 Days Employment, etc) and upload the mandatory documents in the specified filetype and filesize. Click “Save & Next”. Step 5: Click on “Add Family Members” to avail the benefits of various schemes. Step 6: In the next window, add your Bank Account details. Step 7: In the next window, upload your Aadhaar Card, Address Proof, Birth Proof, Employment Proof, Bank Account details etc. Step 8: In the next window, the ""Affidavit of the Applicant"" will be displayed. Verify all the details, and click on the checkbox. Step 9: Proceed for the online registration fee of ₹25/- through a Debit Card/ Internet Banking/ UPI. Step 10: Enter the OTP received on your registered mobile number to apply. Note down the Application Number for future reference. Download the acknowledgement receipt. Track Your Application Visit the homepage of the website regularly and click on ""Track Your Application"" to check the status of your application. Application Step 1: Visit the DBoCWWB website and click “Apply for Scheme”. Step 2: Log in through Aadhaar Number/ Registration Card/ OTP. Step 3: Apply for the “Maternity Assistance” scheme. ﻿ Helpline Number (24x1) : 011-41236600 DBOCWWB Department Number (office hours: 9:30AM - 6:00PM) : 011-23813846","In case of Delivery at Hospital: Birth certificate of the Child (duly issued by any Municipal/Govt. Authority), Discharge summary/Medical Certificate (to be obtained from medical officer not below the rank of an Assistant Surgeon). In case of Emergency Delivery at Home: Birth certificate of the Child (duly issued by any Municipal/Govt. Authority), Proof of visiting a Hospital/Nursing Home in connection with the pregnancy in the pregnancy period, Photocopy of any ID proof of Aaya/Dai. ﻿",State,"Health & Wellness, Social welfare & Empowerment, Women and Child",,"Labour, Medical Support, Construction Workers, Maternity, Financial Assistance",,,,
Maternity Benefit,mbwb,"The ""Maternity Benefit'' scheme by the Building and Other Construction Workers Welfare Board, Labour Department, West Bengal, is a welfare scheme for the registered workers of the board. Under this scheme, the Board shall provide financial benefit during the period of maternity to the female beneficiary or wife in case of a male beneficiary who is registered for 1 year under the Board, subject to a maximum 2 times in his/ her whole life time.","Quantum of Assistance: ₹6,000/-. Note: The benefit shall be allowed for two times in beneficiarie's whole life time. ﻿",For Registration as a Building/ Construction Worker: The applicant should be a resident of West Bengal. The applicant should be a Building/ Construction Worker. The applicant should be between 18 and 60 years. The applicant should have engaged in building and construction work for at least 90 days in a given year. For the Application of the Welfare Scheme: The applicant should be a registered female member or wife of a male member Under the Building and Other Construction Workers Welfare Board of West Bengal. The applicant should be pregnant.,"Registration Process as a Building/ Construction Worker: Step 1: To register as a beneficiary under the BOCW Welfare Board, an applicant worker should request Form-27 from the Assistant Labour Commissioners/ Beneficiary Registering Officers and should attach all the mandatory documents (self-attested, if required). Step 2: Application shall be submitted to the Assistant Labour Commissioners/ Beneficiary Registering Officers. Application Process of the Welfare Scheme: Step 1: A registered worker should request Form-XII for the application from the Assistant Labour Commissioners/ Beneficiary Registering Officers and should attach all the mandatory documents (self-attested, if required). Step 2: Application shall be submitted to the Assistant Labour Commissioners/ Beneficiary Registering Officers for this be Helpdesk: Labour Department Department of Labour, Government of West Bengal, 12th Floor, N.S Building, Block-A, 1, Kiran Shankar Roy Road, Kolkata-700001 Helpline of Labour Department, Govt. of West Bengal (Shramik Sathi): 1800-103-0009 Note: Upon successful verification,  the construction worker is registered and an identity card and passbook are issued to him/ her. ₹20/- as the registration fee and ₹30/- as yearly subscription is taken. The amounts taken are noted in the passbook and a receipt is issued. After one year, the beneficiary's subscription is renewed upon payment of a renewal fee of ₹30/- and submission of an application in Form-27A. If not renewed the registration of the beneficiary is cancelled after the expiry of one year. Fresh application for renewal to be submitted to the ALC for consideration.",For Registration as a Building/ Construction Worker: Passport size photographs of the worker (Four copies). Attested copy of Proof of Age. For the Application of the Welfare Scheme: Identity Card of the member. Medical Certificate. Any other document if required.,State,"Social welfare & Empowerment, Health & Wellness, Women and Child",,"Labour, Building Worker, Construction Worker, Maternity, Pregnancy Care, Women",,,,
Maternity Benefit (O.B.O.C.W.W.B),mbobocwwb,"The “Maternity Benefit” scheme by the Building and Other Construction Workers Welfare Board, Labour Department, Odisha, is a welfare scheme for the registered workers of the board. Under this scheme, the Board shall provide financial assistance in the form of maternity benefits to the female beneficiaries subject to a maximum of two children who  are registered beneficiaries for a period of more than one year under the Odisha Building and Other Construction Workers Welfare Board. ﻿","Quantum of Assistance: ₹8,000/- to ₹10,000/- per Child. For eligible beneficiaries under “Mamata” being implemented by W&CD Department: ₹15,000/- (₹10,000/- under OB&OCWW Board and ₹5,000/- under “Mamata”). Note: Assistance shall be given for a maximum of two children. ﻿",For Registration as a Building/ Construction Worker: The applicant should be a resident of Odisha. The applicant should be a Building/ Construction Worker. The applicant should be between 18 and 60 years. The applicant should have engaged in building and construction work for at least 90 days in a given year. The applicant should not be a member of any other Welfare Fund established under any law. For the Application of the Welfare Scheme: The applicant should be female. The applicant should be a registered member of the Odisha Building and Other Construction Workers Welfare Board. The applicant should be registered for a period of one year or more under the board. The applicant should be pregnant.,"Registration Process as a Building/ Construction Worker: Step 1: Visit the official website of the Odisha BOCWW Board. Step 2: Click on “One Time Registration” on the top right side of the page. Step 3: Click on the Declaration box and then on the “Proceed” button. Step 4: In the next window fill in all the required details carefully and click on “Proceed”. Step 5: Enter the received OTP and click on “Submit”. Step 6: Your account will be successfully created and a Username will be displayed (Keep the Username for future references). Application Process of the Welfare Scheme: Step 1: Visit the Applicant Login page of the Odisha BOCWW Board. Step 2: Enter your Username, OTP and fill in the captcha then click on “Sign In”. Step 3: In the next window, fill in your General Details, Address Details, Family & Nominee Details, Details of the establishment(s) where the applicant worked during the last one year, Bank Details etc. and then click on “Submit”. Step 4: Now in the Menu bar section, click on “Benefit”. From the list select the concerned benefit you want to apply. Step 5: Fill in all the mandatory details carefully and click on “Submit” to complete the application process. Check Your Application Status: Registered workers can check their application status through visiting this link upon entering their Application Tracking Number. Pay Annual Contribution: Registered workers can pay the Annual Contribution through visiting this link upon entering their Registration Number.","For Registration as a Building/ Construction Worker: Aadhaar Linked Bank Passbook Front Page Copy (Allowed file types: PNG, JPG, PDF. Allowed size: less than 500 KB). Passport Size Photo (Allowed type: PNG, JPG. Allowed size: less than 500 KB). Aadhaar Card (Allowed file types: PNG, JPG, PDF. Allowed size: less than 500 KB). Signature of Applicant (Allowed type: PNG, JPG. Allowed size: less than 500 KB). Employment certificate (Allowed file types: PNG, JPG, PDF. Allowed size: less than 500 KB). For the Application of the Welfare Scheme: Registration ID card of the member. Proof of deposit of annual contribution of the member. Medical Certificate. Any other documents if required.",State,"Health & Wellness, Women and Child",,"Labour, Building Worker, Construction Worker, Maternity, Pregnancy Care, Women, Child Delivery",,,,
Maternity Benefit For Female Workers- JKBOCWWB,mbffwjkbocwwb,"The ""Maternity Benefit for Female Workers"" scheme by the Building and Other Construction Workers Welfare Board, Labour Department, Jammu & Kashmir, provides financial assistance to registered female workers during maternity. Under this scheme, female beneficiaries are eligible to receive ₹5,000 (for up to two children), provided they have been engaged in building or construction work for at least 90 days in the preceding 12 months.","Under the scheme, maternity benefits for female workers amount to ₹5,000 for up to two children. Note: The benefit is allowed only twice in the beneficiary's lifetime. ﻿",For Registration as a Building/ Construction Worker: The applicant should be a resident of Jammu & Kashmir. The applicant should be a Building/ Construction Worker. The applicant should be between 18 and 60 years. The applicant should have engaged in any building or other construction work for at least 90 days during the preceding 12 months. The applicant should be registration is renewed annually. For the Application of the Welfare Scheme: The applicant should be a registered female member Under the Building and Other Construction Workers Welfare Board of Jammu & Kashmir. The applicant should be pregnant. The worker's membership with the Welfare Board must be active at the time of application.,"Registration of a Construction Worker under JKBOCWWB: Step 1: Go to the J&K Building and Other Construction Workers Welfare Board (JKBOCWWB) official website. ﻿ Step 2: On the homepage, find and click the "" Labour Registration "" link. Step 3:If you're a new user, click on ""Apply for New Registration."" Step 4: Complete the registration form with your details, submit the form, and send the OTP to your registered mobile number. Enter the OTP and click ""Verify OTP & Submit."" Step 5: After the OTP is verified, a confirmation message with your Login ID and password will be sent to your registered mobile number. Step 6:Use the Login ID, password, and captcha to log in (remember, the username and password are case-sensitive). filled are case sensitive)Read all the instruction carefully and Click to continue Step 7: Once logged in, choose the ""Construction Worker’s Registration"" option and click on ""Registration Form."" Step 8: A dashboard will appear. Complete the form by entering all required details (marked with *). Step 9: Upload all the important documents, such as ID proof and other relevant certificates. Step 10: Once the form is completed and documents uploaded, click ""Submit"" and pay the application fee online. You will receive a registration number after successful payment and submission. ﻿ Steps to Apply for Scheme Benefits: Step1: Go to the official website of the Jammu & Kashmir Building and Other Construction Workers Welfare Board. Step2: Click on "" Login,"" enter your details, and sign in to your account. Step3: After logging in, click on ""Scheme Registration"" and select ""Apply for Scheme."" Step4: Choose the scheme you wish to apply for in order to avail the benefits. Step5: Enter all required information and upload the necessary documents as prompted. Step6: Finally, click on ""Submit Application"" to complete the process. ﻿ Application Tracking: Applicant can track their application status online through the official website of the  Jammu & Kashmir Building and Other Construction Workers Welfare Board. Relevant updates will be sent to the registered mobile number. ﻿","Documents Required for Registration as a Building/Construction Worker: Identity Proof (e.g., Aadhaar Card) Passport-size Photograph Skill-upgradation Training Certificate Proof of Residence (e.g., Utility bill, Voter ID, etc.) Ration Card (optional) Bank Account Details (e.g., Copy of Bank Passbook) Caste Certificate (if applicable) Undertaking/Declaration Age Certificate (any of the following): School Certificate Registrar of Birth Certificate Certificate issued by District Medical Board (if both of the above are unavailable) Employment Certificate Signature Any other documents as required Documents Required for Application of a Welfare Scheme: Identity Card of the Member Medical Certificate (if applicable) Any Other Document as Required ﻿",State,"Social welfare & Empowerment, Health & Wellness, Women and Child",,"Building Worker, Construction Worker, Labour, Maternity, Pregnancy Care, Women",,,,
Maternity Benefit Scheme (APB&OCWWB),mbsapbandocwwb,"The scheme “Maternity Benefit Scheme” was launched by the Department of Labour and Employment, Govt. of Arunachal Pradesh for Registered Workers of Arunachal Pradesh Building & Other Construction Workers Welfare Board (APB&OCWWB). The state government has proposed and implemented this scheme through the APB&OCWWB to its women workers who have registered their names in the Labour Welfare Board. Objective: • To mitigate suffering in the course of delivery and to supplement well upbringing of the infant. ﻿","Cash assistance of ₹1,000/- during the period of maternity Payable for up to two adult daughters of registered workers. ﻿",The applicant should be a permanent resident of Arunachal Pradesh. The applicant should be a woman. The woman worker must be employed in the Building and Other Construction works. The woman worker should be registered with Labour Welfare Board (APB&OCWWB). The applicant's membership must be active at the time of application. ﻿ Note: The woman worker is not to be entitled to the benefits in case of second marriage. ﻿,"Registration Process: Step 01: The applicant is to register herself as a labour/worker under the Arunachal Pradesh Building & Other Construction Workers Welfare Board (APB&OCWWB). Step 02: The applicant can obtain the application form from the Registered Office of the District/Sub-Division, APB&OCWWB which can also be downloaded from the official website of the Department of Labour and Employment. Step 03: The applicant must ensure that the filled information should be correct before submitting the application form to the concerned department. Step 04: After successful verification, the applicant will be registered as a worker/labour under Board and an Identity Card to be issued to her. ﻿ Application Process: Step 01: For taking benefit of this scheme, the applicant needs to visit the nearest registered office of the District/Sub-Division, APB&OCWWB along with all the relevant documents. Step 02: Application in the prescribed format may be received from the concerned office. Step 03: The applicant needs to fill the application form completely and attach all the relevant documents. Thereafter, the applicant may submit the application form to the concerned office. Step 04: After successful verification, the applicant can avail the benefit of the scheme.","Identity proof i.e. Aadhaar Card, Voter ID card, etc. Xerox copy of the registration card Medical Certificate Bank Account number/ front page of the passbook Complete application form Passport-size photographs Address proof",State,"Health & Wellness, Social welfare & Empowerment, Women and Child",,"Women, Maternity, Construction Worker, Cash Assistance",,,,
Maternity Benefit Scheme (P.B.O.C.W.W.B),mbspbocwwb,"The ""Maternity Benefit Scheme'' by the BOCW Welfare Board, Department of Labour, Punjab, is a welfare scheme for the registered workers of the board. Under this scheme, the Board shall provide financial assistance to construction workers to support childbirth-related expenses for upto two living children of the registered female construction workers and spouse of the male workers. ﻿","Female Construction Workers: ₹21,000/- per child, maximum of two children. Male Construction Workers: ₹5,000/- per child, maximum of two children (for children of their spouse). ﻿","For Registration as a Building/ Construction Worker: The applicant should be a resident of Punjab. The applicant should be a Building/ Construction Worker (Unorganised Worker). The applicant should be between 18 and 60 years. The applicant should have engaged in building and construction work for at least 90 days in a given year. The applicant should have a monthly income of ₹15,000/- or below. The applicant should not be a member of any other Welfare Fund established under any law. The applicant should not have membership of the Employees' Provident Fund (EPF)/ National Pension System (NPS)/ Employees' State Insurance Corporation (ESIC). The applicant should not be an income tax payer. For the Application of the Welfare Scheme: The beneficiary should have been a registered member of the Board for at least 6 months prior to the birth of the child. The beneficiary should have regularly depositing his contribution. The scheme applies upto two living children.","Registration Process as a Building/ Construction Worker: For new registration of workers please approach the nearby Sewa Kendra or Registering officers/ Labour Inspector. Application Process of the Welfare Scheme: To apply for benefits of the concerned welfare scheme, please approach to nearby Sewa Kendra or Registering Officers/ Labour Inspector of your area. Note: Registration with the Board: A construction worker becomes a member of the board by filling out Application Form No 28 along with depositing registration fees of ₹ 25/- only (once in life) and ₹ 10/- per month as contribution fees. A worker at a time can get himself registered for a minimum period of 1 year & maximum period of 5 years. The registered worker is called 'Beneficiary' of the Board. Important Links: Check Your Registration Application Status: Registered workers can check their registration application status through visiting this link upon entering their Registration Number. Download Registration Card: Registered workers can download their registration Registration Card through visiting this link upon entering their Registration Number. Check your Scheme Application Status: Registered workers can check their scheme application status through visiting this link upon entering their Registration Number. CSC Locator: Visit this link to search nearest Common Service Center (CSC) of your area. List of Sewa  Kendra: Visit this link to see the list of Sewa Kendra. Helpdesk: Punjab Building And Other Construction Workers Welfare Board Address: Labour Bhawan Model Welfare Centre Phase 10, Sector 64, Sahibzada Ajit Singh Nagar, Punjab, 160062 Phone : +91 172-2540125 Email : bocwhq@gmail.com For Bocw Portal Related Queries (Technical Support):- Phone : +91 172-2540125 Email : bocwhq@gmail.com Office Visiting Hours : Monday to Friday (09:00 AM to 05:00 PM)","For Registration as a Building/ Construction Worker: Age proof (If no age proof is available self declaration). Residence proof. Aadhaar card(if available). Bank Account details (Bank branch, account No. and IFSC/ RTGS number). Detail of dependents. Employer’s Certificate ( Form No. 28 ) (90 days of construction work during the last 12 months in the State of Punjab). Nomination Form ( Form No. 27 ). For the Application of the Welfare Scheme: Child Photo with Parents. Aadhaar Card of Child. Date of Birth Certificate by the Registrar. Death Certificate (In case one of the children has died).",State,Health & Wellness,,"Labour, Building Worker, Construction Worker, Women, Maternity Benefit, Pregnancy",15000.0,,,
Maternity Benefit for Women Beneficiaries,mbfwb,"The ""Maternity Benefit for Women Beneficiaries"" scheme launched by the Nagaland Building and Other Construction Workers' Welfare Board provides financial assistance of ₹6,000/- per pregnancy to women registered as beneficiaries and wives of registered beneficiaries. The assistance can be availed up to two times.","Financial assistance of ₹6,000/- per pregnancy (up to two times).",The applicant should be a registered women construction worker under the Nagaland Building and Other Construction Workers' Welfare Board or the wife of a registered male worker. The applicant should be Pregnant. Benefit is available for the first two live births.,"Step-1: The interested applicant should visit (during office hours) the Nagaland Building and Other Construction Workers' Welfare Board and request a hard copy of the prescribed format of the application form from the staff exclusively entrusted to issue and collect filled-in applications. Step-2: In the application form, fill in all the mandatory fields, and attach copies of all the mandatory documents (self-attest, if required). Step-3: Submit the duly filled and signed application form along with the documents to the Assistant Labour Commissioner. Step-4: Request a receipt or acknowledgement from the Assistant Labour Commissioner to whom the application has been submitted. Ensure that the receipt contains essential details such as the date and time of submission, and a unique identification number (if applicable).",Aadhaar Card of the Applicant and Registered Worker. Admission and Discharge Summary (issued by the Medical Officer of the Hospital where the baby was delivered). Combined Certificate (issued from the Chairperson of the Village Health Committee and VCC for home delivery cases) Birth Certificate of the Child. Bank Account Passbook. Any Other Documents if required.,State,"Women and Child, Health & Wellness",,"Financial Assistance, Women, Pregnancy, Construction Worker",,,,
Maternity Benefit/Delivery Assistance (K.B.O.C.W.W.B),mbdakbocwwb,"The ""Maternity Benefit/Delivery Assistance'' by the BOCW Welfare Board, Department of Labour, Karnataka, is a welfare scheme for the registered workers of the board. Under this Scheme, financial support shall be provided to registered woman construction workers in Karnataka upon the birth of a child. This assistance is available for the first two (2) deliveries only. ﻿","Financial Assistance: ₹50,000/- for each of the first two (2) deliveries.",For Registration as a Building/ Construction Worker: The applicant should be a Building/ Construction Worker (Unorganised Worker). The applicant should be a minimum of 18 years of age. The applicant should have engaged in building and construction work for at least 90 days in a given year. For the Application of the Welfare Scheme: The applicant should be a registered woman construction worker Under the Building and Other Construction Workers Welfare Board of Karnataka. The applicant should be pregnant. Assistance is only for the first two (2) deliveries.,"Registration Process as a Building/ Construction Worker: Step 1: Visit the official Website of Karnataka Building & Other Construction Workers Welfare Board (KBOCWWB) and click on “Register”. Step 2: Select “Register as New Construction Worker” then enter your mobile number as per the Aadhaar Registered and verify with the received OTP. Step 3: From the dashboard, click on “Registration”. Step 4: Fill in all the mandatory details and upload the required documents. Click on “Final Submit” to complete the registration process. Application Process of the Welfare Scheme: Step 1: Visit the official Website of Karnataka Building & Other Construction Workers Welfare Board (KBOCWWB) and click on “Login”. Step 2: Enter your registered mobile number and the received OTP. Step 3: From the dashboard, click on “Schemes” (After the user Registration is approved, the user can access the schemes page). Step 4: Select the concerned scheme. Fill in all the mandatory details and upload the required documents. Step 5: Review the details and check the declaration box. Now click on “Submit” to complete the application process. Renewal Process: Step 1: Visit the official Website of Karnataka Building & Other Construction Workers Welfare Board (KBOCWWB) and click on “Login”. Step 2: Enter your registered mobile number and the received OTP. Step 3: From the dashboard, click on “Renewal”. Fill in mandatory details and upload the required documents. Step 4: Review the details and click on “Submit” to complete the renewal process. Note: Renewal: Every construction worker must renew their registration with the Karnataka Building and Other Construction Workers Welfare Board every 3 years. If not renewed within this period, a 1-year grace period is granted. After that, the registration becomes invalid. Helpdesk: Karnataka Building And Other Construction Workers Welfare Board, Address: Karmika Bhavan, Dairy Circle, Bannerghatta Road, Bangalore-29. Office No: 080-29753078 E-mail: labour.commissioner42@gmail.com ﻿ List of District Office. ﻿ ﻿ List of Taluk Offices. ﻿",For Registration as a Building/ Construction Worker: Employment Certificate/90 Days Work Certificate ( Form V(A) / V(B) / V(C) / V(D) ). Aadhar Card (Self-Attested). Ration Card(non-mandatory). Age Proof (Voter ID Card/Aadhar Card). For the Application of the Welfare Scheme: Proof of Identity/Smart card issued by the Board (Attested). Affidavit for second child. Proof of Bank Account. Photo of Child. Employment Certificate. Discharge Summary. Birth Certificate of Child. For the Renewal Process: Employment Certificate/90 Days Work Certificate ( Form V(A) / V(B) / V(C) / V(D) ).,State,"Health & Wellness, Women and Child",,"Labour, Building Worker, Construction Worker, Medical Assistance, Maternity, Delivery, Women",,,,Karnataka
Maternity Benefits Scheme (BBOCWWB),mbsbbocwwb,"""Maternity Benefits Scheme"" by the Bihar Building & Other Construction Workers' Welfare Board, Labour Resources Department, Government of Bihar, provides an amount equivalent to 90 days of the minimum wages set by the State Government for unskilled workers at the time of childbirth. This benefit is applicable for the first two deliveries. The applicant should be a female construction worker who has completed one year of membership with the Board.",Financial assistance equivalent to 90 days of the minimum wages set by the State Government for unskilled workers.,The applicant should be female. The applicant should be registered with the Bihar Building & Other Construction Workers Welfare Board (BBOCWWB). The applicant should have completed at least one year of membership with the Board. The membership must be active at the time of application. The benefits will be provided for the first two childbirths.,"Registration Step 1: Visit the Official Website of the Bihar Building and Other Construction Workers Welfare Board, and click "" Apply for New Registration "". Step 4: On the next page, provide your details including your Aadhaar Number. Then click ""Authenticate"". Step 5: An online form will appear. In the form, fill in all the mandatory fields. The fields marked with an asterisk (*) are mandatory. Step 6: Click ""Submit"". Proceed to pay the application fee online. Step 7:  Upon successful payment, you will receive your construction worker registration number. Application Step 1:  Visit the Official Website of the Bihar Building and Other Construction Workers Welfare Board. Step 2: Click on "" Scheme Application "" and select "" Apply for Scheme "". Step 3:  Enter your registration number and click ""Show"" to view your details. Step 4:  Select the scheme you intend to apply for, enter all mandatory information and upload the necessary documents in the specified format and size. Step 6:  Click on ""Submit Application"" to complete the process. Application Tracking Applicants can track their application status online on the official website of the Board by providing their registration number.",Identity Card of the Registered Worker Bank Account Details Birth Certificate Proof of Membership Proof of Age at the Time of Registration Any Other Documents as Required ﻿,State,"Women and Child, Social welfare & Empowerment, Health & Wellness",,"Construction, Building, Woman, Labour, Maternity, Worker",,,,
Matrutva Prasuvidha Yojana,mpy,"""Matrutva Prasuvidha Yojana"" is a Medical Assistance scheme by the Department of Labour, Employment, Training & Skill Development Govt of Jharkhand. This is a 100% State Sponsored Scheme. Only the residents/domicile of the state of Jharkhand can apply to this scheme. Applications for this scheme are accepted online through the official website of the department. The scheme provides financial assistance of ₹ 15,000/- for the first two deliveries of the registered female worker.","The scheme provides financial assistance of ₹ 15,000/- for the first two deliveries of the registered female worker.","The applicant should be a domicile in the state of Jharkhand. The applicant should be a female. The applicant should be pregnant. The applicant should be a Worker registered with the 'Jharkhand Building and Other Construction Worker Welfare Board (JBOCWW Board)'. The applicant should be between 18-60 years of age. The applicant should be engaged in construction work such as masons, carpenters, electricians, porters, painters, etc. The scheme is applicable only for the first two deliveries.","Registration: Step 1: Visit the Official website of Comprehensive Labour Management System for Factory Establishment / Worker Registration / Inspection / Management & Grievance Redressal; Department of Labour, Employment, Training & Skill Development; Govt. of Jharkhand. Step 2: At the top right corner, click ""Login"". On the pop-up screen, click ""Register Here"". Step 3: On the next page, a Registration Form will appear. Provide the following mandatory details: First Name, Last Name, Email, and Mobile. Create a Username and a Password. Confirm the Password. Fill in the Captcha Code. Click ""Register"". Your Mobile Number and Email ID will be verified via One Time Password (OTP). Upon successful verification of the OTP, your registration will be successful. The Login Credentials will be sent to your registered Email ID and Mobile Number. ﻿ Application: Step 1: Visit the Official website of Comprehensive Labour Management System for Factory Establishment / Worker Registration / Inspection / Management & Grievance Redressal; Department of Labour, Employment, Training & Skill Development; Govt. of Jharkhand. Step 2: At the top right corner, click ""Login"". Fill in your Username and Password. Click ""Login"". Step 3: In the ribbon, click ""Services > BOC Scheme Benefit > Application Form. On the next page, the ""Scheme Benefit Form"" (Application Form) will open. a)   In the ""Basic Details"" section, fill in the mandatory fields (fields ending with a red asterisk mark): BOC Registration Number, Applicant's Name, Applicant's Father's Name / Husband's Name, Applicant's Date of Birth, Applicant's Aadhaar Number, District, Sex. b)   In the ""Select Scheme"" section, select the scheme from the list that you wish to apply for. c)   In the ""Upload Section"", upload the mandatory documents (those ending with a red asterisk mark) in the specified file size and file type. Step 4: Finally, click on ""Submit Request"" to submit your application. On the next page, your ""Application ID"" will be displayed, confirming the successful submission of the application. Please note down this Application ID for future reference. The Application ID will also be sent to your registered Email ID. ﻿ Check Application Status: Step 1: Once submitted, the application goes for 3-level approval: Clerk > Labour Superintendent > DLC. Step 2: Go to Services > BOC Scheme Benefit > Application Status. Step 3: On the next page, fill in your Application ID, and click ""Search"". The status of your application will be displayed in a tabular format: Application ID, Applicant Name, Scheme Applied, Application Status, Remarks, Date, and Time. Step 4: Once the DLC approves the application, the ""Application Status"" changes to ""Approved"". The Applicant can take print of this page by clicking “PRINT” and submit the same at the Labour Office to avail of the scheme benefit.",Aadhaar Card Residential Certificate / Domicile Certificate Proof of Identity eSHRAM Card Passport Sized Photograph Proof of Registration as a Construction Worker Details of the Bank Account Income Certificate Proof of the Pregnancy,State,Health & Wellness,,"Pregnancy, Women, Hospitalization",,,,
Medical Aid Scheme (Ayushman Bharat Scheme 'Niramaya') (MPBOCWWB),masabsn,"The ""Medical Aid Scheme (Ayushman Bharat Scheme 'Niramaya')"" under the Labour Department, Government of Madhya Pradesh, provides free medical treatment up to ₹5,00,000/- per year to the registered workers and their families in approved hospitals.","Free medical treatment up to ₹5,00,000/- per year.","For Registration The applicant should be a resident of Madhya Pradesh. The applicant should be a Building/ Construction Worker. The applicant should be between 18 and 60 years. The applicant should have engaged in any building or other construction work for at least 90 days during the preceding 12 months. The registration of the applicant should be renewed annually. For Application The applicant should be a female construction worker with a valid identity card, in case of maternity. The applicant should be a male construction worker with a valid identity card, in case of his wife's delivery.","Step 1: Go to the Shram Seva Portal (MPBOCWWB) official website. ﻿ Step 2: On the homepage, find and click on ""Registration of Construction Worker."" Step 3: Select the option "" Apply online for registration as a beneficiary."" Step 4: Enter your Composite Member ID and Samagra Family ID, then click Get Details. Step 5: Your family or beneficiary details will be displayed on the screen. Step 8: Complete the form by entering all required details (marked with *). Step 9: Upload all necessary documents, such as ID proof and other relevant certificates. Step 10: After completing the form and uploading the documents, click Submit and pay the application fee online. Step 11: You will receive a registration number after successful payment and submission.","Identity Proof (e.g., Aadhaar Card) Passport-size Photograph Proof of Residence (e.g., Utility bill, Voter ID, etc.) Ration Card (optional) Bank Account Details (e.g., Copy of Bank Passbook) Caste Certificate (if applicable) Undertaking/Declaration Age Certificate Valid Identity Cards Employment Certificate Signature Any other documents as required",State,Health & Wellness,,"Building, Construction, Medical, Labour, Financial Assistance, Insurance, Worker",,,,
Medical Assistance (A.B.O.C.W.W.B),ma-abocwwb,"The scheme “Medical Assistance” was started by the Assam Building and Other Construction Workers Welfare Board (A.B.O.C.W.W.B), Labour Welfare Department, Government of Assam. Under this scheme, medical assistance shall be provided to the Building & Other Construction Workers who are registered under A.B.O.C.W.W.B during hospitalization, partial disability, and for critical diseases such as Cancer, Heart attack (bypass surgery), Failure of kidney (kidney transplantation), Liver cirrhosis, etc. as per decision of the Board. Medical assistance shall be provided to the beneficiaries immediately after registration.","Medical Assistance: ₹1,000/- per day for the first 5 days hospitalized + ₹200/- each for the remaining days of hospitalized subject to maximum ₹20,000/-. Registered beneficiaries also avail of partial disability benefits of ₹25,000/-, ₹50,000/-, ₹75,000/- and ₹1.50 Lakhs on the percentage of disability upto 25%, upto 50%, upto 80% and more than 80% respectively. Financial assistance of ₹1.50 Lakh for critical diseases such as Cancer, Heart attack (bypass surgery), Failure of the kidney (kidney transplantation), Liver cirrhosis, etc. shall be given to registered beneficiaries as per the decision of the Board.","The applicant should be a permanent resident of Assam. The applicant should be engaged in any building & other construction work. The construction worker should be registered with the Assam Building and Other Construction Workers Welfare Board. The applicant should have an active membership with the Board. The worker who is hospitalized or has partial disability due to an accident or is suffering from critical diseases such as cancer, heart attack, failure of kidney, etc., can avail of the benefits under the scheme.","Registration Process under Assam Building and Other Construction Workers Welfare Board: Step 01: The eligible building & other construction workers can submit an online application through the official website: https://abocwwb.assam.gov.in/ ﻿ Step 02: On the home page, click on ‘ Registration Page for New Worker ’ and a registration page will open. Fill in all the mandatory details and upload all the required documents. Step 03: After filling out the form, a payment option shall then prompt to allow the applicant to make the payment using UPI-based modes/Cards/net banking or even Challan. Post-Registration Process: Step 01: The registering officer shall be notified of the applications successfully submitted and the Registering officer shall scrutinize the applications. Step 02: The Registering Officer shall arrange for a scrutiny committee meeting every 15 days and place all applications received. Step 03: The committee may recommend for approval, reject, or query the application. In case of queries, an SMS shall be sent to the applicant with a brief on the query. The applicant may re-upload the requisite documents as per the query raised by the Registering officer. Notification to the worker through SMS; ID generation: Applications if approved shall be notified through SMS and ID card shall be generated automatically for approved applications. The applicant shall be notified for each stage such as queries, rejection, and allied. ﻿ Application Process to apply under the scheme: Step 01: Only active registered construction workers may login in through ID No./registered phone number and apply through the portal. https://abocwwb.assam.gov.in/ ﻿ Step 02: On the home page of the portal, click on ‘ Login Now ’ and enter the Mobile Number or User ID. OTP received on the registered mobile number should be entered to complete the login. Step 03: The individual console of the applicant gets opened with various functions such as detail updating, Fees due, and benefits eligible. Step 04: Click on ‘Benefit’ and select the applicable scheme under the benefit and the portal redirects to an online application form specific to the scheme. Step 05: The applicant may fill up the application with all mandatory fields and upload the necessary documents. Step 06: The applicant submits the application form and a tracking/reference number is generated as a future reference for the applicant. Post-Application Process: Step 01: Successfully submitted applications pop up in the concerned Officers console. The officer may assign a subordinate to make verifications through the portal. Step 02: Subsequent to preliminary verification, the application is placed in the scrutiny committee for detailed checks. Step 03: Minutes of the Scrutiny Committee meeting get uploaded and Forwarded to the H.O. Step 04: Applications/ Pops up in the Officer’s Console of Head Office. Officer assigns to the Assistant concerned and allotted with the District concerned. Step 05: The assistant processes the application through PFMS. Account details get auto-verified in PFMS. Step 06: On successful PFMS verification, Print Advice is generated through PFMS. Step 07: Approving authority approves for disbursement of the benefit through PFMS. ( User Manual )",Documents required for Registration under A.B.O.C.W.W.B: Passport size photograph (Applicant and Nominee) Proof of Age/DOB Copy of Aadhaar Card Copy of Voter ID Card Bank passbook first page Experience Certificate/Employers Certificate (90 days working record to check eligibility) Completely filled Nomination Form ﻿ Completely filled Registration Form ﻿ Any other relevant documents Documents required for Grant of Scheme: ABOCWWB ID Card Attested Copy of ID Card Copy of Payslip of Account Pay book Showing Monthly Contribution Deposited Accident report from the Employer/Principal Employer/Local Police Authority Bank passbook first page All documents of treatment in the Government Hospital Photo of the part of the person affected due to the accident Percentage of Disability Certificate from the Appropriate Authority Any other relevant documents,State,"Health & Wellness, Social welfare & Empowerment",,"Medical, Construction Worker, Hospital, Partial Disability, Critical Diseases, Labour",,,,
Medical Assistance (ANBOCWWB),maanbocwwb,"The scheme “Medical Assistance” was started by the Andaman & Nicobar Islands Building and Other Construction Workers Welfare Board (ANBOCWWB), Department of Labour, Employment & Training, Andaman & Nicobar Administration. Under this scheme, medical assistance shall be provided to the Building & Other Construction Workers, who are registered under the A&N Islands Building and Other Construction Workers Welfare Board, and his/her dependents' family members during hospitalization because of an accident or illness.","Medical assistance will be provided to the beneficiaries @ ₹200/- per day for the first 5 days of hospitalization and ₹100 per day for the remaining days subject to a maximum of ₹5,000/-. The beneficiary shall be entitled to ₹1,00,000/- in the event of medical referred cases to the Mainland of the beneficiary or his/her dependents to the Mainland by the Govt. Medical Authorities for treatment. Subject to production of a referral letter from competent authority ₹1,000/- for Beneficiary or their ""Family"" in case of emergency treatment in a hospital operating in Andaman & Nicobar Islands (once in a year). Subject to the production of referral remarks by Govt. Hospital/PHC in outer Islands ₹600/- per day for the period of their stay in Port Blair subject to a maximum of ₹15,000/- (Medical referral cases from outer Islands of Andaman & Nicobar Islands to Port Blair).","The beneficiary should be a resident of the Union territory of Andaman & Nicobar Islands. The beneficiary should be engaged in a building or other construction work. The beneficiary should be registered under the A&N Islands Building and Other Construction Workers Welfare Board. The beneficiary should have an active membership of the Board. To avail medical assistance under the scheme, either the beneficiary or their dependent should be hospitalized due to an accident or illness. Note 01: The beneficiaries are required to produce a medical certificate Note 02: The beneficiaries are required to produce a referral letter from the competent authority.","Portal Registration Process: Step 01: Visit online Portal: https://serviceonline.gov.in/login.do ﻿ Step 02: On the home page, click on ‘ Register ’ and fill in all the mandatory details. Step 03: Click on the ‘Submit’ button and validate your Email ID & Mobile Number using OTP received. Step 04: After successful validation, the applicant will be registered. Registration Process of Construction Workers under A&N Islands Building & Other Construction Workers Welfare Board: Step 01: Applicant can login through their email ID that is used while registering Step 02: Enter Password & Captcha Step 03: Click on ‘ Login ’ Step 04: After successful login, click on ‘Apply for Services’ and then ‘View all Available Services’ Step 05: Now, search for the “Registration of Construction Workers in AN BOCWWB” and then click to proceed registration process. Step 06: Fill in all the mandatory details and upload all the relevant documents. Step 07: Preview the form and click on ‘Submit’. Step 08: After successful registration, the applicant will receive a registration ID. Application Process for Medical Financial Assistance: Step 01: Now, to avail the benefits of the scheme, the applicants can login through their email ID that is used while registering Step 02: Enter Password & Captcha Step 03: Click on ‘Login’ Step 04: After successful login, click on ‘Apply for Services’ and then ‘View all Available Services’ Step 05: Now, search for the ‘Medical Financial Assistance’ and click on the scheme to proceed to fill out the application form. Step 06: Fill in all the mandatory details and upload all the mandatory documents. Step 07: Preview the application form and click on ‘Submit’. Application Tracking: Step 01: To track the application status, the applicant can visit the online Portal and login through their ‘User ID’ & ‘Password’. Step 02: On the home page, click on “View Application Status’ and then click on ‘Track Application Status’. Step 03: Enter the Application Reference Number and click on ‘Get Data’ to know the status of your application.","Documents required for registration under A&N Islands Building & Other Construction Workers Welfare Board: Passport size photograph Proof of age Identity proof Details of EPF, if any Proof of address 90 Days Work Duration Certificate issued by the competent authority Bank account details Any other document as required Documents required for Welfare Scheme: Registration ID Card Medical certificate Referral letter from the competent authority, if any Treatment Bills (Originals) Latest Subscription Receipt Bank account details/Copy of passbook Any other document as required",State,"Health & Wellness, Social welfare & Empowerment",,"Medical Assistance, Building Worker, Construction Worker, Labour, Hospital",,,,
Medical Assistance (APB&OCWWB),maapbandocwwb,"The scheme “Medical Assistance” was started by the Department of Labour and Employment, Govt. of Arunachal Pradesh for registered workers of the Arunachal Pradesh Building & Other Construction Workers Welfare Board (APB&OCWWB). The state government has proposed and implemented this scheme through the APB&OCWWB for providing medical assistance to registered workers who are hospitalized for five or more than five days due to accident or disease.","₹ 2000/- only for the first five days. ₹100/- each for the remaining days subject to a maximum of ₹15,000/- if disability occurs due to accident. Additional benefits up to a maximum of ₹25,000/- depending upon the percentage of disability.",1.	The applicant should be a permanent resident of Arunachal Pradesh. 2.	The applicant must be employed in the Building and Other Construction works. 3.	The applicant should be registered with Labour Welfare Board (APB&OCWWB). 4.	The applicant’s membership must be active at the time of application. 5.	The applicant must have a disease or had an accident for which he/she should be hospitalised or put in plaster at his/her residence.,"Registration Process: Step 01: The applicant needs to be registered as the Labour/Worker under the Arunachal Pradesh Building & Other Construction Workers Welfare Board (APB&OCWWB). Step 02: The applicant can obtain the application form from the Registered Office, APB&OCWWB of the respective District, and can also be downloaded from the official website of the Department of Labour and Employment. Step 03: The applicant must ensure that the filled information should be correct before submitting the application form to the concerned office. Step 04: After successful verification, the applicant will be registered as a worker/labour under Board and an Identity Card to be issued to him/her. ﻿ Application Process: Step 01: For taking benefit of this scheme, the applicant needs to contact Registering Officers, APB&OCWWB of the respective District. Step 02: Application in the prescribed format may be received from the concerned office. Step 03: The applicant needs to fill the application form completely and attach all the relevant documents. Thereafter, the applicant may submit the application form to the concerned office. Step 04: After successful verification, the applicant can avail the benefit of the scheme.","Identity proof i.e. Aadhaar Card, Voter ID card, etc. Original copy of registration card /membership card of the board Application form Bank Account number/ front page of the passbook Passport-size photographs Address proof",State,Health & Wellness,,"Construction Worker, Accident, Disease, Financial Assistance, Medical Assistance",,,,
Medical Assistance (GBOCWWB),ma-gbocwwb,"""Medical Assistance (GBOCWWB)"" is a Welfare Scheme by the Goa Building and Other Construction Workers Welfare Board of the Department of Labour and Employment, Government of Goa. Through this scheme, the worker who is hospitalized for 5 or more days due to an accident or any disease is provided with ₹400/- for the first 5 days and ₹40/- for the remaining days, subject to a maximum ₹2,000/-.","Financial Assistance of ₹400/- for the first 5 days. Financial Assistance of ₹40/- for remaining days, subject to a maximum of ₹2,000/-.",The applicant should be a Worker. The worker should be between 18 to 60 years of age. The worker should have completed ninety days of service as a registered worker in the year. The applicant should be registered with the Goa Building and Other Construction Workers Welfare Board. The applicant should have been hospitalized for five or more days. The cause of the hospitalization should be an accident or disease. The unregistered workers/ their dependents shall be eligible upon the production of a certificate from the builder or Inspector of the area stating that he/she is a building worker.,"Step 1: The interested applicant should take print of the prescribed format of the application form for the scheme from the Official Website of the Department of Labour and Employment, Goa. OR The interested applicant should visit the Office of the Commissioner, Labour & Employment, 2nd Floor, Sharma Shakti Bhavan, Patto Plaza, Panaji-Goa (0832-2437081/82/83, com-labo.goa@nic.in) and request a hard copy of the prescribed format of the application form from the concerned authority. Step 2: In the application form, fill in all the mandatory fields, paste the passport-sized photograph (signed across, if required), and attach copies of all the mandatory documents (self-attest, if required). Step 3: The interested applicant should submit the duly filled and signed application form and the documents to the concerned authority at the Office of the Commissioner, Labour & Employment. Step 4: A receipt of the application will be assigned to the applicant by the concerned authority.","Worker Registration Card/Number. Receipt of Payment of First & Last Subscription with the Board. Proof of Hospitalization (Medical Certificate/ Hospital Bills). Disability Certificate, in the case of disability caused by the Accident/Disease/Surgery. Certificate from the Builder or Inspector of the Area, in the case of unregistered workers/ their dependents.",State,"Social welfare & Empowerment, Health & Wellness",,"Patient, Accident, Disease, Surgery, Medical, Labour",,,,
Medical Assistance (Karmika Arogya Bhagya) (K.B.O.C.W.W.B),makabbocwwb,"The ""Medical Assistance (Karmika Arogya Bhagya)'' by the BOCW Welfare Board, Department of Labour, Karnataka, is a welfare scheme for the registered workers of the board. Under this Scheme, registered construction workers and their dependents are eligible for monetary support during hospitalisation for treatment in government, private, or hospitals recognised under any insurance scheme of the State Government. The assistance shall be towards hospitalisation for a minimum of 48 hours continuously.","Financial Coverage: ₹300/- per day to the maximum of  ₹20,000/- for a continuous period of Hospitalization subject to actuals. Note:  The assistance shall be towards hospitalisation for a minimum of 48 hours continuously.","For Registration as a Building/ Construction Worker: The applicant should be a Building/ Construction Worker (Unorganised Worker). The applicant should be a minimum of 18 years of age. The applicant should have engaged in building and construction work for at least 90 days in a given year. For the Application of the Welfare Scheme: The applicant should be a registered construction worker Under the Building and Other Construction Workers Welfare Board of Karnataka or his/her dependents. The beneficiary must be hospitalized for at least 48 continuous hours. Treatment must be conducted in a government, private, or State Government recognised insurance scheme hospital.","Registration Process as a Building/ Construction Worker: Step 1: Visit the official Website of Karnataka Building & Other Construction Workers Welfare Board (KBOCWWB) and click on “Register”. Step 2: Select “Register as New Construction Worker” then enter your mobile number as per the Aadhaar Registered and verify with the received OTP. Step 3: From the dashboard, click on “Registration”. Step 4: Fill in all the mandatory details and upload the required documents. Click on “Final Submit” to complete the registration process. Application Process of the Welfare Scheme: Step 1: Visit the official Website of Karnataka Building & Other Construction Workers Welfare Board (KBOCWWB) and click on “Login”. Step 2: Enter your registered mobile number and the received OTP. Step 3: From the dashboard, click on “Schemes” (After the user Registration is approved, the user can access the schemes page). Step 4: Select the concerned scheme. Fill in all the mandatory details and upload the required documents. Step 5: Review the details and check the declaration box. Now click on “Submit” to complete the application process. Renewal Process: Step 1: Visit the official Website of Karnataka Building & Other Construction Workers Welfare Board (KBOCWWB) and click on “Login”. Step 2: Enter your registered mobile number and the received OTP. Step 3: From the dashboard, click on “Renewal”. Fill in mandatory details and upload the required documents. Step 4: Review the details and click on “Submit” to complete the renewal process. Note: Renewal: Every construction worker must renew their registration with the Karnataka Building and Other Construction Workers Welfare Board every 3 years. If not renewed within this period, a 1-year grace period is granted. After that, the registration becomes invalid. Timeline: Application can be submitted within 6 months of hospitalisation commencement date. Helpdesk: Karnataka Building And Other Construction Workers Welfare Board, Address: Karmika Bhavan, Dairy Circle, Bannerghatta Road, Bangalore-29. Office No: 080-29753078 E-mail: labour.commissioner42@gmail.com ﻿ List of District Office. ﻿ ﻿ List of Taluk Offices. ﻿",For Registration as a Building/ Construction Worker: Employment Certificate/90 Days Work Certificate ( Form V(A) / V(B) / V(C) / V(D) ). Aadhar Card (Self-Attested). Ration Card(non-mandatory). Age Proof (Voter ID Card/Aadhar Card). For the Application of the Welfare Scheme: Discharge Summary. Form 22A. Treatment Bill. Self Declaration Form. Employment Certificate/90 Days Work Certificate ( Form V(A) / V(B) / V(C) / V(D) ). For the Renewal Process: Employment Certificate/90 Days Work Certificate ( Form V(A) / V(B) / V(C) / V(D) ).,State,Health & Wellness,,"Labour, Building Worker, Construction Worker, Medical Assistance, Hospitalisation",,,,Karnataka
Medical Assistance (MBOCWWB),mambocwwb,"The scheme “Medical Assistance” is a social security scheme, implemented by the Meghalaya Building and Other Construction Workers Welfare Board (MBOCWWB), Labour Department, Government of Meghalaya. Under the scheme, the Board shall provide financial assistance to registered construction workers who are hospitalized for five or more days due to an accident or any disease.","The financial assistance shall be ₹200/- for first 5 days and ₹20/- each for the remaining days subject to a minimum ₹1,000/-. This assistance shall also be given to the beneficiary who meets with an accident and is put in plaster at the residence. If disability resulted due to an accident, the worker shall be eligible for financial assistance upto a maximum ₹5,000/- depending upon the percentage of disability.",The beneficiary should be a resident of Meghalaya. The beneficiary should be engaged in a building or other construction work. The beneficiary should be registered under the Meghalaya Building & Other Construction Workers Welfare Board. The beneficiary should have an active membership of the Board. The registered construction workers who are hospitalized for five or more days due to an accident or any disease are eligible to apply under the scheme.,"Online Worker Registration Process (Portal): Step 01: The applicants may visit the online Portal: https://megbocwwb.gov.in/bocw_services/login.htm ﻿ Step 02: The applicant can register by creating a new account, on the home page click on the ‘Worker’ button and enter all the mandatory information. Step 03: After filling in all the details, click on ‘Register’. Step 04: After successful registration, the applicant will see the message “Registered Successfully”. Application Process for New Registration under the MBOCWWB: Step 01: Visit the online Portal: https://megbocwwb.gov.in/bocw_services/login.htm ﻿ Step 02: Enter your User ID (Registered Mobile Number), Password, and Enter Security Code. Click on Login. Step 03: After successful login, click on ‘Apply for New Registration’ from the menu. Step 04: Fill in all the required details in the Registration Form i.e. Personal Details, Service/Work Details, Bank Details, and Demographic Details, etc. Step 05: Click on Submit. Step 06 : After successful registration, you will be directed to another page to manage all the Family & Nominee Details. Click on ‘Add New’ to add Family members and Nominee Details. Step 07: After adding all the Family & Nominee Details, click on Proceed. Step 08: Now upload all the required enclosures i.e. Photograph, ID Proof, Employer Certificate/Self Certification, Bank Passbook of the Worker. Step 09: Click on the 'Complete' Button to complete the registration process. Step 10: Once your application has been processed and verified by Block/District LDA, Block/District Labour Inspector, and approved District Labour Commissioner (DLC), a Registration Certificate will be generated. Application Process for Medical Benefit: Step 01 : Visit the online Portal: https://megbocwwb.gov.in/bocw_services/login.htm Step 02: Enter your User ID (Registered Mobile Number), Password, and Enter Security Code. Click on Login. Step 03: After successful login, click on the “Medical Benefit” scheme from the Dashboard. Step 04: Fill in all the required information and necessary enclosures. Step 05: Click Submit to apply for benefits. Application Process to Track/Update: Step 01: Visit the online Portal: https://megbocwwb.gov.in/bocw_services/login.htm ﻿ Step 02: Enter your User ID (Registered Mobile Number), Password and Enter Security Code. Click on Login. Step 03: From the menu, click on ‘Track Application Status’. Step 04: Click on ‘View Details’ to view your application. Step 05: Click on ‘Application History’ to view the application history. Step 06: Click on ‘Update’ to update your application. Note: Once your application is under process or processed, you cannot update it. (Worker’s User Manual )","Enclosures required for New Registration under MBOCWWB: Photograph of the worker ID Proof of worker (Electoral Card, Ration Card, Driver's License, Aadhaar Card, Passport are acceptable) Employer Certificate/Self Certification (Issued Either by the Labour Inspector or the Employer or SDO/AEE of Works Department) Bank Passbook of the worker eShram ID card, if any Age proof of concerned building worker/applicant i.e. School certificate, Certificate from the Registrar of Birth and Deaths, Certificate from the Medical Officer not below the rank of an Assistant Surgeon in Government Service, Electoral Photo Identity Card Nomination Form duly signed by the applicant Self-declaration towards non-enrolment as a member of any other welfare fund/ board SC/ST Certificate (if applicable) Any other documents as required Enclosures required for application of Medical Assistance: MBOCWWB ID Card Medical Certificate of disability issued by the Chief Medical Officer Employer Certificate Medical Challans/Receipts/Bills from the Hospital concern during the Stay Discharge Slip Challan/Receipt of the last Monthly Subscription paid Any other documents as required",State,"Health & Wellness, Social welfare & Empowerment",,"Medical, Building Worker, Construction Worker, Financial Assistance, Labour, Accident, Disease",,,,
Medical Assistance (NBOCWWB),manbocwwb,"The ""Medical Assistance"" scheme launched by the Nagaland Building and Other Construction Workers' Welfare Board provides financial assistance to registered beneficiaries and their family members for hospitalization. ₹1,000/- per day is provided for the first five days of hospitalization, followed by ₹500/- per day for up to 10 more days.","₹1,000/- per day for the first five days of hospitalization. ₹500/- per day for the next 10 days (up to 15 days total).",The construction worker should be registered under the Nagaland Building and Other Construction Workers' Welfare Board. The spouse and children of the construction worker are also eligible for financial assistance. The applicant should be hospitalized for at least five continuous days for assistance.,"Step-1: The interested applicant should visit (during office hours) the Nagaland Building and Other Construction Workers' Welfare Board and request a hard copy of the prescribed format of the application form from the staff exclusively entrusted to issue and collect filled-in applications. Step-2: In the application form, fill in all the mandatory fields, and attach copies of all the mandatory documents (self-attest, if required). Step-3: Submit the duly filled and signed application form along with the documents to the Assistant Labour Commissioner. Step-4: Request a receipt or acknowledgement from the Assistant Labour Commissioner to whom the application has been submitted. Ensure that the receipt contains essential details such as the date and time of submission, and a unique identification number (if applicable).",Registration Card under the NBOCWWB. Aadhaar Card of the applicant. Admission and Discharge Summary (issued by the Medical Officer of the Hospital). Bank Account Pass Book. Any Other Documents if required.,State,Health & Wellness,,"Financial Assistance, Medical Treatment, Construction Worker",,,,
Medical Assistance Scheme (PBAOCWWB),mas-pbaocwwb,"The ""Medical Assistance"" is a Welfare Scheme by the Puducherry Building and Other Construction Workers Welfare Board, Labour Department, Union Territory of Puducherry. Through this scheme, the Board may sanction financial assistance to the Construction Workers who are hospitalized for five or more days due to an accident or any disease. The financial assistance shall be ₹500/- for the first 5 days and ₹50/- each for the remaining days, subject to a maximum of ₹1,500/-.","Financial Assistance of ₹500/- for initial minimum period of 5 days and thereafter ₹50/- per day upto maximum of ₹1500/- per month, credited within 15 days through Direct Benefit Transfer (DBT).",The applicant should be a citizen of India. The applicant should be registered as a Construction Worker with the Puducherry Building and Other Construction Workers Welfare Board. The applicant should have completed the age of 18 years. The applicant should not have completed the age of 60 years during the preceding 12 months in the construction work. The beneficiary should be contributing to the Board's Fund. The applicant should not have defaulted in payment of contribution to the Board for a continuous period of more than one year. The applicant should have been hospitalized for five or more days due to an accident or any disease.,"Registration Step 1: The interested construction worker should visit the Office of the Puducherry Building and Other Construction Workers Welfare Board (Industrial Estate, Thattanchavady, Puducherry - 605 009) and obtain the prescribed format of the registration form free of cost from the concerned authority exclusively entrusted to issue and collect filled-in applications. Step 2: In the registration form, fill in all the mandatory fields, paste the passport-sized photograph (signed across, if required), and attach copies of all the mandatory documents (self-attest, if required), add a declaration stating that you are a construction worker, mentioning your worksite. Step 3: The interested construction worker should submit the duly filled and signed registration form and the documents to the concerned authority. Step 4: Request a receipt or acknowledgement from the concerned authority to whom the registration form has been submitted. Ensure that the receipt contains essential details such as the date and time of submission, and a unique identification number (if applicable). Step 5: Upon verification by the inspectors under the Act towards genuineness, the concerned worker will be enrolled as a beneficiary with the approval of the Secretary (Board). *The beneficiary should pay the registration of ₹25/- at the time of enrollment and ₹100/- per year as an annual subscription. *The Board collects ₹300/- as a renewal fee once in three years. ﻿ Application Step 1: The interested construction worker should visit the Office of the Puducherry Building and Other Construction Workers Welfare Board (Industrial Estate, Thattanchavady, Puducherry - 605 009) and obtain the prescribed format of the application form free of cost from the concerned authority exclusively entrusted to issue and collect filled-in applications. OR The interested construction worker should take print of the prescribed format of the application form provided in the section ""Application for Welfare Benefits"" on Page No. 77 of the Citizen's Charter. Step 2: In the application form, fill in all the mandatory fields, paste the passport-sized photograph (signed across, if required), and attach copies of all the mandatory documents (self-attest, if required). Step 3: The interested construction worker should submit the duly filled and signed application form and the documents to the concerned authority. Step 4: Request a receipt or acknowledgement from the concerned authority to whom the application form has been submitted. Ensure that the receipt contains essential details such as the date and time of submission, and a unique identification number (if applicable). NOTE: The application should be submitted within one year from the date of discharge.","For Registration 1. Duly Filled and Signed Application Form. 2. Birth Certificate/Transfer Certificate/Doctor Certificate for Age Verification. 3. Experience Certificate to Be Obtained From a Registered Engineer/contractor/association/trade Union, Serving as Evidence of Being a Construction Worker. 4. Details Related to Construction Work/worksite. 5. Proof of Blood Group (Medical Health Card or Laboratory Certificate). 6. Two Passport-size Photographs. 7. Ration Card. 8. Aadhaar Card. 9. Bank Details. 10. Family Particulars/status and Nomination Details of the Beneficiaries. 11. Certificate From the Revenue Department or Social Welfare Department or Anganwadi Officials of the Respective Area. ﻿ For Application Last Subscription Bill. Board ID card Aadhaar Card Bank Passbook. Medical Certificate issued by the competent authority (RMO). Prescription Slip or Treatment Card. Discharge Slip.",State,"Social welfare & Empowerment, Health & Wellness",,"Medical, Hospital, Financial Assistance, Accident, Disease, Construction, Worker",,,,
Medical Assistance and Wage Loss for the Construction Workers,mawlftcw,"The ""Medical Assistance and Wage Loss for the Construction Workers"" by the Building and Other Construction Workers Welfare Board, Labour Department, U.T. Administration of Dadra and Nagar Haveli and Daman and Diu, is a welfare scheme for the registered workers of the board. Under this scheme, the Board will reimburse the actual medical expenses incurred by the beneficiary for injuries sustained during employment upon presentation of original bills and will pay half-monthly wages during the period of disablement. ﻿",Reimbursement of Medical Expenses: The Board will reimburse the actual medical expenditure incurred by the beneficiary for treatment of injuries caused during the course of employment upon the production of original bills. Reimbursement will be provided Wage Compensation: The Board will pay the beneficiary half-monthly wages for the period of disablement. ﻿,For Registration as a Building/ Construction Worker: The applicant should be a resident of U.T. Administration of Dadra and Nagar Haveli and Daman and Diu. The applicant should be a Building/ Construction Worker. The applicant should be between 18 and 60 years. The applicant should have engaged in any building or other construction work for at least 90 days in a given year. For the Application of the Welfare Scheme: Registered member Under the Building and Other Construction Workers Welfare Board of U.T. Administration of Dadra and Nagar Haveli and Daman and Diu. The applicant should have undergone any treatment of injuries caused during the course of employment or have served a period of disablement for any reason.,"Registration Process as a Building/ Construction Worker: Step 1: Application for registration is to be made in the prescribed form and is to be accompanied by prescribed documents and a fee of not more than ₹50/-. Step 2: Application for registration has to be made to the officer authorized by the Board on this behalf. Application Process of the Welfare Scheme: Step 1: Any registered worker can make an application in the prescribed Form-VI (Refer Page No: 11)  along with the mandatory documents  (self attested, if required). Step 2: Application shall be submitted to the Member Secretary (BOCWWB) for this benefit. Check Beneficiary Details: Visit the official website and enter the “BOCW Registration No.” of the concerned beneficiary in the Search box. Helpdesk: BOCW Department: EMAIL ID: labour-dnh@nic.in PHONE NUMBER : 0260 - 2642374 ADDRESS: Old Circuit House Building, Opposite Bal Bhawan, Silvassa, Dadra and Nagar Haveli Pin:- 396230",For Registration as a Building/ Construction Worker: Photographs of the concerned worker. Attested copy of Proof of Age. Attested copy of Address Proof. Details of the establishment where the applicant is working. Proof regarding Submission of Registration fees. Any other document as required. For the Application of the Welfare Scheme: Medical Expenses (copy of bills). Copies of Medical Certificate. Certificate of Cause For Disability.,State,"Health & Wellness, Social welfare & Empowerment",,"Labour, Medical Assistance, Wage Loss, Building Worker, Construction Worker",,,,
Medical Assistance for the Construction Worker,maftcwsbw,"The ""Medical Assistance for the Construction Workers"" by the Sikkim Building and Other Construction Workers Welfare Board, Labour Department, is a welfare scheme for the registered workers of the board. Under this scheme, medical expenses shall be provided for the treatment of the beneficiary and /or his dependents suffering from T.B. Cancer, Heart Disease, Kidney Disease, Eye Disease, Leprosy and Nerve Disease. However where an operation is involved for the treatment of the diseases like heart Disease, Kidney Disease etc. ﻿","₹10,000/- is provided for Medical assistance.","For Registration as a Building/ Construction Worker: The applicant should be a resident of Sikkim. The applicant should be a Building/ Construction Worker. The applicant should be between 18 and 60 years. The applicant should have served the Board for at least 90 days in a given year. For the Application of the Welfare Scheme: Should be a registered member Under the Sikkim Building and Other Construction Workers Welfare Board. The applicant should suffer from T.B., Cancer, Heart Disease, Kidney Disease, Eye Disease, Leprosy and Nerve Disease, heart Disease, Kidney Disease etc.","Registration Process as a Building/ Construction Worker: Step 1: The complete application form along with the required documents is required to be submitted to the Registering Officer of the area. Step 2: The Registering Officer, after satisfying himself/herself with all the details, may register the worker as a beneficiary under the act and issue an Identity Card in Form XXVIII. Application Process of the Welfare Scheme: Step 1: Upon receiving the Identity Card as a Building/ Construction Worker, the applicant needs to download the application form for the concerned welfare scheme and submit the form along with the mandatory documents to the Secretary or any other Officer authorized by him in the District Labour Office (self attested, if required). Step 2: Later on, verifying the eligibility of the concerned welfare scheme, the applicant may get the benefits. Application form for the Registration as a Beneficiary:  Form XXVII (Refer Page No: 153). Application form for the Medical Assistance: Form XL (Refer Page No: 167). Helpdesk: For further enquiry, workers can contact the following numbers:- 70769-26998 (BOCW Nodal Officer) 90643-89842 (East) 90028-33969 (Pakyong) 96098-63959 (South) 95477-16798 (West) 96359-98441 (North) Toll Free Helpline for labourers: 18003451474",For Registration as a Building/ Construction Worker: Photographs of the concerned worker. Attested copy of Proof of Age. Attested copy of Address Proof. Details of the establishment where the applicant is working. Proof regarding Submission of Registration fees. For the Application of the Welfare Scheme: Letter from concerned organization/establishment. Identity Card. Medical Certificate.,State,"Social welfare & Empowerment, Health & Wellness",,"Labour, Medical Support, Construction Workers, Financial Assistance",,,,
Medical Assistance for the Construction Workers,maftcw,"The ""Medical Assistance for the Construction Workers"" by the Delhi Building and Other Construction Workers Welfare Board, Labour Department, Delhi, is a welfare scheme for the registered workers of the board. Through this scheme, the eligible workers of the board are provided with medical assistance upto ₹ 10,000/- in case of being hospitalized for 05 or more days due to an accident or any disease. ﻿","₹2,000/- for the first five days. ₹200/- each for remaining days, upto a maximum of ₹10,000/-, available from the date of registration. ﻿","For Registration The applicant should be a resident of Delhi. The applicant should be a Building/Construction Worker. The applicant should be between 18 and 60 years. The applicant should have served the Board for at least 90 days in a given year. For Application The applicant should be registered with the ""Delhi Building and Other Construction Workers Welfare Board"". The applicant should have been hospitalized for 05 or more days. The cause of hospitalization should be an accident or any disease.","Registration Step 1: Visit the DBoCWWB website and click “Register Now”. Step 2: Enter the following mandatory details: Adhaar Card Number, Name as on Aadhar Card, Mobile Number, Date of Birth (as on Aadhar Card), Gender, etc. Create a password and confirm it. Click “Register”. You will be redirected to the registration page. Step 3: On the registration page, fill in the mandatory details (Father Name, Mother Name, Photograph, Applicant’s Video, etc) and upload the mandatory documents in the specified filetype and filesize. Click “Save & Next”. Step 4: On the next page, enter the mandatory details regarding your work/workplace (Previous/Current Employer Details, Proof of 90 Days Employment, etc) and upload the mandatory documents in the specified filetype and filesize. Click “Save & Next”. Step 5: C lick on “Add Family Members” to avail the benefits of various schemes. Step 6: In the next window, add your Bank Account details. Step 7: In the next window, upload your Aadhaar Card, Address Proof, Birth Proof, Employment Proof, Bank Account details etc. Step 8: In the next window, the ""Affidavit of the Applicant"" will be displayed. Verify all the details, and click on the checkbox. Step 9: Proceed for the online registration fee of ₹25/- through a Debit Card/ Internet Banking/ UPI. Step 10: Enter the OTP received on your registered mobile number to apply. Note down the Application Number for future reference. Download the acknowledgement receipt. Track Your Application Visit the homepage of the website regularly and click on ""Track Your Application"" to check the status of your application. ﻿ Application Step 1: Visit the DBoCWWB website and click “Apply for Scheme”. Step 2: Log in through Aadhaar Number/ Registration Card/ OTP. Step 3: Apply for the “Medical Assistance” scheme. ﻿ Helpline Number (24x1) : 011-41236600 DBOCWWB Department Number (office hours: 9:30AM - 6:00PM) : 011-23813846",Discharge Certificate of the Hospital. Bill for Purchase of Medicine.,State,"Health & Wellness, Social welfare & Empowerment",,"Labour, Medical Support, Construction Workers, Hospitalization, Financial Assistance, Accidental Support",,,,
Medical Assistance for the Treatment of Critical Illness,matci,"The ""Medical Assistance for the Treatment of Critical Illness"" scheme was launched by the Maharashtra Building And Other Construction Workers Welfare Board (MBOCWW), Labour Department Maharashtra. Under this scheme, medical assistance of ₹1,00,000/- for the treatment of serious ailments for registered worker and his/her family members. (the benefit can be availed only after 26th July 2014 as the benefit is covered under the Mediclaim & Personal Accident Insurance scheme). ﻿","Financial assistance of ₹1,00,000/- is provided for medical treatment.",The worker must be engaged in building or construction work. The worker should be registered under the Maharashtra Building and Other Construction Workers Welfare Board (MBOCWW). The worker or family member must be undergoing treatment for a serious illness or critical medical condition.,"Step-1: The interested applicant downloads the application form from the MBOCWW official website. Step-2: In the application form, fill in all the mandatory fields, and attach copies of all the mandatory documents (self-attest, if required). Step-3: Submit the duly filled and signed application form along with the documents to the Labor Commissioner / Government Labor Officer. Step-4: Request a receipt or acknowledgment from the concerned authority to whom the application has been submitted. Ensure that the receipt contains essential details such as the date and time of submission, and a unique identification number (if applicable). ﻿",Passport-size Photo. Aadhaar Card. Identity Card of Maharashtra Building and Other Construction Workers Welfare Board. Bank Passbook. Medical Certificate (issued by competent medical authorities about serious illness). Medical Treatment Papers. Proof of Residence (One of Aadhaar Card/Passport/Driving Licence/Ration Sheet/Last Month's Electricity Bill/Gram Panchayat Certificate). ﻿,State,Health & Wellness,,"Financial Assistance, Illness, Construction Worker, Medical Treatment",,,,Maharashtra
Medical Assistance to Beneficiaries (HPBOCWWB),matbhpbocwwb,"The ""Medical Assistance to Beneficiaries"" scheme, launched by the Himachal Pradesh Building and Other Construction Workers Welfare Board (HPBOCWWB) under the Government of Himachal Pradesh, offers registered beneficiaries and their dependents annual financial support for medical expenses, including ₹50,000 for outdoor treatment, ₹1,00,000 for indoor medical reimbursement, and ₹5,00,000 for critical illnesses, provided they submit valid medical bills from government hospitals or government-approved facilities.","₹50,000 is provided annually for outdoor medical treatment. ₹1,00,000 is available each year for indoor medical expenses. ₹5,00,000 is granted yearly for critical illness treatment for the registered beneficiary and dependents, with valid medical bills.",For Registration The applicant should be a resident of Himachal Pradesh The applicant should be a Building/ Construction Worker. The applicant should be aged between 18 and 60 years. The worker should have completed at least 90 days of building and other construction work in the last 12 months. The registration of the applicant should be renewed annually. ﻿ For Application The applicant must be engaged in building or construction work. The applicant must be registered under the Himachal Pradesh Building and Other Construction Workers Welfare Board (HPBOCWWB). The worker’s membership with the Welfare Board must be active at the time of application.,"﻿ ﻿ Step 1:  The interested applicant should visit the Labor Welfare Office (during office hours) and request a hard copy of the prescribed application form from the concerned authority. Step 2:  In the application form, fill in all the mandatory fields, paste a passport-sized photograph (signed across, if required), and attach copies of all the mandatory documents (self-attested, if required). Step 3:  Submit the duly filled and signed application form along with a wage slip or appointment letter from the employer, verifying 90 days of construction work. If unavailable, a certificate from a local authority (such as a councillor, executive officer, or Panchayat Secretary) can be submitted to verify employment. Step 4: After submitting the documents and payment, the worker will receive an acknowledgement receipt confirming their registration. ﻿ ﻿ Application Form For the Scheme Labour Registration Application Form ﻿ ﻿ NOTE 1: Ensure that the application is submitted within the prescribed period, if any. NOTE 2: After three years, the worker must visit the office to pay a renewal fee and submit proof of 90 days of work each year to maintain eligibility for benefits. NOTE 3: A one-time registration fee must be paid at the office, and it will be valid for three years.","Identity proof i.e. Aadhaar Card, Voter Card Passport-size photograph Undertaking A copy Work Slip Proof of residence Ration Card Bank account details/copy of bank passbook Caste Certificate Age proof Labour Card Medical Document Medical Bills Identity proof of the nominee/legal heir Any other documents as required ﻿",State,"Social welfare & Empowerment, Health & Wellness",,"Building, Construction, Labour, Financial Assistance, Medical, Worker",,,,
Medical Expenses for Treatment of Major Ailments (O.B.O.C.W.W.B),metfmaiso,"The “Medical Expenses for Treatment of Major Ailments” scheme by the Building and Other Construction Workers Welfare Board, Labour Department, Odisha, is a welfare scheme for the registered workers of the board. Under this scheme, the Board shall provide financial assistance as medical expenses for the treatment of beneficiary or his/ her dependents suffering from disease of Nervous system (Brain & spine related), Cardiovascular System, Kidney and Cancer. The beneficiary should be registered at least for one year in lines of the Odisha State Treatment Fund. ﻿","Quantum of Assistance: ₹3,00,000/-.",For Registration as a Building/ Construction Worker: The applicant should be a resident of Odisha. The applicant should be a Building/ Construction Worker. The applicant should be between 18 and 60 years. The applicant should have engaged in building and construction work for at least 90 days in a given year. The applicant should not be a member of any other Welfare Fund established under any law. For the Application of the Welfare Scheme: The applicant should be a registered member of the Odisha Building and Other Construction Workers Welfare Board or the applicant should be a dependent of the member. The beneficiary should be registered at least for one year in line of the Odisha State Treatment Fund. The applicant should suffer from any major diseases.,"Registration Process as a Building/ Construction Worker: Step 1: Visit the official website of the Odisha BOCWW Board. Step 2: Click on “One Time Registration” on the top right side of the page. Step 3: Click on the Declaration box and then on the “Proceed” button. Step 4: In the next window fill in all the required details carefully and click on “Proceed”. Step 5: Enter the received OTP and click on “Submit”. Step 6: Your account will be successfully created and a Username will be displayed (Keep the Username for future references). Application Process of the Welfare Scheme: Step 1: Visit the Applicant Login page of the Odisha BOCWW Board. Step 2: Enter your Username, OTP and fill in the captcha then click on “Sign In”. Step 3: In the next window, fill in your General Details, Address Details, Family & Nominee Details, Details of the establishment(s) where the applicant worked during the last one year, Bank Details etc. and then click on “Submit”. Step 4: Now in the Menu bar section, click on “Benefit”. From the list select the concerned benefit you want to apply. Step 5: Fill in all the mandatory details carefully and click on “Submit” to complete the application process. Check Your Application Status: Registered workers can check their application status through visiting this link upon entering their Application Tracking Number. Pay Annual Contribution: Registered workers can pay the Annual Contribution through visiting this link upon entering their Registration Number.","For Registration as a Building/ Construction Worker: Aadhaar Linked Bank Passbook Front Page Copy (Allowed file types: PNG, JPG, PDF. Allowed size: less than 500 KB). Passport Size Photo (Allowed type: PNG, JPG. Allowed size: less than 500 KB). Aadhaar Card (Allowed file types: PNG, JPG, PDF. Allowed size: less than 500 KB). Signature of Applicant (Allowed type: PNG, JPG. Allowed size: less than 500 KB). Employment certificate (Allowed file types: PNG, JPG, PDF. Allowed size: less than 500 KB). For the Application of the Welfare Scheme: Xerox copy of Registration Certificate of the beneficiary duly attested by DLO/ ALO/ RLI of the concerned district. Xerox copy of updated annual contribution receipt to be verified by the DLO/ ALO/ RLI of the concerned district. Essentiality Certificate to be filled completely and to be signed not below the rank of Assistant Surgeon of Government Hospital. All original Bills should be verified by the treating doctor and it should be signed on the face of the bills with a seal. In case of disability due to accident caused during employment and as per the OB & OCWW Board Rules, Disability Certificate by a Medical Board to be submitted stating the cause of accidents, percentage of disability with permanent/ temporary nature. In case of Temporary Disability, the construction worker is eligible only for medical treatment.",State,Health & Wellness,,"Labour, Building Worker, Construction Worker, Treatment, Ailments, Surgery, Medical Expenses",,,,
Medical Expenses for Treatment of Major Ailments of a Beneficiary,metmab,"The Manipur Building and Other Construction Workers' Welfare Board launched a scheme ""Medical Expenses for Treatment of Major Ailments of a Beneficiary"". The scheme aims to provide financial support for the treatment of serious illnesses such as Tuberculosis, Cancer, Heart Disease, Kidney Disease, and more, for building workers and their family members. ﻿ Major Ailment Cover: Tuberculosis (T.B.) Cancer. Heart Disease. Kidney Disease. Eye Disease. Leprosy. HIV Disease. Nerve Disease.","Financial Assistance: ₹2,000/- per year for minor treatments. Up to ₹45,000/- (each operation) for major surgeries.","The construction worker should be registered under the Manipur Building and Other Construction Workers' Welfare Board. The construction worker's family members (spouse and children) are eligible for financial assistance under this scheme. The construction worker or family members should suffer from T.B., Cancer, Heart Disease, Kidney Disease, Eye Disease, Leprosy, HIV Disease and Nerve Disease.","Step-1: The interested applicant should visit (during office hours) the Manipur Building and Other Construction Workers Welfare Board and request a hard copy of the prescribed format of the application form from the staff exclusively entrusted to issue and collect filled-in applications. OR The interested applicant visits the official website and downloads the application form . Step-2: In the application form, fill in all the mandatory fields, and attach copies of all the mandatory documents (self-attest, if required). Step-3: Submit the duly filled and signed application form along with the documents to the Labour Board Inspector Step-4: Request a receipt or acknowledgement from the Labour Board Inspector to whom the application has been submitted. Ensure that the receipt contains essential details such as the date and time of submission, and a unique identification number (if applicable).",Certificate of Registration. Payment Receipt of the Last Contribution. Calculation Sheet for the medical expenses for ailment. Medical Certificate. Aadhaar Card of the Beneficiary. First Page of Bank Passbook.,State,Health & Wellness,,"Financial Assistance, Medical Treatment, Construction Worker, Disease",,,,
Medical Expenses-Treatment for Major Ailments Including Surgery,metfmaiswb,"The ""Medical Expenses-Treatment for Major Ailments Including Surgery'' scheme by the Building and Other Construction Workers Welfare Board, Labour Department, West Bengal, is a welfare scheme for the registered workers of the board. Under this scheme, the Board shall provide financial assistance as medical expenses for the treatment of beneficiary or his/ her dependents suffering from Cancer, Heart disease, Kidney disease, T.B., Eye disease, Leprosy and Nerve disease. For the operation of diseases in case of Heart, Kidney etc. the Board may sanction a higher amount.","Quantum of Assistance: Upto a maximum amount of ₹20,000/- Per Annum. Note: For the operation of diseases like Heart, Kidney etc. the Board may sanction a maximum amount of ₹60,000/-.",For Registration as a Building/ Construction Worker: The applicant should be a resident of West Bengal. The applicant should be a Building/ Construction Worker. The applicant should be between 18 and 60 years. The applicant should have engaged in building and construction work for at least 90 days in a given year. For the Application of the Welfare Scheme: The applicant should be a registered member Under the Building and Other Construction Workers Welfare Board of West Bengal. The member or his/ her dependents should suffer from Cancer/ Heart disease/ Kidney disease/ T.B./ Eye disease/ Leprosy/ Nerve disease.,"Registration Process as a Building/ Construction Worker: Step 1: To register as a beneficiary under the BOCW Welfare Board, an applicant worker should request Form-27 from the Assistant Labour Commissioners/ Beneficiary Registering Officers and should attach all the mandatory documents (self-attested, if required). Step 2: Application shall be submitted to the Assistant Labour Commissioners/ Beneficiary Registering Officers. Application Process of the Welfare Scheme: Step 1: A registered worker should request Form-XI for the application from the Assistant Labour Commissioners/ Beneficiary Registering Officers and should attach all the mandatory documents (self-attested, if required). Step 2: Application shall be submitted to the Assistant Labour Commissioners/ Beneficiary Registering Officers for this benefit. Helpdesk: Labour Department Department of Labour, Government of West Bengal, 12th Floor, N.S Building, Block-A, 1, Kiran Shankar Roy Road, Kolkata-700001 Helpline of Labour Department, Govt. of West Bengal (Shramik Sathi): 1800-103-0009 Note: Upon successful verification,  the construction worker is registered and an identity card and passbook are issued to him/ her. ₹20/- as the registration fee and ₹30/- as yearly subscription is taken. The amounts taken are noted in the passbook and a receipt is issued. After one year, the beneficiary's subscription is renewed upon payment of a renewal fee of ₹30/- and submission of an application in Form-27A. If not renewed the registration of the beneficiary is cancelled after the expiry of one year. Fresh application for renewal to be submitted to the ALC for consideration.",For Registration as a Building/ Construction Worker: Passport size photographs of the worker (Four copies). Attested copy of Proof of Age. For the Application of the Welfare Scheme: Identity Card of the member. Dependent/ Heirship Certificate (In case the applicant is spouse/ nominee of the beneficiary). Medical Certificate. Copy of bills. Any other document if required.,State,"Health & Wellness, Social welfare & Empowerment",,"Labour, Building Worker, Construction Worker, Treatment, Ailments, Surgery, Medical Expenses",,,,
Medical Termination of Pregnancy Scheme (PULWS),mtp-pulws,"The ""Medical Termination of Pregnancy Scheme (PULWS)"" is a Welfare Scheme for the Unorganized Workers in Puducherry by the ""Puducherry Unorganised Labourers' Welfare Society"", Labour Department, Union Territory of Puducherry. The Society extends ₹250/- to the member/ spouse of the member for the Medical Termination of Pregnancy (not more than two occasions). The amount is credited through Direct Benefit Transfer (DBT) into the bank account. The applications are accepted offline.",Financial Assistance of ₹250/- (not more than two occasions). The amount is credited through Direct Benefit Transfer (DBT) into the bank account.,"The applicant should be a citizen of India. The applicant should be a resident of the Union Territory of Puducherry. The applicant should be an Unorganized Worker: Taxi and Auto Drivers, Workers Employed in Shops & Catering Establishments, Carpenters, Nathaswara Vidwans, Hair Dressers, Tailors, Cycle Rickshaw Drivers, Cobblers, Washermans, Goldsmith, Blacksmith, Brass Vessel Makers, Sculptors, Loading and Unloading Workers, Tree Climbers, Pottery Workers, Coir Workers, Toddy Neera Tappers, Bullock Cart Drivers, Thatchers, Cooks, Hawkers, News Paper Vendors, Workers Engaged in Bricks and Tiles Manufacturing, One Hundred, Workers Engaged in Distribution of Liquid Petroleum Gas Cylinder, Domestic Workers, Light Music Instrument Players, Automobile Workshop Workers. The applicant should be enrolled with the Puducherry Unorganised Labourers' Welfare Society. The applicant should be between 18 to 59 years of age. The applicant should be taking an Annual Subscription of ₹100/- every year. The applicant should be paying a Registration Fee of ₹25/-. The applicant should be Pregnant. The applicant should be willing to terminate the pregnancy. The benefits are provided for up to two ocassions of Medical Termination of Pregnancy.","Step 1: The interested applicant should visit the Office of the Puducherry Unorganised Labourer's Welfare Society, No.1, Rue Sufferen, Puducherry, and obtain the prescribed format of the application form free of cost from the concerned authority exclusively entrusted to issue and collect filled-in applications. Step 2: In the application form, fill in all the mandatory fields, paste the passport-sized photograph (signed across, if required), and attach copies of all the mandatory documents (self-attest, if required). Step 3: The interested construction worker should submit the duly filled and signed application form and the documents to the concerned authority. Step 4: Request a receipt or acknowledgement from the concerned authority to whom the application form has been submitted. Ensure that the receipt contains essential details such as the date and time of submission, and a unique identification number (if applicable).","Two Passport-size Photographs. Residential/Domicile Certificate. Original Birth Certificate. Discharge Slip. Last Subscription Bill. Society ID Card/ Proof of Registration. Aadhaar Card. Ration Card. Bank Details. Medical Certificate, issued by a registered medical practitioner confirming the need for the termination of pregnancy, based on the conditions specified under the Medical Termination of Pregnancy Act. Additional medical reports or documents that support the need for the termination of pregnancy.",State,"Health & Wellness, Women and Child",,"Abortion, Pregnant, Medical, Hospital, Woman",100.0,,,
Mentally Retarded Children Benefit Scheme (HPBOCWWB),mrcbshpbocwwb,"In the scheme ""Mentally Retarded Children Benefit"" by the Himachal Pradesh Building and Other Construction Workers Welfare Board, Government of Himachal Pradesh, an amount of ₹20,000/- per annum is provided to the registered workers to take care of their mentally retarded/disabled children.","₹20,000/- per annum",For Registration The applicant should be a resident of Himachal Pradesh. The applicant should be a Building or Construction Worker. The age of the applicant should be between 18 and 60 years. The applicant should have worked in building or construction activities for at least 90 days in the preceding 12 months. *The registration should be renewed annually. For Application The worker should be engaged in building or construction work under the Himachal Pradesh Building and Other Construction Workers Welfare Board. The worker should be registered with the Himachal Pradesh Building and Other Construction Workers Welfare Board. The worker's membership with the Himachal Pradesh Building and Other Construction Workers Welfare Board must be active. The child of the worker should be mentally retarded/disabled and dependent on the registered worker.,"Registration Step 1: Take the print of the prescribed format of the registration form. Step 2:  In the form, fill in all the mandatory fields, paste a passport-sized photograph (signed across, if required), and attach copies of all the mandatory documents (self-attested, if required). Step 3:  Submit the duly filled and signed registration form to the Labour Officer. * A one-time registration fee must be paid at the office, and it will be valid for three years. * After three years, the worker must visit the office to pay a renewal fee and submit proof of 90 days of work each year to maintain eligibility for benefits. Application Step 1: Take the print of the prescribed format of the application form. Step 2:  In the application form, fill in all the mandatory fields, paste a passport-sized photograph (signed across, if required), and attach copies of all the mandatory documents (self-attested, if required). Step 3:  Submit the duly filled and signed application form to the Labour Officer.","Identity Proof I.e. Aadhaar Card, Voter Card Bank Account Details/ Copy of Bank Passbook Labour Card ID Proof of the Worker Issued by the Board",State,"Women and Child, Health & Wellness",,"Construction, Building, Labour, Child, Financial Assistance, Worker, Disability",,,,
Mentally Retarded Children Benefit Scheme (P.B.O.C.W.W.B),mrcbspbocwwb,"The ""Mentally Retarded Children Benefit Scheme'' by the BOCW Welfare Board, Department of Labour, Punjab, is a welfare scheme for the registered workers of the board. Under this scheme, the Board shall provide financial assistance for the care of mentally retarded children (son/ daughter) of construction workers. ﻿","Financial Coverage: ₹20,000/- Per Year.","For Registration as a Building/ Construction Worker: The applicant should be a resident of Punjab. The applicant should be a Building/ Construction Worker (Unorganised Worker). The applicant should be between 18 and 60 years. The applicant should have engaged in building and construction work for at least 90 days in a given year. The applicant should have a monthly income of ₹15,000/- or below. The applicant should not be a member of any other Welfare Fund established under any law. The applicant should not have membership of the Employees' Provident Fund (EPF)/ National Pension System (NPS)/ Employees' State Insurance Corporation (ESIC). The applicant should not be an income tax payer. For the Application of the Welfare Scheme: The applicant should be a registered member Under the Building and Other Construction Workers Welfare Board of Punjab. The member should be depositing his contribution to the Board regularly. The child of the member should be mentally retarded or disabled.","Registration Process as a Building/ Construction Worker: For new registration of workers please approach the nearby Sewa Kendra or Registering officers/ Labour Inspector. Application Process of the Welfare Scheme: To apply for benefits of the concerned welfare scheme, please approach to nearby Sewa Kendra or Registering Officers/ Labour Inspector of your area. Note: Registration with the Board: A construction worker becomes a member of the board by filling out Application Form No 28 along with depositing registration fees of ₹ 25/- only (once in life) and ₹ 10/- per month as contribution fees. A worker at a time can get himself registered for a minimum period of 1 year & maximum period of 5 years. The registered worker is called 'Beneficiary' of the Board. Important Links: Check Your Registration Application Status: Registered workers can check their registration application status through visiting this link upon entering their Registration Number. Download Registration Card: Registered workers can download their registration Registration Card through visiting this link upon entering their Registration Number. Check your Scheme Application Status: Registered workers can check their scheme application status through visiting this link upon entering their Registration Number. CSC Locator: Visit this link to search nearest Common Service Center (CSC) of your area. List of Sewa  Kendra: Visit this link to see the list of Sewa Kendra. Helpdesk: Punjab Building And Other Construction Workers Welfare Board Address: Labour Bhawan Model Welfare Centre Phase 10, Sector 64, Sahibzada Ajit Singh Nagar, Punjab, 160062 Phone : +91 172-2540125 Email : bocwhq@gmail.com For Bocw Portal Related Queries (Technical Support):- Phone : +91 172-2540125 Email : bocwhq@gmail.com Office Visiting Hours : Monday to Friday (09:00 AM to 05:00 PM)","For Registration as a Building/ Construction Worker: Age proof (If no age proof is available self declaration). Residence proof. Aadhaar card(if available). Bank Account details (Bank branch, account No. and IFSC/ RTGS number). Detail of dependents. Employer’s Certificate ( Form No. 28 ) (90 days of construction work during the last 12 months in the State of Punjab). Nomination Form ( Form No. 27 ). For the Application of the Welfare Scheme: Aadhaar card of Mentally retarded/ disabled Child. Medical Certificate issued by Civil Surgeon Regarding Mentally retardness/ disability. Joint Photo of Mentally retarded/ disabled child with Beneficiary. Life Certificate of Mentally retarded/ disabled Child in the month of January Every Year. (Aadhaar based online life certificate through the Jeevan Pramaan Website: https://jeevanpramaan.gov.in/ , which generates digital life certificate may be submitted).",State,Health & Wellness,,"Labour, Building Worker, Construction Worker, Mentally Retarded, Children",15000.0,,,
Minimata Mahtari Jatan Yojana,bpsy,"The Labor Department of Chhattisgarh introduced the ""Minimata Mahtari Jatan Yojana"" on March 4, 2010, through the ""Building and Construction Workers Welfare Board."" This initiative is designed to provide benefits to registered female construction workers during pregnancy. The scheme applies to both male and female beneficiaries who are registered and possess a beneficiary identity card at least 90 days before the scheme application date. ﻿ Note: The name of this scheme was changed from ""Bhagini Prasuti Sahayata Yojana"" to  ""Minimata Mahtari Jatan Yojana"" on May 12, 2022. ﻿","A lump sum amount of ₹20,000/- will be provided to the registered female construction worker after the birth of the child.","The applicant should be a permanent resident of Chhattisgarh. The applicant should be a woman worker. The applicant should be registered  Building & Other Construction Workers Welfare Board. The benefit will only be provided for only first two children. The applicant should be registered as a construction worker 90 days in advance. ﻿ Note: In case of the death of the beneficiary female worker during delivery, the payment of the Assistance Scheme will be payable to her husband (full amount).","Registration of a Construction Worker Under CBOCWWB Step-1: All the applicant have to visit the official website Chhattisgarh Labour Department . Step-2: On the home page click on "" Apply "" under ""Chhattisgarh Building and Other Construction Workers Welfare Board"". Step-3: Enter the following details Select : ""Building and Other Construction Workers Welfare Board"". Select Service : ""Labour Registration"". What do you want to do : ""Registration Application"". Click Proceed. Step-4: Now enter your details :Name Father name. Aadhaar card. D.O.B. Age. Step-5: Click on submit only after uploading all the important information and documents given in Part 1, Part 2, Part 3. Step-6: When you click on submit, your registration ID will be sent to your mobile and email. ﻿ Apply Step-1: All the applicant have to visit the official website  Chhattisgarh Labour Department . Step-2: On the home page click on "" Apply "" under ""Chhattisgarh Building and Other Construction Workers Welfare Board Step-3:  Enter the following details Select : ""Building and Other Construction Workers Welfare Board"". Select Service : Scheme What do you want to do : ""Application"". Click Proceed. Step-4: Select your district name and provide old/new registration number and click proceed. Step-5: When you enter the district and registration number, an OTP will be sent to your mobile for verification. Step-6: After this, a dashboard will open in front of you, containing information about your name, address, age, and caste etc. Step-7: After that, you select your Yojana and upload your important documents and basic information. Step-8: Click ""Submit"" to register yourself for this scheme.",Certificate issued by self or Maternal and Child Card issued by ANM Bank passbook photocopies Birth certificate Registration Certificate Self-declaration certificate Aadhaar Card Self-declaration certificate in the prescribed form issued by the government in respect of the employer.,State,"Health & Wellness, Women and Child",,"Financial Assistance, Pregnancy Care, Women Wellness, Child Care, Construction Workers",,,,
Miscarriage Benefit,mbbwwb,"The ""Miscarriage Benefit'' scheme by the Building and Other Construction Workers Welfare Board, Labour Department, West Bengal, is a welfare scheme for the registered workers of the board. Under this scheme, the Board shall provide financial benefits for miscarriage to the female beneficiary or wife in case of a male beneficiary who is registered for 1 year under the Board, subject to maximum 2 times in his/her whole life time. ﻿","Quantum of Assistance: ₹6,000/-. Note: The benefit shall be allowed for two times in beneficiarie's whole life time. ﻿",For Registration as a Building/ Construction Worker: The applicant should be a resident of West Bengal. The applicant should be a Building/ Construction Worker. The applicant should be between 18 and 60 years. The applicant should have engaged in building and construction work for at least 90 days in a given year. For the Application of the Welfare Scheme: The applicant should be a registered female member or wife of a male member Under the Building and Other Construction Workers Welfare Board of West Bengal. The applicant should have gone through a miscarriage.,"Registration Process as a Building/ Construction Worker: Step 1: To register as a beneficiary under the BOCW Welfare Board, an applicant worker should request Form-27 from the Assistant Labour Commissioners/ Beneficiary Registering Officers and should attach all the mandatory documents (self-attested, if required). Step 2: Application shall be submitted to the Assistant Labour Commissioners/ Beneficiary Registering Officers. Application Process of the Welfare Scheme: Step 1: A registered worker should request Form-XII for the application from the Assistant Labour Commissioners/ Beneficiary Registering Officers and should attach all the mandatory documents (self-attested, if required). Step 2: Application shall be submitted to the Assistant Labour Commissioners/ Beneficiary Registering Officers for this benefit. Helpdesk: Labour Department Department of Labour, Government of West Bengal, 12th Floor, N.S Building, Block-A, 1, Kiran Shankar Roy Road, Kolkata-700001 Helpline of Labour Department, Govt. of West Bengal (Shramik Sathi): 1800-103-0009 Note: Upon successful verification,  the construction worker is registered and an identity card and passbook are issued to him/ her. ₹20/- as the registration fee and ₹30/- as yearly subscription is taken. The amounts taken are noted in the passbook and a receipt is issued. After one year, the beneficiary's subscription is renewed upon payment of a renewal fee of ₹30/- and submission of an application in Form-27A. If not renewed the registration of the beneficiary is cancelled after the expiry of one year. Fresh application for renewal to be submitted to the ALC for consideration.",For Registration as a Building/ Construction Worker: Passport size photographs of the worker (Four copies). Attested copy of Proof of Age. For the Application of the Welfare Scheme: Identity Card of the member. Medical Certificate. Any other document if required.,State,"Social welfare & Empowerment, Women and Child, Health & Wellness",,"Labour, Building Worker, Construction Worker, Miscarriage, Women",,,,
Mobile Lab Scheme (P.B.O.C.W.W.B),mlsp,"The ""Mobile Lab Scheme'' by the BOCW Welfare Board, Department of Labour, Punjab, is a welfare scheme for the registered workers of the board. Under this Scheme, if a beneficiary or a family member is diagnosed with silicosis, the Board will reimburse up to ₹1,50,000/- for the treatment expenses incurred by the worker. ﻿","Financial Coverage: Up to ₹1,50,000/-. Note: Any beneficiary who intends to avail the benefit under this scheme will have to first exhaust the benefit of ₹50,000/- for all his health ailments with the health card facility under the Bhagat “Puran Singh Sehat Beema Yojna” Scheme. Only then he/ she can get the remaining benefit under this scheme.","For Registration as a Building/ Construction Worker: The applicant should be a resident of Punjab. The applicant should be a Building/ Construction Worker (Unorganised Worker). The applicant should be between 18 and 60 years. The applicant should have engaged in building and construction work for at least 90 days in a given year. The applicant should have a monthly income of ₹15,000/- or below. The applicant should not be a member of any other Welfare Fund established under any law. The applicant should not have membership of the Employees' Provident Fund (EPF)/ National Pension System (NPS)/ Employees' State Insurance Corporation (ESIC). The applicant should not be an income tax payer. For the Application of the Welfare Scheme: The applicant should be a registered member Under the Building and Other Construction Workers Welfare Board of Punjab or should be a family member of the worker. The applicant should be suffering from silicosis. The applicant should have exhausted the benefit of ₹50,000/- for all his/her health ailments with the health card facility under the Bhagat “Puran Singh Sehat Beema Yojna” Scheme.","Registration Process as a Building/ Construction Worker: For new registration of workers please approach the nearby Sewa Kendra or Registering officers/ Labour Inspector. Application Process of the Welfare Scheme: To apply for benefits of the concerned welfare scheme, please approach to nearby Sewa Kendra or Registering Officers/ Labour Inspector of your area. Note: Registration with the Board: A construction worker becomes a member of the board by filling out Application Form No 28 along with depositing registration fees of ₹ 25/- only (once in life) and ₹ 10/- per month as contribution fees. A worker at a time can get himself registered for a minimum period of 1 year & maximum period of 5 years. The registered worker is called 'Beneficiary' of the Board. Important Links: Check Your Registration Application Status: Registered workers can check their registration application status through visiting this link upon entering their Registration Number. Download Registration Card: Registered workers can download their registration Registration Card through visiting this link upon entering their Registration Number. Check your Scheme Application Status: Registered workers can check their scheme application status through visiting this link upon entering their Registration Number. CSC Locator: Visit this link to search nearest Common Service Center (CSC) of your area. List of Sewa  Kendra: Visit this link to see the list of Sewa Kendra. Helpdesk: Punjab Building And Other Construction Workers Welfare Board Address: Labour Bhawan Model Welfare Centre Phase 10, Sector 64, Sahibzada Ajit Singh Nagar, Punjab, 160062 Phone : +91 172-2540125 Email : bocwhq@gmail.com For Bocw Portal Related Queries (Technical Support):- Phone : +91 172-2540125 Email : bocwhq@gmail.com Office Visiting Hours : Monday to Friday (09:00 AM to 05:00 PM)","For Registration as a Building/ Construction Worker: Age proof (If no age proof is available self declaration). Residence proof. Aadhaar card(if available). Bank Account details (Bank branch, account No. and IFSC/ RTGS number). Detail of dependents. Employer’s Certificate ( Form No. 28 ) (90 days of construction work during the last 12 months in the State of Punjab). Nomination Form ( Form No. 27 ). For the Application of the Welfare Scheme: Medical Certificate of the Beneficiary or Family Member. Proof of Expenditure on Treatment. Any other documents (if required).",State,Health & Wellness,,"Labour, Building Worker, Construction Worker, Silicosis Diseases, Health",15000.0,,,
Mukhmantri Sehat Bima Yojana,mmsby,"Ayushman Bharat PM-JAY Mukhmantri Sehat Bima Yojana (AB PM-JAY MMSBY), was launched on 20 August 2019 this is a flagship State Health Insurance Scheme for the beneficiaires of State of Punjab. AB PM-JAY MMSBY will provide financial protection to 65% population of state of Punjab. It is entitlement based cashless Health Insurance cover. Under this scheme cashless and paperless treatment is available at Government and empaneled Private hospitals. ﻿","A cashless health insurance  cover of ₹5,00,000/- rupees per family per year for secondary and tertiary care hospitalization (in-patient services) for treatment of listed diseases and medical conditions.","Residents of Punjab. Applicants should be from the following categories SECC 2011 data families, Smart Ration Card holder families, J-Form holder farmers, Small traders registered with Excise & Taxation Department, Small & Marginal Farmers, Accredited & Yellow Card Journalist and Construction workers registered with Punjab Building & Other Construction Workers Welfare Board.","REGISTRATION PROCESS FOR E-CARD GENERATION Now generate e-card from home without visiting anywhere: Download 'Ayushman App' on mobile or visit https://beneficiary.nha.gov.in/ to self-register. Please visit any empaneled private or public hospital, lists available under ' Hospitals ' on SHA website for getting e-card generation. ﻿",Aadhaar Card. Ration Card. Family Declaration. (If no Ration Card). Income Certificate. Construction Worker Card. (If belong to that Category). ﻿,State,Health & Wellness,,"Insurance, Health, Welfare, Medical",,,,
Mukhya Mantri Himachal Health Care Scheme-HIMCARE,himcare,"Mukhya Mantri Himachal Health Care Scheme-HIMCARE is a health insurance scheme under the Department of Health & Family Welfare, Government of Himachal Pradesh to provide cashless treatment coverage up to ₹5,00,000/- per year per family provided in the empanelled hospitals. In case of more than five members, the remaining members are enrolled as a separate unit subject to the capping of five members for each such additional unit. This scheme is being implemented on a co-payment basis. Hospitals empanelled under Ayushman Bharat within the State are also empanelled for HIMCARE and are providing cashless treatment to the beneficiaries by making online entries through Transaction Management System. The claims are being reimbursed through the host-to-host payment system directly in the bank account of the concerned hospital after checking the complete claim papers submitted by these institutions through the online system. ﻿ For target groups covering below categories have the Zero Premium amount. BPL (Not covered under Ayushman Bharat), Registered Street Vendors (Not covered under Ayushman Bharat), MNREGA worker who have worked minimum 50 days under MNREGA during previous financial year or current financial year. Children living in Orphanages. For target groups covering below categories have the premium rate ₹365/- per year. Ekal Naaris, Disabled >40%, Mid-Day meal workers, Daily Wage Workers (Govt., Autonomous Bodies, Societies, Boards & Corporations etc. under the control of State Government), Part Time Workers (Govt., Autonomous Bodies, Societies, Boards & Corporations etc. under the control of State Government) Contractual Employees (Govt., Autonomous Bodies, Societies, Boards & Corporations etc. under the control of State Government) Outsource Employees. Beneficiaries not covered under category-I and category-II or who are not Govt. servants/pensioners or their dependent family members, having the premium amount ₹1,000/- per year.","Cashless Treatment: The scheme provides cashless treatment coverage, allowing beneficiaries to receive medical services without upfront payment at empanelled hospitals. Comprehensive Coverage: HIMCARE offers coverage up to ₹5,00,000/- per year per family, ensuring that families have access to quality healthcare services without financial burden. Inclusion of Previously Uncovered Families: The scheme targets families who were not covered under the Ayushman Bharat scheme, extending health insurance benefits to a broader population. Categorization for Differential Premium Rates: Beneficiaries are categorized into different groups based on their occupation or socioeconomic status, with corresponding premium rates to make healthcare more affordable for all eligible individuals. Wide Range of Eligible Beneficiaries: The scheme covers various groups such as BPL families, registered street vendors, MNREGA workers, senior citizens above 70 years, children living in orphanages, disabled individuals, Anganwari workers, ASHA workers, and more. Easy Enrollment Process: Enrollment can be done online through the official website or at Lok Mitra Kendra/Common Service Centers, making it convenient for beneficiaries to apply and upload necessary documents. Empanelled Hospital Network: Beneficiaries can receive cashless treatment in empanelled hospitals within Himachal Pradesh, including prestigious institutions like PGIMER Chandigarh and GMCH Sector 32 Chandigarh, ensuring access to quality healthcare facilities.","The applicant must be a permanent resident of Himachal Pradesh. Families not covered under the Ayushman Bharat Yojana (Pradhan Mantri Jan Arogya Yojana) are eligible to apply for the HIMCARE scheme. Applicant should be HIMCARE card holder. The scheme is available to Below Poverty Line (BPL) families, Above Poverty Line (APL) families, Senior citizens and daily wage earners, widows, single women, and persons with disabilities.","Locate the nearest Lok Mitra Kendra (LMK) or Common Service Center (CSC). Visit the LMK or CSC and inform them about your intention to apply for HIMCARE. Provide the necessary information and documents to the staff at the center. VLEs will assist you in filling out the application form and uploading the required documents online. If you are applying through Lok Mitra Kendra/Common Service Centers, you may be required to pay an enrollment fee of ₹50/- per family unit of up to five members. Once the application is submitted, it will be processed for verification. The concerned authorities will review the application and documents provided for authenticity and eligibility. If the application is approved, an E-card will be issued to the eligible family. The E-card will serve as proof of enrollment and will be used for availing cashless treatment under the scheme.","The following documents are mandatory for enrollment under HIMCARE: Category Documents required for authentication BPL Copy of BPL certificate attested by the Panchayat Secretary within previous one month. Registered Street Vendors Registration Certificate attested by the Executive Officer, MC/NP/NAC within previous one month. MNREGA Worker MNREGA Job Card and Online MIS Report indicating 50 days work under MNREGA in previous or current financial year duly attested by concerned Panchayat Secretary/BDO. Ekal Naaris Certificate to be issued by Child Development Program Officer (CDPO) of the concerned area and shall include Widows/Divorced/Legally Separated /Unmarried more than 40 years. Disabled >40% Medical Disability Certificate showing permanent disability. Mid-Day meal workers Certificate from Block Elementary Education Officer of the concerned area. Contractual Employees Certification from concerned Department. Daily Wage Worker Certification from concerned Department. Part Time Workers Certification from concerned Department. Outsource Employees Certification from concerned Department. ﻿",State,Health & Wellness,,"BPL, Health Insurance, Cashless Treatment",,,,
Mukhya Mantri Sahara Yojana,mmsy,"The Government of Himachal Pradesh has launched the 'Sahara Scheme' to provide financial assistance to patients from economically weaker sections of society suffering from specified diseases such as Parkinson's disease, Malignant Cancer, Paralysis, Muscular Dystrophy, Hemophilia, and Thalassemia. The scheme also covers patients suffering from chronic renal failure or any other disease that permanently incapacitates a person. The objective of the scheme is to provide financial assistance to patients suffering from fatal diseases as a social security measure, to mitigate the hardships faced during prolonged treatment.","1.	The eligible beneficiaries will receive financial assistance of Rs. 3,000 per month under the scheme. 2.	Financial assistance will be provided to mitigate the hardships faced during prolonged treatment. ﻿","1.	The applicant must be a resident of Himachal Pradesh. 2.	The applicant must belong to the economically weaker section of society. 3.	The applicant must be suffering from specified diseases such as Parkinson's disease, Malignant Cancer, Paralysis, Muscular Dystrophy, Hemophilia, and Thalassemia, or chronic renal failure or any other disease that renders a person permanently incapacitated. 4.	The applicant must not be a beneficiary of any other government-sponsored pension scheme. ﻿","1.	Eligible applicants can apply for the scheme through the official website of the  Department of Health & family Welfare of Himachal Pradesh https://sahara.hpsbys.in/Home/Default or by submitting the application form at the nearest block development office or panchayat. 2.	Applicants are required to fill out the application form with accurate information and submit it along with the required documents. 3.	After submitting the application form, the applicant will receive an acknowledgement receipt with a unique application ID. ﻿","1.	Residence proof - The applicant must provide a document that verifies their residence in Himachal Pradesh, such as a voter ID card, ration card, Aadhaar card, or a valid passport. 2.	Income certificate - The applicant must provide an income certificate that proves that they belong to the economically weaker section of society. 3.	Medical documents - The applicant must provide medical documents that prove they are suffering from specified diseases such as Parkinson's disease, Malignant Cancer, Paralysis, Muscular Dystrophy, Hemophilia, and Thalassemia, or chronic renal failure or any other disease that renders a person permanently incapacitated. 4.	Bank account details - The applicant must provide bank account details that will be used to transfer the financial assistance amount. 5.	Passport-size photograph - The applicant must provide a recent passport size photograph. 6.	Any other relevant documents - Depending on the case, the authorities may require additional documents. ﻿",State,Health & Wellness,,"Sahara Yojana, DBT Scheme, Financial Assistance, EWS Scheme, Patients",,,,
Mukhyamantri Aanchal Amrit Yojana,maayu,"In recognition of the critical role that child nutrition plays in overall development, the Government of Uttarakhand, through its Department of Women Empowerment and Child Development, has launched the ""Mukhyamantri Aanchal Amrit Yojana."" This social security scheme specifically targets the age group of 3 to 6 years, aiming to reduce malnutrition rates within this demographic. The program achieves this objective by providing access to vitamin-enriched food. This targeted intervention ensures a consistent intake of essential nutrients during a crucial growth period.  By addressing these dietary deficiencies, the ""Mukhyamantri Aanchal Amrit Yojana"" fosters not only improved overall health and well-being in children but also lays the groundwork for stronger cognitive development, ultimately shaping a brighter future for the state's youngest citizens.",Fortified milk with vitamin A and D Aromatic milk is given (4 Days/Week).,Beneficiary should be a permanent resident of Uttarakhand. Beneficiary should be a child. Beneficiaries should be between 3 years to 6 years. ﻿,"Step-1: Concerned parents should take their children to the nearby Anganwadi Centre. Step-2: Provide all the necessary documents as directed (attested, if required). Step-3: After the completion of the procedure benefits can be availed from the Anganwadi Centre.",Proof of Birth.,State,"Social welfare & Empowerment, Health & Wellness, Women and Child",,"Child, Nutrition, Vitamin, Health",,,,
Mukhyamantri Abua Swasthya Suraksha Yojana,massy,"The ""Mukhyamantri Abua Swasthya Suraksha Yojana"" by the Department of Health and Family Welfare, Government of Jharkhand, aims to provide quality and affordable healthcare services to the people of Jharkhand. The scheme provides a yearly health insurance cover per family, ensuring access to advanced medical treatments. The Jharkhand State Arogya Society implements the scheme and operates in a hybrid mode to maximize efficiency and reach.","Health insurance cover of ₹15,00,000/- per family per year. Coverage includes expenses for both general treatments and critical illnesses listed under the scheme. Beneficiaries can access services at empaneled public and private hospitals. Includes treatment costs for diabetes, blood pressure, and dialysis, with free medicines provided at government hospitals. Beneficiaries also gain access to treatment for 21 critical illnesses under the existing Mukhyamantri Gambhir Bimari Upchar Yojana. ﻿ NOTE: Temporary health cards will be issued for urgent treatments based on the beneficiary’s ration card. The first ₹1,00,000/- of coverage is managed by a selected insurance company, while the remaining up to ₹15,00,000/- is borne by the government in trust mode.","The applicant should be a resident of Jharkhand. The applicant’s family should possess a ration card under the National Food Security Act (NFSA) or Jharkhand State Food Security Act. The applicant's have pink, yellow, and green ration cards are eligible under the scheme.","Mukhyamantri Abua Swasthya Suraksha Card Apply Process: Step 1: Visit the Official Portal Go to the official website of Mukhyamantri Abua Swasthya Suraksha Yojana: https://bis.jharkhand.gov.in/. ﻿ Step 2: Login Using Mobile Number Enter your mobile number and click on Get OTP. Enter the OTP received on your mobile phone. Fill in the Captcha code and proceed. Step 3: Search Using Ration Card Enter your Ration Card Number and Captcha code. Click on the Search button. The portal will display the list of family members based on the ration card details. Step 4: Download the Health Card If the details of the applicant match the Ration Card and Aadhaar Card, you can download the card directly. Click on Download to save your card. ﻿ If e-KYC is Incomplete: Follow these steps to complete e-KYC and apply: Step 1: Complete Aadhaar Verification Click on the e-KYC option. Enter your Aadhaar Number and select the verification method: Aadhaar OTP (sent to the mobile number linked with Aadhaar). Fingerprint verification. Accept the Terms and Conditions (T&C). Enter the OTP and click on Verify. Step 2: Rectify Details (If Needed) If the details in the Ration Card and Aadhaar Card do not match, you will not be able to download the card immediately. The portal will provide an option to update or correct the mismatched details. Submit the corrected details for verification. Step 3: Re-Apply and Download Once the details are updated and verified, repeat the above steps. Download the card after successful verification.","Aadhaar Card (Linked with Ration Card) Ration Card (Pink, Yellow, or Green)",State,Health & Wellness,,"Healthcare, Families, Medical Treatments",,,,
Mukhyamantri Amrutum Yojana,ma,"A large number of households are pushed into poverty as a result of the high costs of household spending on health care. The Below Poverty Line (BPL) population is especially vulnerable to catastrophic health risks. To address this key vulnerability faced by the BPL population in Gujarat, the State Government has launched a medical care scheme called Mukhyamantri Amrutum (MA) Yojana. The objective of the scheme is to improve access of BPL families to quality medical and surgical care for the treatment of identified diseases involving hospitalization, surgeries and therapies through an em panel network of health care providers.","Financial Assistance Each family is eligible for health insurance coverage of up to ₹5,00,000/- annually. Members of eligible families can avail benefits from any empanelled hospital. ﻿ Key medical procedures covered: Eye surgeries Ear, nose, and throat treatments Kidney transplants Cancer treatments Critical accident-related treatments Cardiac surgeries and joint replacements. ﻿ Surgeries Covered in this Scheme Cardiovascular Surgeries (a total 153 Benefit Packages) Neurosurgery (a total 49 Benefit Packages) Burns (a total 12 Benefit Packages) Poly Trauma (Not covered by Motor Vehicle Insurance) (a total 8 Benefit Packages) Cancer (Malignancies) (Surgical Oncology, Chemotherapy & Radiation Oncology) (a total 210 Benefit Packages) Renal (Kidney) (a total 21 Benefit Packages) Neonatal (newborn) diseases (a total 23 Benefit Packages) Mukhyamantri Amrutum Yojana provides quality medical and surgical care for catastrophic illnesses involving hospitalization, surgeries and therapies through an em panel network of hospitals to the BPL families.","The individuals and families listed in the BPL list by the State Government are eligible under the MA Yojana. Furthermore, each family member should be present when enrolled under the scheme. However, families that belong marginally above the poverty line can be under the MA Vatsalya Yojana if they follow these criteria – The annual income of the family is up to ₹4,00,000/- Any member(s) who are Accredited Social Health Activist (ASHA) workers Any member(s) who have accredited reporters Class-3 and Class-4 employees employed on a fixed payroll by the State Government Senior Citizens with families of a total annual income of up to ₹6,00,000/-","Visit a Registration Center: Register for the scheme at civil hospitals, taluka-level centers, or Community Service Centers (CSC). Other registration locations include E-Gram centers, UTI-ITSL centers, and nCode Agency centers. Provide Required Documents: Proof of income (e.g., income certificate). Government-issued ID proof (e.g., Aadhaar card, voter ID). Proof of residence (e.g., ration card, utility bills). For specific groups (widows, orphans, etc.), provide relevant supporting documents.","Proof of income (e.g., income certificate). Government-issued ID proof (e.g., Aadhaar card, voter ID). Proof of residence (e.g., ration card, utility bills). For specific groups (widows, orphans, etc.), provide relevant supporting documents.",State,Health & Wellness,,"Treatment, Amrutam, Health, Wellness, BPL",400000.0,,,
Mukhyamantri Anusuchit Janjati Gram Vikas Yojana,majgvy,"The scheme ""Mukhyamantri Anusuchit Janjati Gram Vikas Yojana"" by the Department of Scheduled Tribe, Scheduled Caste, Minority & Backward Class Welfare, Govt. of Jharkhand, aims to promote the social, economic, educational, and health development of Scheduled Tribe communities in tribal-dominated villages. Under this scheme, benefits such as financial grants, equipment, training programs, & healthcare services are provided to the tribal population to ensure their holistic development.","Financial support of ₹1,00,000/-  to women self-help groups (SHGs) in selected villages as a grant. Assistance of up to ₹2,00,000/-  for self-employment or equipment for unemployed educated youth. Organization of regular health camps focusing on diseases like malaria, sickle cell anemia, and other chronic illnesses. Support for tribal-specific economic activities, including purchasing lac and minor forest produce at minimum support prices. Training programs for women SHGs and unemployed youth through selected NGOs and professional institutions. Provision of forward marketing linkage to enhance economic activities. Promotion of integrated village development plans under traditional village leaders’ supervision.",Eligibility For SHGs: The group must be selected by the Gram Sabha. The applicant should belong to a Scheduled Tribe community. The applicant’s village should have at least 80% tribal population. The village should be included in the list of selected villages under the scheme. ﻿ Eligibility For youth self-employment: The applicant should be an unemployed educated youth. The applicant must have passed at least 10th grade. Priority will be given to those with vocational training. The applicant should belong to a Scheduled Tribe community. The applicant’s village should have at least 80% tribal population. The village should be included in the list of selected villages under the scheme. ﻿,"Step 1: The interested applicant should visit (during office hours) the District Welfare Office and request a hard copy of the prescribed format of the application form from the staff exclusively entrusted to issue and collect filled-in applications. Step 2: In the application form, fill in all the mandatory fields, and attach copies of all the mandatory documents (self-attest, if required). Step 3: Submit the duly filled and signed application form along with the documents to the District Welfare Office. Step 4: Request a receipt or acknowledgment from the District Welfare Office to whom the application has been submitted. Ensure that the receipt contains essential details such as the date and time of submission, and a unique identification number (if applicable).","Scheduled Tribe Certificate. Address Proof (Aadhaar Card, Voter ID, etc.). Educational Certificate (minimum 10th-grade pass). SHG Registration Certificate (for SHGs applying for grants). Gram Sabha Resolution Document (for selected SHGs or villages). Training Certificate (if applicable). Bank Account Details.",State,"Social welfare & Empowerment, Health & Wellness, Skills & Employment",,"Financial Assistance, Opportunity, Training, Healthcare, SHGs",,,Scheduled Tribe,
Mukhyamantri Bal Poshan Yojana,mbpyu,"In an effort to combat childhood malnutrition, the state of Uttarakhand's Department of Women Empowerment and Child Development has launched the ""Mukhyamantri Bal Poshan Yojana"" program. This social security initiative targets children between the ages of 3 and 6, aiming to improve their nutritional health by providing them with essential food supplies. By addressing dietary deficiencies in this crucial age group, the program seeks to ensure a healthier and stronger foundation for the future generation of Uttarakhand.",Egg (2 Days/Week). Banana Chips (2 Days/Week). ﻿ Note :  Banana are provided to those who do not eat eggs. ﻿,Beneficiary should be a permanent resident of Uttarakhand. Beneficiary should be a child. Beneficiaries should be between 3 years to 6 years. ﻿,"Step-1: Concerned parents should take their children to the nearby Anganwadi Centre. Step-2: Provide all the necessary documents as directed (attested, if required). Step-3: After the completion of the procedure benefits can be availed from the Anganwadi Centre.",Proof of Child Birth.,State,"Social welfare & Empowerment, Women and Child, Health & Wellness",,"Child, Nutrition, Health",,,,
Mukhyamantri Chiranjeevi Swasthya Beema Yojana,mcsby,"The Government of Rajasthan has always been in the forefront in making various innovations to provide health services to the citizens of the state. Rajasthan has also successfully operated free medicines and free tests in the state in the past, due to which the general public is getting the benefit of free medicines and tests in the government hospitals of the state. This scheme has been brought with the commitment of providing good health to all the citizens of the state by freeing them from the huge expenditure on medical treatment so that there is no compulsion of money in the treatment of suffering and serious diseases. ﻿","Cashless treatment facility up to Rs. 25,00,000/- will be provided to each family of Rajasthan. National Food Security Act, the insurance premium of families eligible for Socio-Economic Census, small and marginal farmers and contract workers will be borne by the state government. Other families will have to pay a premium of Rs. 850/- per year.","Under the scheme, eligible families have been divided into two categories- Category receiving free benefits:- 100 percent of the premium of the eligible families of such category determined by the state government is paid by the government. Presently eligible families under Food Security Act, eligible families of Socio-Economic Census (SECC) 2011, contract workers working in state government departments/boards/corporations/government companies, small marginal farmers and those who received Covid-19 ex-gratia last year destitute and helpless families are included in the free category. Category receiving benefits by paying Rs.850/- per family per year:- The families of the state who do not come under the category of free eligible families and are not government employees/pensioners and are not taking benefits under the Medical Attendance Rules They can avail the benefits of the scheme by paying 50% of the fixed premium Rs. 850/- per family per year. The remaining 50 percent of the premium will be borne by the government. All EWS families are also proposed to be given the benefit of Chiranjeevi Yojana free of cost.","The process for registering category wise is as follows - Registration process for free benefit category- The eligible families under the Food Security Act and the eligible families of the Socio-Economic Census 2011 are already benefited under the scheme. Hence they do not require registration. It will be necessary for the beneficiary to register on the registration portal or beneficiaries can register online through their SSO ID or by visiting E Mitra Kendra. It is necessary for the beneficiary to have Jan Aadhar card / Jan Aadhar card number / Jan Aadhar card registration receipt number and Aadhar card number. OTP on the mobile number registered in the Aadhaar card of the applicant before registration. The application for registration in the scheme of contract workers will be verified online by the nodal officer of the concerned department and will be updated regularly. Small and marginal farmers who are not linked with Jan Aadhaar card, they will be able to get the seeding of land holding done in Jan Aadhaar card as per the prescribed procedure on Jan Aadhaar portal through E-Mitra. After seeding, the family can be registered on the above mentioned registration portal of the scheme itself through online/e-mitra. After successful registration, the beneficiary will be able to print the policy document. ﻿ Category receiving benefits by paying Rs.850/- per family per year:- It will be necessary for the beneficiary to register himself online portal. ﻿ These beneficiaries will have to pay Rs. 850/- per family per year as premium amount to the concerned E Mitra center or through digital payment mode. After successful registration, the beneficiary will be able to print the policy document. The step-wise detailed process of registration under the scheme by e-Mitra or by yourself is available on the scheme's website https://chiranjeevi.rajasthan.gov.in/. ﻿",Jan Aadhar Card / Jan Aadhar Card Number / Jan Aadhar Card Registration Receipt Number It is necessary to have Aadhaar card number.,State,Health & Wellness,,"Financial Assistance, Health Insurance, Family Welfare",,,,
Mukhyamantri Gambhir Bimari Upchar Yojana,mgbuy,"The “Mukhyamantri Gambhir Bimari Upchar Yojana” is implemented by the Department of Health, Medical Education & Family Welfare, Government of Jharkhand, aims to provide financial assistance for the treatment of critical illnesses such as cancer, kidney transplant, and severe liver diseases, as well as support to acid attack victims. Through this scheme, eligible individuals receive medical grants of up to ₹5,00,000/- to cover treatment costs.","Financial Assistance: Up to ₹5,00,000/- per case for the treatment of critical illnesses such as cancer, kidney transplant, and severe liver diseases. Valid Hospitals: Treatment costs are covered only in Jharkhand's medical colleges, central medical institutions, or empaneled hospitals. (Link) Expense Reimbursement: Covers bed charges, medicines, surgeries, and other related costs. ﻿ NOTE: Disbursal: Grants are disbursed directly to hospitals via electronic transfer or bank draft. ﻿","The applicant must be a resident of Jharkhand. The applicant’s gross annual income must be below ₹8,00,000/- for three consecutive years (not applicable for acid attack victims). The applicant must suffer from one of the specified illnesses: All types of cancer. Kidney transplant. Severe liver diseases. ﻿","Step 1: The interested applicant should visit (during office hours) the Civil Surgeon’s office and request a hard copy of the prescribed format of the application form from the staff exclusively entrusted to issue and collect filled-in applications. Step 2: In the application form, fill in all the mandatory fields, and attach copies of all the mandatory documents (self-attest, if required). Step 3: Submit the duly filled and signed application form along with the documents to the District-level Health Committee. Step 4: Request a receipt or acknowledgment from the District-level Health Committee to whom the application has been submitted. Ensure that the receipt contains essential details such as the date and time of submission, and a unique identification number (if applicable). ﻿",Passport-size Photographs Income Certificate Medical Reports Bank Account Details,State,Health & Wellness,,"Financial Assistance, Illnesses, Medical, Hospital",800000.0,,,
Mukhyamantri Mahalaxmi Kit Yojana,mmkyu,"Launched by the Department of Women Empowerment and Child Development in Uttarakhand, the ""Mukhyamantri Mahalaxmi Kit Yojana"" is a social security scheme offering a helping hand to new mothers and their daughters.  This initiative specifically targets mothers with a family income below a certain limit. By providing essential nutritional kits, the program aims to improve the health and well-being of both mothers and their newborn daughters during the crucial postpartum period.  These kits aren't just filled with good food; they also contain necessary items to ensure proper care for both the mother and child.  Ultimately, the Mukhyamantri Mahalaxmi Kit Yojana aspires to not only support the health of mothers and daughters but also potentially bridge the nutritional gap and promote gender equality.","For Mothers: Dry fruits, socks, scarp towels, shawls, blankets, bedsheets, sanitary pads, mustard oil, soap, nail cutters etc For the girl child: Cotton/warm cap, sock, loincloth, towel, baby soap, rubber sheet, warm blanket, vaccination card etc. Note: Each kit will be provided to the mother and their first two girl children. For twins, both daughters and their mother will get one kit. ﻿ ﻿",For Mother: Beneficiary should be a permanent resident of Uttarakhand. Beneficiary should be a postpartum woman. Beneficiary should not be an income tax payer. Beneficiary should be registered in any Anganwadi centre. ﻿ For Daughter: Beneficiary should be the first or second daughter of her mother. ﻿,"Step-1: Concerned parents should visit  their nearest Anganwadi Centre. Step-2: Provide all the necessary documents as directed (attested, if required). Step-3 : After the completion of the procedure benefits can be availed from the Anganwadi Centre.",For Mother: Medical proof of being a postpartum woman. Identity proof. ﻿ For Daughter: Proof of birth. ﻿,State,Health & Wellness,,"Girl Child, Nutrition, Women, Mother, Health",,,,
Mukhyamantri Mahila Poshan Yojana,mmpyu,"The Government of Uttarakhand, recognizing the critical role of maternal health in child development, has implemented the ""Mukhyamantri Mahila Poshan Yojana"" program under the Department of Women Empowerment and Child Development. This social security scheme specifically targets pregnant and lactating women in the state. By providing them with nutritious food supplements, the program aims to combat malnutrition among these mothers.  This focus on proper maternal nutrition during pregnancy and breastfeeding is crucial, as it directly impacts the health and well-being of both the mother and the developing child. By ensuring that expecting and new mothers have access to essential nutrients, the ""Mukhyamantri Mahila Poshan Yojana"" strives to create a healthier generation for Uttarakhand.",Egg (2 Days/Week). Dates(2 Days/Week). ﻿ Note : Dates are provided to those registered pregnant/lactating women who do not take eggs. ﻿ ﻿,Beneficiary should be a permanent resident of Uttarakhand. Beneficiary should be pregnant/lactating women. ﻿,"Step-1: Concerned women should visit their nearest Anganwadi Centre. Step-2: Provide all the necessary documents as directed (attested, if required). Step-3: After the completion of the procedure benefits can be availed from the Anganwadi Centre.",Aadhar card. Proof of Pregnancy (Medical Report). Any other document (as requested). ﻿,State,"Social welfare & Empowerment, Women and Child, Health & Wellness",,"Pregnant Women, Lactating Women, Nutrition, Health",,,,
Mukhyamantri Matrupushti Uphar,mmus,"The scheme “Mukhyamantri Matrupushti Uphar” was launched by the Directorate of Social Welfare and Social Education, Government of Tripura, to provide financial assistance of ₹500/- to pregnant women through Direct Benefit Transfer (DBT) for antenatal checkups at any health facility.","₹500/- is transferred into the bank account through DBT, after each antenatal check-up, up to four times.",The applicant should be a pregnant woman. The applicant should have undertaken antenatal check-ups at any health facility. ﻿ ﻿,"Step 1: Visit the nearest Anganwadi Center. ﻿ ﻿ ﻿ Step 2: Submit the application on plain paper along with copies of the mandatory documents (self-attest, if required) to the Anganwadi Worker or the concerned authority for enrollment/registration into the scheme. Step 3: Request a receipt or acknowledgement from the concerned authority to whom the application has been submitted. Ensure that the receipt contains essential details such as the date and time of submission, and a unique identification number (if applicable). ﻿","Health Card, issued by the health facility, mentioning the date of antenatal check-up. Bank Passbook. Address Proof.",State,"Women and Child, Social welfare & Empowerment, Health & Wellness",,"Women, Pregnant, Medical, Financial Assistance",,,,
Mukhyamantri Matrushakti Yojana,mmyg,"The ""Mukhyamantri Matrushakti Yojana (MMY)"" launched in 2022 by the Women and Child Development Department, Gujarat, focuses on improving the health and nutrition of pregnant women and mothers with children under 2 years. The scheme offers a nutritional kit containing groundnut oil, tuver dal, and chana to support calorie and protein needs. The initiative addresses the critical first 1000 days of life, aiming to enhance maternal and child health, reduce infant mortality, and prevent low birth weight.","Commodities: The nutrition kit includes 1 Litre of Groundnut oil, 1 Kg Tuver Dal, & 2 Kg Chana.",The applicant must be a resident of Gujarat. The applicant must be a woman who is conceiving for the first time. The applicant must be a mother with her first child who is under the age of 2 years.,"Step 1: Open the registration portal and select the ""Self Enrollment"" option under ""Services"" tab. Step 2: Fill in the beneficiary’s details, including Aadhaar card number, name in English, date of birth, and beneficiary's affidavit. Step 3: Validate the Aadhaar by clicking on the ""Validate Aadhaar"" button. Step 4: The beneficiary’s ration card ID (NFSA number) and name will be displayed automatically. Step 5: If the Anganwadi name is not visible in the list, manually select the appropriate Anganwadi. Step 6: The name of the Anganwadi worker will be displayed automatically. Step 7: Enter the mobile number you wish to use for registration and click on the “SEND OTP” button. Step 8: Enter the 4-digit OTP sent to the registered mobile number in the online form. Step 9: After entering the OTP, click on the “Save & Next” button to proceed. Step 10: A message will appear saying, “After your general information, add your health-related information and submit the form.” Click “OK.” Step 11: Enter the ID number or email address provided by the health center and click the ""Search"" button. Step 12: The beneficiary’s name, status, P.A.C. center name, last month's status, and probable start date will auto-fill. Step 13: Click on the “Confirm and Submit” button to complete the registration process. Step 14: After submitting, click on the “Print Application” button to take a printout of the registration. Step 15: If corrections are needed, click on “Edit Enrollment,” enter the Enrollment Number, Aadhaar Card Number, or Mobile Number, and click ""Edit."" Enter the OTP received to make corrections. Step 16: If needed, click on “Print Enrollment,” enter the registration number, Aadhaar card number, or mobile number, click “Verify,” and enter the OTP to take a printout of the registration form. Registration Receipt: Click here to check. Beneficiary Information: Click here to check. Beneficiary Registration Status: Click here to check. Help-desk: Click here to Contact .",Aadhaar number. Proof of pregnancy or first childbirth. Any other document (if required).,State,"Social welfare & Empowerment, Health & Wellness",,"Maternal Health, Pregnancy, Nutrition Kit, Infant",,,,
Mukhyamantri Nirmaan Shramik Dirghayu Sahayata Yojana,mnsdsy,"Labor Department of Chhattisgarh State started this scheme ""Mukhyamantri Nirmaan Shramik Dirghayu Sahayata Yojana"" for Building and other construction worker on 11 January 2012. The main objective of the scheme to provides financial assistance medical treatment and medical equipment.","Accidental medical treatment: Registered workers will be eligible for a one-time payment of up to ₹20,000/- for medical treatment due to an accident. Additionally, they will be eligible for ₹1,000/- for a vision aid (glasses), ₹5,000/- for artificial teeth, and ₹6,000/- for a hearing aid. If a worker is hospitalized for more than 15 days, they will be eligible for reimbursement of wages for 15 days at the rate of the minimum wage declared for that period. Serious illness: Registered workers who have been registered for at least three years will be eligible for a one-time payment of up to ₹20,000/- if they suffer from a serious illness.",Applicant must be registered with labor board. Applicant age must be between 18 to 60 years.,"All the applicant have to visit the official website Chhattisgarh Labour Department. On the home page click on "" Apply "" under ""Chhattisgarh Building and Other Construction Workers Welfare Board"". Enter the following details Select Group Name : ""Bhavan Evan Koi Sannirmaan"" Select Service : ""Yojana"" What do you want to do : ""Aavedan"" Click next. Select your district name and provide old/new registration number and click next. Select the scheme name. Fill out the online with required details. Submit.",Labor registered Card. Hospital certificate. Bank passbook photocopies. Certificate attested by employer.,State,Health & Wellness,,"Health, Financial Assistance, Social Welfare",,,,
Mukhyamantri Swasthya Sahayata Yojana Jharkhand,mmssyj,"The ""Mukhyamantri Swasthya Sahayata Yojana"" was launched by the Department of Scheduled Tribe, Scheduled Caste, Minority and Backward Class Welfare, Government of Jharkhand, and aims to provide financial assistance for medical treatment to eligible beneficiaries. Through this scheme, monetary support is provided to alleviate financial burdens caused by illnesses, surgeries, or other medical needs.","The grant under the scheme will be given in the following manner: If the beneficiary is an adult, then in this case the grant under the scheme S.No Illness Criteria Grant Amount 1 Any kind of illness or surgery If the duration of treatment in the hospital/clinic is less than 7 days ₹3,000/- ﻿ ﻿ If the duration of treatment in the hospital/clinic is more than 7 days ₹5,000/- 2 COVID-19 If the patient is treated at home ₹5,000/- ﻿ ﻿ If the patient is treated in a hospital ₹10,000/- 3 Cancer ﻿ ₹25,000/- ﻿ If the beneficiary is a minor, then in this situation, the grant under the scheme S.No Illness Criteria Grant Amount 1 Any kind of illness or surgery If the duration of treatment in the hospital/clinic is less than 7 days ₹1,500/- ﻿ ﻿ If the duration of treatment in the hospital/clinic is more than 7 days ₹2,500/- 2 COVID-19 If the patient is treated at home ₹2,500/- ﻿ ﻿ If the patient is treated in a hospital ₹5,000/- 3 Cancer ﻿ ₹15,000/- ﻿ NOTE: Funds are directly transferred to beneficiaries' bank accounts via PFMS (Public Financial Management System).","The applicant must be a resident of Jharkhand. The applicant must belong to the Scheduled Tribe, Scheduled Caste, or Backward Class categories. The applicant must be suffering from the illness or surgery. Applicants already availing financial assistance from other government schemes are ineligible. The applicant must be a holder of one of the following ration cards: Priority Household Ration Card (PHH) Antyodaya Ration Card Green Card","Step 1: The interested applicant should visit (during office hours) the Block Office, District Welfare Office, or Project Director (ITDA) Office and request a hard copy of the prescribed format of the application form from the staff exclusively entrusted to issue and collect filled-in applications. Step 2: In the application form, fill in all the mandatory fields, and attach copies of all the mandatory documents (self-attest, if required). Step 3: Submit the duly filled and signed application form along with the documents to the Block Office, District Welfare Office, or Project Director (ITDA) Office. Step 4: Request a receipt or acknowledgment from the District Differently Abled Welfare Officer to whom the application has been submitted. Ensure that the receipt contains essential details such as the date and time of submission, and a unique identification number (if applicable).","Ration Card Copy (Priority Household, Antyodaya, or Green Card). Caste Certificate (Issued online). Birth Certificate (For age verification). Medical Certificate (Issued by a Chief Medical Officer or Civil Surgeon for illness or surgery). COVID-19 certification (if applicable). Aadhaar Card Copy. Bank Account Details (First-page photocopy of passbook).",State,Health & Wellness,,"Financial Assistance, Health, Rural, Scheduled Tribe, Scheduled Caste, Backward Class",,,"Scheduled Caste, Scheduled Tribe",
Nikshay Poshan Yojana,nikshay,"The NIKSHAY - TB Notification incentive for Private Sector scheme is a Government of India initiative to incentivize private sector healthcare providers for notifying tuberculosis (TB) cases to the government. The scheme was launched in 2018 and is implemented by the Ministry of Health and Family Welfare. ﻿ All notified TB patients are beneficiaries of the scheme. All TB patients notified on or after 1st April 2018 including all existing TB patients under treatment are eligible to receive incentives. The patient must be registered\notified on the NIKSHAY portal. ﻿ The NIKSHAY scheme is an important step towards improving TB notification rates in India. TB notification is critical for TB control and prevention efforts. It helps to ensure that TB patients are identified and treated promptly, and that their contacts are traced and screened for TB. ﻿",Financial incentive of Rs.500/- per month for each notified TB patient for duration for which the patient is on anti-TB treatment ﻿,"All patients with tuberculosis (TB) who are notified to the government on or after April 1, 2018, including those who are already being treated for TB, are eligible for financial incentives. To be eligible for the incentives, patients must be registered or notified on the NIKSHAY portal.","To register on the NIKSHAY portal, please follow these steps: Visit the NIKSHAY portal website. Click on the "" Register "" button. Enter your personal information, such as your name, email address, and phone number. Enter your healthcare facility information, such as the name and address of your facility. Create a password and confirm it. Click on the ""Register"" button. Once you have registered, you will receive an email with a verification link. Click on the link to verify your account. Once your account has been verified, you can log in to the portal and start notifying TB cases to the government. To notify a TB case, follow these steps: Click on the ""Notify TB Case"" button. Enter the patient's personal information, such as their name, date of birth, and address. Enter the patient's TB diagnosis information, such as the type of TB and the date of diagnosis. Enter the patient's treatment information, such as the start date of treatment and the type of treatment. Click on the ""Submit"" button. The government will then verify the information and process the incentive payment. Please note that all TB cases must be notified to the government through the NIKSHAY portal in order to be eligible for the incentive payment.","Patient's Aadhaar Details. Patient's Medical Report. Treatment details. Healthcare provider's information, such as the name and address of the facility. Healthcare provider's registration certificate.",Central,Health & Wellness,,"Tuberculosis, Health, Financial Assistance",,,,
Nikshay Poshan Yojana (Nutritional Support To TB Patients),npy,An incentive scheme under National Health Mission (NHM) by Central TB Division of MoHFW for Tuberculosis (TB) patients who are under treatment and have registered / notified themselves on the NIKSHAY portal. All TB patients notified on or after 1st April 2018 including all existing TB patients under treatment are eligible to receive incentives. The patient must be registered\notified on the NIKSHAY portal. The scheme is registered under Direct Benefit Transfer. The incentives can be distributed in Cash (only via DBT preferably through Aadhaar enabled bank accounts) or in-kind.,CASH or IN-KIND Financial incentive of ₹500/- per month for each notified TB patient for the duration for which the patient is on anti-TB treatment. In-kind where the total value of the food basket being distributed must not be less than ₹500 per month. ﻿ (It is the discretion of each state as to whether to provide the benefits in cash or in-kind),The applicant must be a Tuberculosis (TB) Patient. The applicant must be registered / notified on the NIKSHAY Portal.,Step 1: The patient must visit the nearest healthcare facility to get registered on the NIKSHAY portal: https://www.nikshay.in/,Bank Details of Self Bank Details of Parent / Guardian (in case the TB patient does not have a bank account) Aadhaar Number,Central,Health & Wellness,,"Patient, Health",,,,
Niramaya Health Insurance Scheme,nhis,"“Niramaya Health Insurance Scheme” was launched by the Department of Empowerment of Persons with Disabilities, Ministry of Social Justice & Empowerment. Government of India. The objective of the scheme is to provide affordable Health Insurance to persons with Autism, Cerebral Palsy, Mental Retardation and Multiple Disabilities. The scheme provides insurance coverage of up to ₹1,00,000/-, which must be renewed annually after the financial year.","Health insurance coverage: Up to ₹1,00,000/- for various expenses. Outpatient department (OPD) treatment: Covers medicines, pathology, diagnostic tests, etc. Regular medical checkups: For non-ailing individuals with disabilities. Dental care: Preventive dentistry services. Surgery: To prevent further disability worsening or for existing disabilities (including congenital). Non-surgical/hospitalization: Coverage for non-surgical treatments and related stays. Ongoing therapies: For managing disability and related complications. Alternative medicine: Coverage for alternative treatment options. Transportation costs: Reimbursement for transportation related to medical care.","All the disable person who have at least one of the disabilities under the National Trust Act, 1999 with valid disability certificate.","Enrolment process: Step 01: Parents/guardian of the PwD will visit the nearest Registered Organization (RO) for Niramaya enrolment with required documents. Step 02: RO will fill up the Niramaya application form online and upload the scanned documents as required after verification of the originals. Step 03: On successful enrolment and approval, Health ID No. /card will be issued to each beneficiary or can be downloaded by the beneficiary online or through RO. ﻿ Scheme Renewal process: Step 01: The parent/guardian of the beneficiary can renew the scheme with the required documents online by logging on to the Niramaya website through providing below details: Policy Period, Beneficiary ID, UDID No/Enrollment no, Date of birth. Step 02: RO to verify the validity of documents Step 03: Pay the application fees online. Step 04: After receipt of payment, the RO/beneficiary will be notified of the renewal for another year through the website. ﻿ Scheme Claim Process: All claims for settlement under Niramaya have to be submitted to the canters of the insurance provider in the prescribed Claim Form along with relevant vouchers / bills, etc. (preferably within 30 days of treatment) or discharge from hospital. Step 01: Beneficiaries need to download the claim form from https://www.rakshatpa.com/WebPortal under “Downloads” menu. Step 02: Submit the filled claim form along with complete supporting documents (medical bills, prescription, hospitalization report, discharge card etc.) and submit it to the regional centres of the insurance provider. Step 03: The insurance provider will verify the documents and transfer the approved claim to the given bank account as per Insurance Regulatory and Development Authority (IRDA) guidelines. Note: The Niramaya scheme is valid till March 31st of the financial year in which enrolment is undertaken. Beneficiaries are expected to renew the scheme three months prior to expiry to continue availing the scheme. In case of APL category (family income above Rs.15000 pm), the parent/guardian of the beneficiary can renew the scheme online by logging on to the Niramaya website.","Enrollment Process: For BPL (Enrolment Fee - ₹250/-) Disability certificate (Self attested) issued from the District Hospital or appropriate Government authority BPL card Address Proof Proof of payment. For APL (if family income up to ₹ 15,000/- Per Month) (Enrolment Fee - ₹250/-) Disability certificate issued from the District Hospital or appropriate Government authority (Self attested) Address Proof Proof of payment Income certificate of (Self attested) the parent/ guardian competent authority as issued by the State. For APL (if family income above ₹15,000/- Per Month) (Enrolment Fee - ₹550/-) Disability certificate (Self attested) issued by the competent authority as issued by the State Address Proof Proof of payment. For Renewal: For BPL: BPL card. Address Proof (in case of change of address). For APL (if family income up to ₹ 15,000/- Per Month) (Renewal Fee - ₹250/-) Address Proof (in case of change of address) Income certificate (self attested) of the parent/ guardian competent authority as issued by the State Proof of payment. For APL (if family income above ₹15,000/- Per Month) (Renewal Fee - ₹500/-) Proof of payment Address proof (in case of change of address). For Claim Process: Copy of Niramaya card or mention Health ID Card number. Self-attested copy of Disability Certificate. All original prescription papers given by the doctor. All original bills of Hospital / Medicine / Doctor fee / Therapy fee / Conveyance etc. All reports in original. Complete bank details of Beneficiary : Name of Account Holder. Account No. / Bank Name / Branch / (City & State). Bank account IFSC Code. ﻿",Central,"Social welfare & Empowerment, Health & Wellness",,"Person With Disability, Insurance, Financial Assistance, Autism, Cerebral Palsy, Mental Retardation",,,,
Niramaya Scheme,ns,"The Department of Health & Family Welfare Department, Government of Odisha introduced a scheme named "" NIRAMAYA "" - a free medicine distribution scheme. The aim of this scheme is to provide quality essential medicines for all kinds of diseases to patients visiting government health facilities at free of cost. The scheme was launched on 01.05.2015 with an assurance to provide 720 medicines listed in the Emergency Drugs List at all the Government run hospitals and medical colleges free of cost to the patients.  It started with  150 drugs in the list while the list has been updated to 570 numbers recently.   The government also announced to set up of 1102 drug distribution centers (DDCs) which will cover 1234 primary health centers (PHCs),  383 Community Health Centers (CHCs),  32 District Headquarters Hospitals (DHHs), 22 sub-divisional hospitals and 3 medical colleges. This scheme is managed by the Odisha State Medical Corporation Ltd. (OSMC). Key Features of the scheme: Healthcare Coverage: The scheme provides coverage for a wide range of health services, including preventive, diagnostic, and treatment services. It focuses on ensuring that people have access to essential medical care. Financial Support: It may include financial support for medical treatments, which helps reduce out-of-pocket expenses for individuals and families. Integrated Services: The scheme integrates various health services to offer a more holistic approach to health care. This might include primary health care, secondary and tertiary care, and sometimes even specialized treatments. Quality Improvement: Scheme aims to enhance the quality of health services by setting standards and improving the infrastructure of healthcare facilities. Public Awareness: The scheme often includes components for educating the public about health issues, preventive measures, and the available health services. Collaboration: It may involve collaboration with private healthcare providers, NGOs, and other stakeholders to broaden the reach and effectiveness of the scheme.","Cashless Medicinal Drugs: This scheme provides free medicines treatment to the beneficiaries of the scheme. This means that they can avail of medical drugs without having to pay any cash upfront. No Age Limit: The scheme has no age limit, and anyone can avail of the benefits of the scheme, including senior citizens. Easy Enrollment: The enrollment process for the scheme is simple and hassle-free, and anyone can enroll in the scheme by submitting the required documents. Increased Access: Ensures that more people have access to necessary health services. Reduced Financial Burden: Helps in alleviating the financial burden on families for medical treatments. Enhanced Health Outcomes: By improving the quality of care and ensuring timely treatment, the scheme contributes to better health outcomes.","Patients who have done registration in the Govt. Hospitals are eligible to get free medicines under ""Niramaya"". Beneficiaries must be residents of Odisha. ﻿","On registration, the beneficiary is required to log in on https://www.e-niramaya.odisha.gov.in/Login.aspx ﻿ ﻿ ﻿ After log in on portal, he can apply for the scheme. At any stage in case the beneficiary has forgotten the password, then click on https://www.e niramaya.odisha.gov.in/forgotpassword.aspx. ﻿ ﻿ ﻿ For Mobile Application, the beneficiary can download the .apk files in their handset by visiting https://www.e-niramaya.odisha.gov.in/Login.aspx ﻿",﻿,State,Health & Wellness,,"Free Medicines Distribution, Drug Distribution Counter, Health",,,,
Nirmaan Kamgar Mrtyu Va Divyangta Sahayta Yojana,nkmds,The Nirman Kamgar Mrtyu Va Divyangta Sahayata Yojana Uttar Pradesh is a crucial scheme launched by the Uttar Pradesh government for the welfare of registered construction workers in the state. It provides financial assistance to the families of construction workers in case of death or disability due to accident or illness.,"Death Benefits for register construction worker who die due to an accident: Total amount will be ₹5,25,000/-. To dependents of a registered construction worker who dies due to an accident : ₹5,00,000/-  as  approximately ₹ 9,395/- per month for 5 years (as per interest rate). For funeral expenses: ₹25,000/- lump sum. ﻿ Death Benefits for register construction worker who die due to natural causes: Total amount will be ₹2,25,000/-. To dependents of a registered construction worker who dies due to an accident : ₹2,00,000/-  as  approximately ₹ 8,736/- per month  for 2 years (as per interest rate). For funeral expenses: ₹25,000/- lump sum. ﻿ Death Benefits for register construction worker who die due at the work place: Total amount: ₹1,00,000/- lump sum. ﻿ Disability Benefits for register construction worker who suffer 100% permanent disability due to an accident or illness Total amount will be ₹4,00,000/-. Beneficiary will get approximately ₹ 9,172/- per month  for 4 years (as per interest rate). ﻿ Disability Benefits for registered construction workers with permanent disabilities between 50% and 99% due to accidents or illness. Total amount will be ₹3,00,000/-. Beneficiary will get approximately ₹ 8,953/- per month  for 3 years (as per interest rate). ﻿ Disability Benefits for registered construction workers with permanent disabilities between 26% and 49% due to accidents or illness. Total amount will be ₹2,00,000/-. Beneficiary will get approximately ₹ 8,736/- per month  for 2 years (as per interest rate).","Applicant/Beneficiary must  be registered with labor department. Only family member will able to get the death benefits: Depended parents. Spouse (Husband/Wife). Daughter. Son ( Only If below 21 years old) Death benefit will not be applicable in the case of suicide. Deaths due to murder, snakebite, lightning, childbirth and other natural calamities will be considered as normal deaths and benefits will be admissible accordingly. In death benefit claim of a construction worker, Aadhaar authentication of the dependent will be required if the dependent applies.","How to get register Applicant must visit the official web portal. ﻿ Provide the required details Enter Aadhaar Number. Choose Circle. Choose District. Mobile Number. Submit the registration request. ﻿ How to submit the application Applicant must visit the official web portal . Provide the required details Choose Circle. Choose Scheme name. Enter Registered Aadhaar Number. Enter Registered Mobile Number. Click on ""Open Application form"". Provide the required details in application form. Applicant/Worker details Child details Bank Account Details Submit the required documents Submit the application request.","Death certificate: A copy of the online death certificate. Bank account photocopy: A photocopy of the applicant's Aadhaar-linked bank account passbook. ID card photocopy : A photocopy of the applicant's Aadhaar card. Accident reports: Registered worker: For registered workers, both the Primary Information Report/Panchnama and the Post Mortem Report are required. Unregistered worker: If the deceased worker was unregistered, provide evidence of the accident, such as the Primary Information Report or a workplace accident report. Disability documentation: Certificate and report: In case of disability, submit a disability certificate and a First Information Report or medical certificate issued by the Chief Medical Officer. Self-declaration: All registered workers/applicants must submit a self-declaration confirming they haven't received benefits from similar state or central government schemes.",State,Health & Wellness,,"Financial Assistance, Social Welfare, Health & Wellness",,,,
Nirmaan Shramik Mrtyu Evan Divyaang Sahaayata Yojana,nsmedsy,"In 2020, Chhattisgarh State Government started the ""Nirmaan Shramik Mrtyu Evan Divyaang Sahaayata Yojana"" fBuilding and other construction workers. With this scheme, family will able to get the financials benefits after the death or disability of the construction worker.","﻿ Situation Financial Help On Normal Death ₹ 1,00,000/- Death on work location ₹ 5,00,000/- Permanent disability on work location ₹ 2,50,000/- ﻿","Construction workers between 18 to 60 years of age will be eligible. The construction worker should be registered as a beneficiary under Section 12 of the Building and Other Construction Workers (Regulation of Employment and Service Conditions) Act, 1996. Death caused by suicide or consumption of drugs, substances or by committing a crime or death caused by physical violence committed with intent in violation of law and death due to riots, assistance amount was not provided. The benefit of the scheme will be given only on the death of the registered worker and not on the death of the family member. Beneficiaries benefited under the Financial Assistance and Rehabilitation Assistance Scheme for construction workers suffering from silicosis run by the Board will not be eligible for this scheme, because a separate  scheme is run for them.","Application Process Step-1. Applicant have to visit the official labour website of Chhattisgarh State. Step-2. Click on apply now under the Building and other construction. Step-3. Now applicant have to provide the below detail. District, New registration number. And click on check the details Step-4. Now select the scheme name here. Step-5. Fill out the online form. Step-6. Upload required documents. Labor registration card. Daughter's Aadhaar card. Daughter's bank passbook photocopy. Age Certificate. Class 10 th marksheet. Step-7. Click on submit. Step-8. Note the application number. ﻿ Trace the Application Status Step-1. Applicant have to visit the official labour website of Chhattisgarh State. Step-2. Click on "" Check the application status "" ﻿ under the Unorganized worder board option. Step-3. Select the scheme name. Step-4. Enter the application number. Step-5. Click on search.","Registration certificate, Aadhar card, Bank passbook, Nominee's Aadhar card, Address proof, Mobile number, Death certificate and In case of permanent disability, permanent disability certificate issues by the doctor.",State,Health & Wellness,,"Financial Assistance, Disability Benefits, Death Benefits",,,,
Odisha State Treatment Fund,ostf,"The Department of Health and Family Welfare, Government of Odisha introduced a scheme named The "" Odisha State Treatment Fund"" scheme which aims to provide financial assistance to the poor patients who are suffering from life threatening disorders & diseases, for treatment of their major ailments. The fund is managed by an autonomous society known as “Odisha State Treatment Fund Society”. The Society is registered under the Societies Registration Act, 1860. The financial assistance will be released to the Medical Institutions in which treatment has been/is being given to the patients. The eligible patients will be provided assistance for treatment in specific life threatening diseases as mentioned at Annexure – D in the detailed guidelines .","OSTF will be a top up to RSBY. The patient will be covered under RSBY at the first assistance and where the amount of assistance required exceeds the limit of RSBY, the patient will be provided assistance under OSTF. Treatment cost so approved shall be within the upper limit of Rs.3.00 lakh (Rupees three lakh only). The sanction of District Head Quarters Hospitals shall be limited to Rs.30,000/- per case. Where the quantum of assistance exceeds Rs.30,000/- CDMO with the approval of the Collector-cum-District Magistrate concerned can sanction up to Rs.50,000/-. For assistance over and above Rs.3.00 lakh, approval of the Hon’ble Chief Minister, Odisha needs to be obtained.","It is applicable to persons below the poverty line, person with annual family income not exceeding Rs.40,000/- in rural area and Rs.60,000/- in urban areas. Either BPL card / AAY card or annual income certificate issued by concerned Tahasildar will be accepted for determining the eligibility. Rastriya Swasthya Bima Yojana (RSBY) card holder is also eligible under this scheme. An unknown accident victim, patients duly referred from registered destitute home / orphanage / mental asylum / Child care Institutions are also eligible for assistance under the scheme subject to citing sufficient reason thereof for recommending the patient under the scheme. Assistance will be available only to patients undergoing treatment as in-patient in any of the Govt./Empanelled private hospitals. However this will not restrict : Cancer patients from getting chemo in Govt. Day Care Centre without being formally admitted & Patients who have undergone kidney transplantation at Govt. Hospitals from getting post-operative care including supply of free medicines and investigation up to 6 months from the date discharge.","A. Procedure for seeking treatment assistance in Government Medical Colleges & Hospitals, Sishubhawan, Cuttack and AHRCC, Cuttack under “OSTF” The application in the prescribed format with all necessary documents attached to it shall be submitted by the applicant to the Nodal Officer of the concerned Department. The Nodal Officer will scrutinise the application and will forward the same to the HOD of the concerned Department. If the Committee approves the same, the treatment of the patient will be done free of cost at the hospital, strictly restricting to the amount sanctioned. The sanctioning power of the Committee shall be limited to Rs.1.00 lakh only. Where the quantum of assistance exceeds Rs.1.00 lakh, Screening Committee will immediately sanction assistance up to Rs.1.00 lakh and with the approval of the Revenue Divisional Commissioner concerned can sanction the rest of the amount up to a maximum of Rs.2.00 lakh. In case of treatment assistance required beyond Rs.2.00 lakh, the same shall be forwarded by the Screening Committee with their views to the Executive Committee of OSTFC for consideration and approval. A separate bank account in State Bank of India, nearer to the medical college shall be opened by medical college under the signature of Dean & Principal, Superintendent and DDO concerned. Amount can be withdrawn with signature of at least two of the account holders. B. Procedure for seeking treatment assistance at District Hospitals / Capital Hospitals / RGH Under “OSTF” The patient will submit the application form in the prescribed format with all necessary documents attached, to the Nodal Officer. If the Committee approves the same, the treatment of the patient will be done free of cost at the hospital, strictly restricted to the amount sanctioned. The sanctioning power of the Committee shall be limited to Rs.30,000/- only for District Headquarter Hospital and Rs.1.00 lakh for Capital Hospital and RGH. Where the quantum of assistance exceeds Rs.30,000/-, CDMO with the approval of the Collector-cum-District Magistrate concerned can sanction up to maximum limit of Rs.50,000/-. For CMO, Capital Hospital, BBSR and RGH, Rourkela, if the treatment cost exceeds Rs.1.00 lakh, the same will be referred to DMET, Odisha for approval. Director / CMO / CDMO will sanction the treatment cost for which they are empowered and ensure continuance of treatment of patient pending approval of designated authority for the sanction of balance required amount. A separate bank account in State Bank of India, nearer to the DHH / Capital Hospital / RGH will be opened with the signature of CDMO / CMO, ADMO (Medical) of DHH / DDO and one of the Specialists to operate the fund. Amount can be withdrawn with signature of at least two of the account holders. C. Procedure for seeking financial assistance For treatment at private & other hospitals under “OSTF” The eligible patients will not be admitted into empanelled private hospitals as a case of first entry. They must be referred from Govt. Medical College or by the CDMOs / CMOs as have been authorised by Govt. (Subject to modification from time to time)-Annexure- F. In emergency case (cardiac arrest, road accident etc.) patient will get himself admitted to the empanelled private hospital without being referred. However, the authority of private hospital will intimate such admission to DMET within 24 hours. On being satisfied that the patient was suffering from disease requiring immediate treatment, DMET will approve covering such patient under OSTF fold. The Private Hospitals on admission of the patients will provide the required treatment and claim the treatment cost from DMET, Odisha after discharge of the patient. Funds will be released in favour of Private Hospitals towards the treatment of eligible patients as per CGHS rate applicable to the city where the hospital is located or the actual cost of treatment whichever is less.",Aadhar Card. Voter Card. BPL card. Antyodaya Anna Yojana (AAY) ration card. Rastriya Swasthya Bima Yojana (RSBY) card. Annual family income certificate issued by concerned Tahasildar. Any other document desired by the department and mentioned on the website: https://health.odisha.gov.in/citizen-e-services/odisha-state-treatment-fund-ostf ﻿,State,"Health & Wellness, Banking,Financial Services and Insurance",,"Financial Assistance, Patients, Life Threatening Disorders & Diseases",,,,
Old Age Homes - Tamil Nadu,oahtn,"The ""Old Age Homes"" was launched by the Social Welfare and Women Empowerment Department, Government of Tamil Nadu. This scheme provides food, shelter, medical care, and recreational facilities to destitute senior citizens of age 60 years and above. The applications are accepted offline in the prescribed form available at the District Social Welfare Office.","NGO: The State Government is providing ₹5,60,000/- as grant-in-aid per home for a capacity of 40 inmates. The institutions are required to contribute ₹1,12,000/- as their share."" ﻿ Senior Citizens: Food, Shelter, Medical care, and Recreation facilities. ﻿","The NGOs should be registered under the Societies Act / Trust Act / Company Act etc. The NGOs should be running as Old Age Homes for Senior Citizens. The NGOs must have registered under Tamil Nadu Maintenance and Welfare of Parents and Senior Citizens Rules, 2009.","Step 1 : The NGOs should gather copies of the necessary documents (self-attested if required) to apply for the concerned scheme. Step 2: The NGOs should visit the nearest Common Service Center (CSC) and complete the Biometric Verification Process. Step 3: In the NGO's form, fill in all mandatory fields and upload copies of all mandatory documents. Step 4: Request a receipt or acknowledgment from the CSC. Ensure the receipt contains essential details such as the date and time of submission, and a unique identification number (if applicable).","NGO Registration Certificate (under Societies Act / Trust Act / Company Act). NGO Maintenance Certificate (under Tamil Nadu Maintenance and Welfare of Parents and Senior Citizens Rules, 2009). Any Other Document If Required.",State,"Social welfare & Empowerment, Health & Wellness, Housing & Shelter, Women and Child",,"Senior Citizens, Shelter, Food, NGO",,,,Tamil Nadu
PM POSHAN - Prime Minister's Overarching Scheme For Holistic Nourishment,pm-poshan,"PM POSHAN is a centrally sponsored scheme by the Department of School Education & Literacy, Ministry of Education. Under this scheme, one hot cooked meal will be provided to the children studying in Government and Government – aided schools. The Scheme is implemented across the country covering all the eligible children without any discrimination of gender and social class. ﻿ The main objectives of the PM POSHAN Abhiyaan are to address two of the pressing problems for the majority of children in India, viz. hunger and education by improving the nutritional status of eligible children in Government and Government-aided schools as well as encouraging poor children, belonging to disadvantaged sections, to attend school more regularly and help them concentrate on classroom activities. ﻿ POSHAN Abhiyaan is one of the many schemes under the umbrella scheme ""Integrated Child Development Services Scheme (ICDS)"". ICDS also includes Anganwadi Services Scheme, Pradhan Mantri Matru Vandana Yojana, and Scheme for Adolescent Girls.","Nutrition norm per child per day: Primary: Calorie – 450; Protein - 12 gms Upper Primary: Calorie – 700; Protein - 20 gms ﻿ Food norms per child per day: Primary: Food grains - 100 gms; Pulses - 20 gms; Vegetables - 50 gms; Oil & fat - 5 gms, Salt & condiments - As per need. Upper Primary: Food grains - 150 gms; Pulses - 30 gms; Vegetables - 75 gms; Oil & fat – 7.5 gms, Salt & condiments - As per need. ﻿ Under the Scheme, there is the provision of hot cooked meals to children of pre-schools or Bal Vatika (before class I) in primary schools also in addition to the 11.80 crore children of classes I to VIII studying in 11.20 lakh schools.",The applicant must be a citizen of India. The applicant must be studying in a Primary or Upper Primary class (Class 1st to Class 8th) in a Government or a Government-aided school.,There is no application process for this scheme. PM POSHAN is equally applicable to all children who are studying in Government and Government – aided schools.,,Central,"Health & Wellness, Social welfare & Empowerment",,"School, Children, Health",,,,
PURNA Scheme,psg,"The ""PURNA Scheme"" launched by the Women and Child Development Department, Gujarat, is a comprehensive initiative designed for adolescent girls aged 15-18 in Gujarat. It focuses on improving their nutritional status, health, and life skills while empowering them through education, vocational training, and exposure to public services. With no income limitations, the scheme ensures inclusivity by offering nutritional supplements, health check-ups, and life-skill training to all adolescent girls registered at Anganwadi centres. The scheme also promotes awareness of legal rights, self-competency, and social skills through engaging activities and field visits. ﻿ ﻿ ﻿","Nutritional Support: S upplementary nutrition (PURNA Shakti) 4 packets (1kg/packet) on 4th Tuesday of every month which contains 9 micronutrients. Health Enhancement: Distribution of IFA tablets every Wednesday at schools and AWCs, along with health check-ups and referral services, is conducted in convergence with the Health Department. Educational Encouragement: Support out of school adolescent girls for school re-enrollment and vocational training. Life Skill Development: Knowledge of nutrition, health, and legal rights. Public Exposure : Visit at public places (Primary health centre, Bank, Post office and any government offices etc.) for their self-empowerment). Awareness Programs: Celebration of PURNA divas at Anganwadi centres on the 4th Tuesday of every month where various theme based activities are carried out based on health, nutrition and self -development of adolescent girls. Empowerment Kits: Distribution of PURNA kit at Anganwadi centres for awareness about nutrition, health and empowerment among adolescent girls.",The applicant must be a girl. The applicant must be aged between 15-18 years. Applicant must be enrolled at an Anganwadi center in Gujarat. ﻿,Step 1: Visit the nearest Anganwadi centres. Step 2: Submit age proof and enrollment details. Step 3: Register for the scheme with the assistance of the Anganwadi worker. Helpdesk: Contact Details. ﻿,Age proof document (15-18 years). Address proof. Any other documents (if required).,State,"Health & Wellness, Women and Child, Education & Learning",,"Adolescent Girls, Nutrition, Vocational Training, Child Health, Malnutrition, Early Education",,,,
Payment of Death Benefit ( HPBOCWWB),podbhpbocwwb,"The ""Payment of Death Benefit"" scheme, introduced by the Himachal Pradesh Building and Other Construction Workers Welfare Board (HPBOCWWB) under the Government of Himachal Pradesh, provides ₹4,00,000 (four lakhs) to the nominees or dependents of a registered member in the event of accidental death, and ₹2,00,000 (two lakhs) in case of natural death.","₹4,00,000 in the event of accidental death. ₹2,00,000 in the event of natural death.","The applicant should be a nominee/legal heir of the deceased worker. The deceased worker should have been registered with the ""Himachal Pradesh Building and Other Construction Workers Welfare Board"". The membership of the deceased worker with the Welfare Board must be active.","Scheme Application Process: Step 1: The applicant must visit the official website of the Himachal Pradesh Building and Other Construction Workers Welfare Board. Step 2: Click on the option ""Apply for Benefits."" Step 3: Enter your beneficiary details and date of birth, then click ""Search"" to view your information. Step 4: Select the scheme you wish to apply for to avail of the benefits. Step 5: Enter all required information and upload the necessary documents. Step 6: Click on ""Submit Application"" to complete the process. ﻿ Application Tracking: Applicants can track their application status online through the official website of the Himachal Pradesh Building and Other Construction Workers Welfare Board. Relevant updates will be sent to the registered mobile number. ﻿","Identity proof i.e. Aadhaar Card, Voter Card Passport-size photograph Undertaking A copy Work Slip Proof of residence Ration Card Bank account details/copy of bank passbook Caste Certificate Age proof Labour Card Death Certificate Identity proof of the nominee/legal heir Any other documents as required ﻿",State,"Social welfare & Empowerment, Health & Wellness",,"Construction, Building, Death, Labour, Financial Assistance",,,,
Pension Scheme for Cancer Patients,pscp,"The scheme “Pension Scheme for Cancer Patients"" was launched by the Directorate of Social Welfare and Social Education, Government of Tripura. The scheme aims to provide a monthly pension of ₹2,000/- to persons suffering from cancer.","₹2,000/- per month.","The applicant should be a resident of Tripura. The income of the applicant should not exceed ₹1,50,000/- per annum. No member of the family (father, mother, son(s), or unmarried daughter(s)) of the applicant should be in government service. The applicant should be suffering from cancer.","Applications would be invited in the prescribed form by giving wide publicity through print and electronic media. Step 01: The applicant should take print of the prescribed format of the application form. Step 02: In the application form, fill in all the mandatory fields, paste the passport-sized photograph (signed across, if required), and attach copies of all the mandatory documents (self-attest, if required). Step 03: Application should be submitted to the Office of the Child Development Project Officer (CDPO) of the concerned area. Step 04: Request a receipt or acknowledgement from the concerned authority to whom the application has been submitted. Ensure that the receipt contains essential details such as the date and time of submission, and a unique identification number (if applicable). ﻿ ﻿  ﻿","Passport-size Photograph. Bank Passbook. Aadhaar Card. Income Certificate (issued by the DCM/ Sub Divisional Magistrate). Certificate From a Gazetted Government Officer That No Person in His/her Family is a Government Servant. Medical Certificate from Regional Cancer Center, Agartala, or a Govt. Hospital or Any Recognized Hospital. Proof of Residence (Ration Card, Permanent Resident of Tripura Certificate (PRTC), Voter ID, Driving License, or Passport).",State,"Health & Wellness, Social welfare & Empowerment",,"Cancer, Patient, Pension, Medical, Financial Assistance",150000.0,,,
Pension Scheme for Grade II Deformed Leprosy Patients,psfgdlp,"Launched on 1st August 2015, the scheme ""Pension Scheme for Grade II Deformed Leprosy Patients"" is a Pension Scheme by the Directorate of Social Welfare and Social Education, Government of Tripura. The scheme provides financial assistance of ₹2,000/- per month to Leprosy Patients who are residents of Tripura. The applications are accepted offline. ﻿ ﻿ ﻿","Pension of ₹2,000/- per month.",The applicant should be a resident of Tripura. The applicant should be affected with Leprosy Grade II.,"The applications would be invited from the eligible candidates by giving wide publicity through print media and electronic media. Step 1: The interested applicant should visit (during office hours) the Office of the Child Development Project Officer (CDPO)/ Gram Panchayat (GP)/ Village Committee (VC)/ Nagar Panchayat (NP)/AMC of the concerned area ﻿ and request a hard copy of the prescribed format of the application form from the staff exclusively entrusted to issue and collect filled-in applications. OR The interested applicant should take print of the prescribed format  ﻿ of the application form. Step 2: In the application form, fill in all the mandatory fields, paste the passport-sized photograph (signed across, if required), and attach copies of all the mandatory documents (self-attest, if required). Step 3: Submit the duly filled and signed application form along with the documents to the concerned authority. Step 4: Request a receipt or acknowledgement from the concerned authority to whom the application has been submitted. Ensure that the receipt contains essential details such as the date and time of submission, and a unique identification number (if applicable).","Aadhaar Card. Income Certificate, issued by the local DCM/SDM (not applicable for BPL Family). Passport-size Photograph. Bank Passbook. Ration Card. Address Proof. Age Proof. Voter ID. Permanent Resident of Tripura Certificate (PRTC). Medical Certificate",State,"Health & Wellness, Social welfare & Empowerment",,"Leprosy, Patients, Pension, Financial Assistance",,,,
Poshan Sudha,psgg,"The ""Poshan Sudha"" scheme launched by the Women and Child Development Department, Gujarat, aimed at providing nutritional support to pregnant and lactating mothers in Gujarat’s tribal districts. This initiative provides registered mothers with one nutritious meal daily, iron and calcium supplements, and health education to improve maternal and child health outcomes.",Nutritional Support: Provision of one full nutritious meal daily for pregnant and lactating mothers. Supply of iron and calcium supplements to address nutritional deficiencies. Health Education: Awareness sessions on health and nutrition for better maternal and child care.,The applicant must be a resident of Gujarat. The applicant must be a pregnant or lactating woman residing in one of the tribal districts of Gujarat. The applicant must be registered in a local Anganwadi center.,Step 1: Visit the nearest Anganwadi center. Step 2: Register yourself with the Anganwadi center. Step 3: Provide the required documents. Step 4: Avail of the benefits during scheduled distribution days.,"Proof of identity (e.g., Aadhaar Card). Proof of residence. Medical certificate of being pregnant. Any other document (if required). ﻿",State,"Health & Wellness, Women and Child",,"Pregnant Women, Child, Nutritional Support",,,,
Pradhan Mantri Bhartiya Janaushadhi Pariyojana,pmbjp,"The scheme ""Pradhan Mantri Bhartiya Janaushadhi Pariyojana (PMBJP)"" was launched by the Department of Pharmaceuticals, Ministry of Chemicals & Fertilizers, in November 2008. The branded (Generic) medicines are sold at significantly higher prices than their un-branded generic equivalents, though are identical in therapeutic value. Given the widespread poverty across the country, making available reasonably priced quality generic medicines in the market would benefit everyone. Objectives: To make quality generic medicines available at affordable prices to all, Pradhan Mantri Bhartiya Janaushadhi Pariyojana (PMBJP) was launched by the Department of Pharmaceuticals, Ministry of Chemicals & Fertilizers, Government of India in November 2008. Under the scheme, dedicated outlets known as Janaushadhi Kendras are opened to provide generic medicines at affordable prices. As of 30.11.2023, 10,000 Janaushadhi Kendras are functional nationwide. The product basket of PMBJP comprises 1965 drugs and 293 surgical items. The scheme is implemented by a society registered under the Societies Registration Act, viz., Pharma & Medical Bureau of India (PMBI), [erstwhile Bureau of Pharma PSUs of India (BPPI)]. Ensure access to quality medicines for all sections of the population, especially the poor and the deprived ones. Create awareness about generic medicines through education and publicity to counter the perception that quality is synonymous with high prices only. Generate employment by engaging individual entrepreneurs in the opening of the PMBJP Kendra.","The scheme is operated by government agencies as well as by private entrepreneurs. 1. Normal Incentive: The incentive provided to the Kendra owners has been enhanced from the existing ₹ 2,50,000/- to up to ₹ 5,00,000/- to be given @ 15% of monthly purchases made, subject to a ceiling of ₹ 15,000/- per month. 2. Special Incentive: A one-time incentive of ₹ 2,00,000/- (in addition to normal incentives) is to be provided for furniture & fixtures and computers & printers to the PMBJP Kendras opened in the North-Eastern States, Himalayan areas, Island territories, and backward areas mentioned as an aspirational district by NITI Aayog or opened by women entrepreneurs, Divyang, SCs& STs. 3. The prices of Janaushadhi medicines are 50%–90% less than those of branded medicines in the open market. 4. Medicines are procured only from World Health Organization-Good Manufacturing Practices (WHO-GMP)-certified suppliers to ensure the quality of the products. 5. Each batch of the drug is tested at laboratories accredited by the ‘National Accreditation Board for Testing and Calibration Laboratories (NABL) to ensure the best quality. 6. The operating agency will be provided a 20% margin on the MRP (excluding taxes) of each drug. ﻿ Janaushadhi Suvidha Sanitary Napkin As an important step in ensuring the health security for Indian women, Janaushadhi Suvidha Oxo-biodegradable Sanitary Napkins were launched on 27.08.2019 to be made available at Re.1/- per pad only. Janaushadhi Suvidha Napkins are being made available for sale in more than 10,000 PMBJP Kendras across the country. The cumulative sales of Suvidha Napkins as on 30.11.2023 is 47.87 crores.","Individual applicants must have a D. Pharma/B. Pharma degree, or he/she has to employ D. Pharma/B. Pharma degree holders and produce proof of the same at the time of submitting applications or at the time of final approval. Any organization or NGO applying for a PMBJK will have to employ B. Pharma / D. Pharma degree holders and produce proof of the same at the time of submitting applications or at the time of final approval. In government hospital premises, including medical colleges, the preferred agencies would be reputed NGOs/Charitable organizations, but individuals would also be eligible.","Step 1: Visit the official website on : http://janaushadhi.gov.in/index.aspx . Step 2: Click on the ‘ APPLY FOR KENDRA ’ Tab. Step 3: Click on the ‘ CLICK HERE TO APPLY ’ Tab. Step 4: Click on the tab ‘ REGISTER NOW ” and fill in the applicant’s details with a unique Mobile number & Email ID. Step 5: After successful registration, the applicant will get an email containing a unique ‘USER ID & PASSWORD’ for Portal login Step 6:  Log in with your USER ID and PASSWORD received or created through the registered email ID Step 7: The application processing fee amount must be deposited only in the ﻿ PMBI's virtual account . ﻿ Step 8: Fill out the application form carefully. (Basic information with details of application processing fee of Rs. 5,000/- under Govt. Category) & (Proposed Kendra Details) and other relevant details. Step 9: Upload the documents e.g., PACS ID, Certificate of Incorporation, PAN Card, Aadhaar Card, Bank Statement for 6 months, etc. Step 10: Each document must be uploaded under a size of 200KB in PDF/JPEG/PNG/JPG format only. Step 11: Review the filled-out application & click on the final Submit button. Note: After completing the above steps, the application form has been submitted successfully and confirmation will be shared on the registered email ID of the applicant. The applicant can also check their application status online at any time by login into the same portal or can call us on the helpline number 18001808080.","Common Documents: Own space or hired space (minimum 120 sq feet) duly supported by ownership, a proper lease agreement, or a space allotment letter. Proof of securing a pharmacist with name, Registration with the State Council, etc. (or it can be submitted at the time of final approval of JAS) Financial capacity to run the Store supported by valid documents or affidavits for having good financial condition and being ready to invest to run Jan Aushadhi Store smoothly as per requirements. Sale License from Competent Authority (Retail Drug License in the name of the applicant and/or TIN Number) A drug license in the name of “Pradhan Mantri Janaushadhi Kendra”. ﻿ Special Incentive: Individual 1. Aadhaar Card 2. Pan card 3. Certificate of SC/ST or Divyang (PWD). 4. Pharmacist Registration Certification 5. ITR for the last two years. 6. Bank statement for the last 6 months. 7. Declaration for GST registration once the threshold limit is achieved. 8. Undertaking (whichever is applicable): Woman Entrepreneur Aspirational District (Identified BY NITI AAYOG) Himalayan/Island Territories/North-Eastern States Divyaang/ SC/ST 9. Undertaking a distance policy as per guidelines. ﻿ Normal Incentive: Individual 1. Aadhaar Card 2. Pan card 3. General category 4. Pharmacist Registration Certification 5. ITR for the last two years. 6. Bank statement for the last 6 months. 7. Declaration for GST registration once the threshold limit is achieved. 9. Undertaking of distance policy as per guideline. ﻿ Normal Incentive: Institutions/ NGO/Charitable Institute/ Hospital etc. 1. Darpan ID (Only for NGO) if others please provide supporting documents. 2. Pan card 3. Registration certificate 4. Pharmacist Registration Certification 5. ITR for the last two years. 6. Bank statement for the last 6 months. 7. Declaration for GST registration once the threshold limit is achieved. 9. Undertaking of distance policy as per guideline. ﻿ Normal Incentive: Government/ Govt Nominated Agency 1. Details of the Department that has allocated the space, along with supporting documents/ sanction order. 2. Pan card 3. Govt. nominated agency provides supporting documents. 4. Pharmacist Registration Certification 5. ITR for the last two years, if the nominated operating agency is a Pvt. Entity. 6. Bank statement for the last 6 months, if the nominated operating agency is a Pvt. Entity. 7. Declaration for GST registration once the threshold limit is achieved. 9. Undertaking of distance policy as per guideline.",Central,"Business & Entrepreneurship, Health & Wellness, Skills & Employment, Social welfare & Empowerment",,"Medicine, Pharmaceutical, Healthcare, Entrepreneur, Janaushadhi, Generic Drugs",,,,
Pradhan Mantri Garib Kalyan Package : Insurance Scheme For Health Workers Fighting COVID-19,pmgkp,"The Pradhan Mantri Garib Kalyan Package: Insurance Scheme for Health Workers Fighting COVID-19 by the Ministry of Health and Family Welfare, Government of India, aims to provide financial protection to health workers combating the COVID-19 pandemic. Under this scheme, an insurance cover of ₹50,00,000/- is provided to healthcare professionals, including doctors, nurses, and other frontline workers. The scheme is implemented by the Department of Health and Family Welfare. ﻿ This accident insurance scheme covers: Loss of life due to COVID-19, and Accidental death on account of COVID-19-related duty. ﻿ Beneficiary  Public healthcare providers including community health workers, who may have to be indirect contact and care of COVID-19 patients and who may be at risk of being impacted by this. Private hospital staff and retired /volunteer /local urban bodies/ contracted /daily wage /ad hoc/outsourced staff requisitioned by States/ Central hospitals/ autonomous hospitals of Central/ States/UTs, AIIMS and INIs/hospitals of Central Ministries can also be drafted for COVID-19-related responsibilities.","An insurance cover of ₹50,00,000/- will be provided in case of death or permanent disability due to COVID-19. ﻿","The applicant must be a healthcare worker, including doctors, nurses, paramedics, and support staff, who is directly involved in COVID-19 duties. The applicant should be a citizen of India. The applicant should have registered under a government health program and be working in a COVID-19-designated hospital or care facility.","Whom to contact in case of any claim? The institution/department the insured person was working for has to be informed. The insurance company must be intimated via email id ""nia.312000@newindia.co.in"" ﻿ Process of claim submission The claimant needs to fill up the claim form along with the necessary documents as prescribed and submit the same to the Healthcare Institution/organization/office where the deceased was an employee of/engaged by the institution. The respective institution will give the necessary certification and forward it to the competent authority. The competent authority will forward and submit a claim to the insurance company for approval.","In case of Accidental loss of life on account of COVID-19 related duty following documents are required: Claim form duly filled and signed by the nominee/claimant. Identity proof of Deceased (Certified copy) Identity proof of the Claimant (Certified copy) Proof of relationship between the Deceased and the Claimant (Certified copy) Death summary by the Hospital where death occurred (in case death occurred in hospital)(Certified copy). Death Certificate (in Original) Post-mortem Report (Certified copy) Cancelled Cheque (desirable) (in Original) FIR (Certified copy) Certificate by the Healthcare Institution/ organization/ office that the deceased was an employee of /engaged by the institution and had an accidental loss of life on account of COVID-19 related duty. ﻿ In case of Loss of life due to COVID-19 following documents are required Claim form duly filled and signed by the nominee/claimant. Identity proof of Deceased (Certified copy) Identity proof of the Claimant (Certified copy) Proof of relationship between the Deceased and the Claimant (Certified copy) Laboratory Report certifying having tested Positive for COVID-19 (in Original or Certified copy) Death summary by the Hospital where death occurred (in case death occurred in hospital) (Certified copy). Death Certificate (in Original) Certificate by the Healthcare Institution/ organization/ office that the deceased was an employee of /engaged by the institution and was deployed/drafted for care and may have come in direct contact of the COVID-19 patient. For community health care workers, the Certificate should be from Medical Officer of Primary Health Centre (PHC) that ASHA/ASHA Facilitator was drafted for work related to COVID-19. ﻿ Certificate Details Those employees (Regular/Adhoc/Contractual/Daily Wagers/retired Government Officials/ Private individuals) engaged by Health care facilities of Central/State/UT Governments/ Urban Local Bodies Autonomous / PSU hospitals of Central/State / UT Government, AIIMSs, INIs and Hospitals of Central Ministries. Certificate of employment/engagement by the Head of Institution/ organization/office indicating that the Deceased was an employee of/engaged by the Institution. Certify and submit proof that the deceased had accidental loss of life on account of COVID-19 related duty. ﻿ Private healthcare Institution Certificate of Employment by the Director / Medical Superintendent / Head of the Institution. Certify and submit proof that the deceased had accidental loss of life on account of COVID-19 related duty. ﻿ Private person engaged by the Health Care Institutions / Organizations (both public and private) through an Agency Certified copy of the document indicating that the services of the Agency were engaged by the Institution / Organization. Proof of engaging the services of individual by the Agency. Certify and submit proof that the deceased had accidental loss of life on account of COVID-19 related duty. ﻿ Community Health Workers (ASHAs and ASHA Facilitators) Certificate of engagement as ASHA/ASHA Facilitator provided by the Medical Officer of Primary Health Centre (PHC). Certificate by Medical Officer of Primary Health Centre (PHC) that ASHA/ASHA Facilitator had accidental loss of life on account of COVID-19 related duty. ﻿ Volunteers drafted for COVID 19 related responsibilities by the Government officials authorized by the State/UT Government Proof of engaging the services of individual by the Government officials authorized by the State/UT Government. Certify and submit proof that the deceased had accidental loss of life on account of COVID-19 related duty.",Central,Health & Wellness,,"Life Insurance, Health Workers, COVID-19",,,,
Pradhan Mantri Matru Vandana Yojana,pmmvy,"The Pradhan Mantri Matru Vandana Yojana (PMMVY) is a Centrally Sponsored flagship scheme by the Ministry of Women and Child Development, Government of India, designed to support pregnant women and lactating mothers. The scheme is to provide maternity benefits to women belonging to socially and economically disadvantaged sections of society. The maternity benefit is to be provided to a woman for the first two living children provided the second child is a girl. For the first child the maternity benefit of ₹5,000/- is provided in two instalments under PMMVY and the beneficiary is also entitled to receive the cash incentive as per approved norms towards Maternity Benefit under Janani Suraksha Yojana (JSY) after institutional delivery so that on an average, a women gets ₹6,000/-. For the second child, the benefit of ₹6,000/- is to be provided subject to second child is a girl child, in one installment after the birth. Cases of miscarriage/still births are to be treated as fresh cases for providing maternity benefit under the scheme. Further, as per the new guidelines for ' Mission Shakti ’, applicable with effect from 01.04.2022, the scheme (PMMVY 2.0) seeks to promote positive behavioral change towards girl child by providing additional cash incentive for the second child, if that is a girl child. Thus, for the second child, the benefit of ₹6,000/- is to be provided in one instalment post birth. This would contribute towards improving Sex Ratio at Birth by discouraging female feticide. Also, in case of miscarriage/stillbirth, the beneficiary will be treated as a fresh beneficiary in the event of any future pregnancy.","The cash incentives is provided in two instalments for the first child as per the schedule provided in table below: Scheme Condition for First Child Instalment Conditions Amount (in Rs.) First Instalment On registration of pregnancy and at least one Antenatal checkup within six months from last menstrual period date at the Anganwadi Centre or approved Health facilities may be identified by the respective administering State/UT. 3,000/- Second Instalment Childbirth is registered. The child has received all due vaccines till the age of 14 weeks as admissible under the Universal Immunization Programme of Ministry of Health and Family Welfare. 2,000/- Scheme Condition for Second Child (if it is a girl child) Single Instalment On registration of pregnancy and at least one Ante-Natal Check-up (ANC) within six months from LMP at the Anganwadi Centre (AWC) approved Health facilities may be identified by the respective administering State/UT. The girl child birth shall be registered under this Scheme. The girl child has received all due vaccines till the girl child attains age of fourteen weeks from the date of birth as admissible under the Universal Immunization Programme of Ministry of Health and Family Welfare. 6,000/- In case of miscarriage/still birth, the beneficiary would be treated as fresh beneficiary in event of any future pregnancy.","The applicant should be of at least 19 years old and a pregnant women. The applicant should be employed and experiencing wage-loss due to the pregnancy. The scheme is applicable only for the first live birth. Eligible beneficiary can apply for the benefit under PMMVY scheme within 270 days from the child birth. If a beneficiary delivers twins/ triplets/ quadruplets in her second pregnancy, with one or more children being girl, she will receive incentive for second girl child as per the PMMVY 2.0 norms. Criteria for determining socially and economically disadvantaged sections of society are the following: Women belonging to scheduled castes and scheduled tribes Women who are partially (40%) or fully disabled (Divyang Jan) Women holder of BPL Ration Card Women Beneficiaries under Pradhan Mantri Jan Aarogya Yojana (PMJAY) under Ayushman Bharat. Women holding e-Shram card Women farmers who are beneficiaries under Kisan Samman Nidhi Women holding MGNREGA Job Card Women whose net family income is less than Rs. 8 Lakh per annum Pregnant and Lactating AWWs/ AWHs/ ASHAs Women holding Ration Card under NFSA Act 2013. Any other category as may be prescribed by the Central Government","Citizen visit the official website of the Ministry and click on the Citizen login tab. Enter mobile number and verify. Then enter details like Full Name, State, District, Area, Block, Village and relationship with beneficiary. Then click create account button. Once account is created. Click on Login tab on main homepage of the website. Now, enter the User ID, Password and Captcha code. Then apply for the scheme. After successful login, click on the ""Data Entry"" tab and choose the option ""Beneficiary Registration"". Now, enter all the detailed personal details on the Beneficiary registration page. Choose suitable option under the Scheme applying for First Child OR Second Child. Once all the form details are completed. Click Submit Button.","Beneficiaries need documents such as:- Aadhaar card, Aadhaar mapped bank/post office, Bank account details, Eligibility proof, MCP/RCHI card, LMP date, ANC date, Child birth certificate, Child immunization details etc. Mentioned below a list of documents which required to upload at the time of registration (any one of these):- Women whose net family income is less than ₹ 8 Lakh per annum. Women holding MGNREGA Job Card. Women farmers who are beneficiaries under Kisan Samman Nidhi. Women holding e-Shram card. Women Beneficiaries under Pradhan Mantri Jan Aarogya Yojana (PMJAY) under Ayushman Bharat. Women holder of BPL ration Card. Women who are partially (40%) or fully disabled (Divyang Jan). SC Women. ST Women. Pregnant and Lactating AWWS/ AWHS/ASHAS. Women Beneficiaries holding Ration card under National Food Security Act (NFSA), 2013. All the mandatory provisions like Aadhaar, Aadhaar based payment etc. will be checked at the time of registration for smooth and efficient process. Mobile number has been made mandatory for providing information regarding the status of application and disbursement of fund. Mobile App has been introduced for registration under Pradhan Mantri Matru Vandana Yojana (PMMVY).",Central,"Health & Wellness, Social welfare & Empowerment, Utility & Sanitation, Women and Child",,"Maternity Benefit Programme, Financial Assistance, Pregnant Women, Cash Incentive, Good Nutrition",,,,
RMEWF-Financial Assistance For Medical Treatment Of Ex-Servicemen,rmewf,"A scheme to provide financial assistance to a non-pensioner Ex-Servicemen/widows of ranks up to Havildar/equivalent to meet routine medical expenses. ﻿ With ever increasing costs of health care, it becomes extremely difficult for non-pensioner ESM to combat diseases especially in old age. At such age, medical expenses push such ESM into a state of poverty and loss of dignity. The scheme to provide financial assistance to non-pensioners, who are without any other sources of income and in state of penury, ﻿ Treatment of Serious Diseases The expenditure incurred on treatment of various serious ailments is covered under a separate scheme","A Financial assistance up to a maximum of Rs.30,000/- per year per eligible Ex-Servicemen/widow is provided in a financial year. ﻿",The following criteria must be fulfilled:- ﻿ Applicant must be a non-pensioner ESM or his widow. Should be of rank Havildar/equivalent and below. Should be recommended by respective Zila Sainik Board (ZSB). Expenditure must be incurred at recognized government hospitals at rates approved under CGHS/ ECHS.,"Eligible Ex-servicemen / their widows can visit the official website of Kendriya Sainik Board Secretariat https://ksb.gov.in/ ﻿ Click on “Register” which is available on the homepage of the portal. Now, the registration form will be displayed, fill the form with necessary details. Upload the Photo Save the application by clicking on the “Save” button and the saved details and password will be forwarded to the registered mail id. Click the activation link which is sent to the mail id to login into the KSB portal. Provide user name, password and verification code and click on the “Login “ button. Select the scheme name and start filling the new application form by entering the required details. Copies of the supporting documents duly attested by the respective Zila Sainik Welfare Officer (ZSWO) must be uploaded with the online application. Once the online application is submitted, ZSWO will scrutinize the online applications and give appointment to the applicant for verification, After successful verification, ZWSO will recommend the online application and forward the harp copy as well soft copy to Kendriya Sainik Board (KSB) through Rajya Sainik Boards (RSBs) on a monthly basis for further processing. Processing at KSB Secretariat ﻿ Once the application reaches the Kendriya Sainik Board, the Section-in-charge verify the same and upload the printed list for the approval of JD (Welfare). Such applications of approval is then moved for sanction of the competent authority in one lot, preferably every quarter. Payment Procedure After approval of Secretary KSB, the application is processed for payment by Welfare Section. The welfare section verifies the Ex-servicemen's service number, name, banker's IFS Code and bank account number & forward the list of approved cases to Accounts Section for payment. The Accounts Section then processes the list for payment directly to beneficiaries via ECS to the beneficiaries as applicable. Track Application Status Applicant has to revisit the same portal https: https://ksb.gov.in/index.htm ﻿ Click on “Status of application” link on the homepage of the portal. Now enter your DAK ID and verification code. Click on the “Search” button. ﻿",Copies of following documents duly attested by ZSWO must accompany the application:- ﻿ Discharge book/documents. I-Card issued by ZSB is must both for ESM & widows. Original medical bills countersigned by the attending doctor. Hospital discharge summary countersigned by attending doctor. A certificate from the applicant stating that he/she has not taken any money/grant from the State or present employer in the form of reimbursement or medical allowance. Details of Bank A/c No (in PNB/SBI only) and IFS Code. ﻿,Central,Health & Wellness,,"Ex-Servicemen, Health Checkup, Medical Expenses, Health Treatment, Widow Of Ex-Servicemen",,,,
Rajasthan Chief Minister's Relief Fund - Medical Help,rcmrf-mh,"Rajasthan Chief Minister’s Relief Fund – medical help scheme launched on April 1999 under Chief Minister’s Relief Fund in Rajasthan. Dependents of untimely dead due to famine, floods, excessive rains, fires and accidental accidents help. ﻿ For treatment information - Assistance is accepted in recognized private hospitals from the major Government/ Chief Minister’s Relief Fund of the state. 40% maximum amount of rs1.50 lakh in government hospitals and 30% maximum amount of Rs 90,000 in recognized private hospitals, whichever is less, is accepted and sent to the concerned hospital.","Demand draft or Direct Bank Transfer to the beneficiary. Cochlear Implant Surgery of Deaf and Dumb Children - In the state of Rajasthan, deaf and dumb children up to the age of 6 years, whose family income is up to Rs. 2.00 lakh annually, Assistance for Thalassemia Major Disease Treatment - 2 percent assistance is given from the Chief Minister's Assistance Fund up to Rs. 50.7 lakh Financial assistance to a person suffering from serious diseases (cancer, kidney and urine, heart disease) do it. ﻿",The applicant should be Non BPL The Annal Income of the Family should be greater than 2 LPA Not be listed in ABMGRSBY (Ayushman Bharat Mahatma Gandhi Rajasthan Swasthya Bima Yojana) ﻿,"Visit the official website of the Chief Minister Relief Fund Rajasthan at https://cmrf.rajasthan.gov.in/. ﻿ Click on the ""Apply for Medical Help"" option on the homepage. You will be directed to a new page where you need to select the ""Apply Online"" option. Fill in the required details such as your name, address, contact details, medical condition, and required treatment. Upload the necessary documents such as medical certificates, doctor's reports, and bills. Once you have filled in all the details, click on the ""Submit"" button. After submitting the application, you will receive an acknowledgment number that you can use to track the status of your application. ﻿",Income Certificate Copy* Address Proof Copy* Rashan Card Treatment Estimate by Doctor Medical Certificate ﻿,State,Health & Wellness,,"Medical Help, Non BPL, Relief Fund, Rajasthan Scheme, Hospital",,,,
Rastriya Arogya Nidhi - Health Minister’s Cancer Patient Fund,hmcpf,"The “Health Minister’s Cancer Patient Fund (HMCPF) within the Rashtriya Arogya Nidhi (RAN)” was set up in 2009. ﻿ It is a scheme to provide financial assistance to poor patients living below poverty line and suffering from cancer, for their treatment at 27 Regional cancer centers (RCCs). Revolving Funds have been created in all the 27 Regional Cancer Centres (RCCs) and funds up to Rs. 50 lakhs will be placed at their disposal. ﻿","Financial assistance of  ₹5,00,000/- (Rs. Five lakh only) is provided towards treatment. ﻿ Note: Individual cases, which require assistance of more than ₹5,00,000/- will be sent to the Ministry for processing. The maximum financial assistance admissible under the Scheme will be ₹15,00,000/- ﻿ List of the treatments under this scheme - ﻿ Radiation treatment of all kinds including Radio Therapy and Gama Knife Surgery/GRT/MRT/Brachytherapy. Anti-Cancer Chemotherapy with supportive medication including hormonal therapy. Bone Marrow Transplantation- Allogenic& Autologous Diagnostic Procedures- including PET scan. Surgery for operable malignant tumours. ﻿","Eligibility for Health Minister’s Cancer Patient Fund (HMCPF) within RAN : ﻿ The fund will provide financial assistance to patients, living below poverty line who is suffering from Cancer. Assistance is admissible for treatment in 27 Regional Cancer Centre(s) (RCC) only. Central Govt./State Govt. /PSU employees are not eligible for financial assistance from HMCPF. Grant from HMCPF would not be used where treatment /facilities for cancer treatment are available free of cost ﻿","Step 1: Download the prescribed application form (Refer Page No: 10, 11 and 12). Step 2: Complete the form in the prescribed format, ensuring all required sections are accurately filled. Step 3: Get the form signed and stamped by the treating doctor/ Head of Department (HOD). Also, ensure it is countersigned by the Medical Superintendent of the Government hospital where the patient is receiving treatment. Step 4: Once all signatures are obtained and the form is fully completed, submit the application form along with all required documents to the concerned Government hospital. ﻿ ﻿","Application form in prescribed proforma duly signed by the treating doctor and countersigned by the Medical Superintendent of the Government hospital/institute. Monthly income of the patient/parents duly certified by the Block/Mandal Development Officer/ Tehsildar/ SDM/ Special Officer of Municipal Board/ District Officer, certifying that the beneficiary belongs to a family living below poverty line in the area of their jurisdiction indicating source of income . The original certificate is required for the purpose. Copy of the Ration Card duly attested by a Gazetted Officer with official seal. ﻿",Central,"Health & Wellness, Social welfare & Empowerment",,"BPL, Cancer Treatment",,,,
Rehabilitation Allowance To Lepers,ral,The rehabilitation Allowance to Lepers scheme is a welfare scheme launched by the government of Himachal Pradesh for the benefit of leprosy patients. The scheme provides a monthly allowance of Rs. 750 to people affected by leprosy who are residing in the state of Himachal Pradesh. The scheme aims to provide financial assistance to leprosy patients who are living in various leprosy colonies across the state. The primary objective of the scheme is to improve the living conditions of leprosy patients and to ensure that they receive adequate medical care and attention.,1.	Financial assistance of Rs. 750 per month is provided to each leprosy patient. 2.	Free medical treatment and medicines are provided to the beneficiaries. 3.	The scheme also provides assistance for the education of the children of leprosy patients. 4.	Counseling and rehabilitation services are provided to leprosy patients. ﻿,1.	The applicant should be a leprosy patient living in a leprosy colony. 2.	The applicant should be a permanent resident of Himachal Pradesh. 3.	The applicant should not be a recipient of any other government scheme or pension. ﻿,"1.	The application form for the scheme can be obtained from the nearest Leprosy Control Unit or the District Social Welfare Office. 2.	The duly filled application form along with the required documents should be submitted to the concerned authorities. 3.	After the verification of the documents, the applicant will be enrolled in the scheme and will receive financial assistance. ﻿",Leprosy certificate. Applicant should not be serving in government/semi-government sector. Recommendation from the concerned Gram Panchayat. Copy of the Parivar Register Aadhaar Card. Bank Account. No age bar is applied for this scheme. ﻿ ﻿,State,Health & Wellness,,"Rehabilitation Allowance, Lepers, Monthly Allowance, DBT, Himachal Pradesh",,,,
Rehabilitation Treatment For The Disabled,rtfd,Financial assistance to disabled persons who cannot afford to undergo treatment inside and outside the state.,"Medical treatment: The scheme provides medical treatment to persons with disabilities, including surgeries and therapies. Assistive devices: The scheme provides assistive devices such as hearing aids, wheelchairs, crutches, and prosthetic limbs. Rehabilitation services: The scheme provides rehabilitation services such as physiotherapy, occupational therapy, and speech therapy. Training and education: The scheme provides training and education to persons with disabilities to develop their skills and enhance their employability. ﻿",The person must be a resident of Meghalaya. The person must have a disability certificate issued by a registered medical practitioner. The disability percentage should be more than 40%.,Applications through the office of the District Social Welfare Officer of 11 Districts. To get the list of District Social Welfare Officers click here .,"Disability certificate issued by a registered medical practitioner. Proof of residence in Meghalaya (such as an Aadhaar card, voter ID card, or ration card). Identity proof (such as an Aadhaar card or voter ID card). Bank account details. Passport-size photograph. Any other document required by the District Social Welfare Officer for verification purposes. ﻿",State,"Social welfare & Empowerment, Education & Learning, Health & Wellness",,"Medical Treatment, Assistive Devices, Rehabilitation Services, Training, Education",,,,
Reimbursement of Expenditure for Occupational Diseases (P.B.O.C.W.W.B),reodpbocwwb,"The ""Reimbursement of Expenditure for Occupational Diseases'' by the BOCW Welfare Board, Department of Labour, Punjab, is a welfare scheme for the registered workers of the board. Under this Scheme the Board shall provide reimbursement of maximum ₹1,00,000/- or actual expenditure, which-ever is less for expenditure of treatment of the following dangerous diseases: 1. Occupational dermatitis. 2. Occupational Cancer. 3. Asbestosis. 4. Silicosis. 5. Lead poisoning including poisoning by occupational diseases in building and other construction work to be notified by any preparation or compound of lead or their sequela. 6. Benzene poisoning, including poisoning by any of its homologues, their nitro or amino, derivatives or its sequela. 7. Occupational asthma. 8. Pesticide poisoning. 9. Toxic jaundice. 10. Toxic anemia. 11. Compressed air illness (Caissons diseases). 12. Noise induced hearing loss. 13. Toxic nephritis. 14. Cancer operation/ treatment. 15. Heart surgery. 16. Kidney transplant.","Financial Coverage: ₹1,00,000/- or actual expenses, whichever is less. Note: To avail the scheme benefits, the applicant have to exhaust the benefit of ₹50,000/- for all his/her health ailments with the health card facility under the Bhagat “Puran Singh Sehat Beema Yojna” Scheme. ﻿","For Registration as a Building/ Construction Worker: The applicant should be a resident of Punjab. The applicant should be a Building/ Construction Worker (Unorganised Worker). The applicant should be between 18 and 60 years. The applicant should have engaged in building and construction work for at least 90 days in a given year. The applicant should have a monthly income of ₹15,000/- or below. The applicant should not be a member of any other Welfare Fund established under any law. The applicant should not have membership of the Employees' Provident Fund (EPF)/ National Pension System (NPS)/ Employees' State Insurance Corporation (ESIC). The applicant should not be an income tax payer. For the Application of the Welfare Scheme: The applicant should be a registered member Under the Building and Other Construction Workers Welfare Board of Punjab or should be a family member of the worker. The expenditure on treatment of the disease must be verified by the Civil Surgeon. The applicant should have exhausted the benefit of ₹50,000/- for all his/her health ailments with the health card facility under the Bhagat “Puran Singh Sehat Beema Yojna” Scheme.","Registration Process as a Building/ Construction Worker: For new registration of workers please approach the nearby Sewa Kendra or Registering officers/ Labour Inspector. Application Process of the Welfare Scheme: To apply for benefits of the concerned welfare scheme, please approach to nearby Sewa Kendra or Registering Officers/ Labour Inspector of your area. Note: Registration with the Board: A construction worker becomes a member of the board by filling out Application Form No 28 along with depositing registration fees of ₹ 25/- only (once in life) and ₹ 10/- per month as contribution fees. A worker at a time can get himself registered for a minimum period of 1 year & maximum period of 5 years. The registered worker is called 'Beneficiary' of the Board. Important Links: Check Your Registration Application Status: Registered workers can check their registration application status through visiting this link upon entering their Registration Number. Download Registration Card: Registered workers can download their registration Registration Card through visiting this link upon entering their Registration Number. Check your Scheme Application Status: Registered workers can check their scheme application status through visiting this link upon entering their Registration Number. CSC Locator: Visit this link to search nearest Common Service Center (CSC) of your area. List of Sewa  Kendra: Visit this link to see the list of Sewa Kendra. Helpdesk: Punjab Building And Other Construction Workers Welfare Board Address: Labour Bhawan Model Welfare Centre Phase 10, Sector 64, Sahibzada Ajit Singh Nagar, Punjab, 160062 Phone : +91 172-2540125 Email : bocwhq@gmail.com For Bocw Portal Related Queries (Technical Support):- Phone : +91 172-2540125 Email : bocwhq@gmail.com Office Visiting Hours : Monday to Friday (09:00 AM to 05:00 PM)","For Registration as a Building/ Construction Worker: Age proof (If no age proof is available self declaration). Residence proof. Aadhaar card(if available). Bank Account details (Bank branch, account No. and IFSC/ RTGS number). Detail of dependents. Employer’s Certificate ( Form No. 28 ) (90 days of construction work during the last 12 months in the State of Punjab). Nomination Form ( Form No. 27 ). For the Application of the Welfare Scheme: Medical Certificate of the Beneficiary or Family Member. Proof of  Expenditure on Treatment (verified by the Civil Surgeon). Any other documents (if required).",State,Health & Wellness,,"Labour, Building Worker, Construction Worker, Occupational Diseases, Health, Operation",15000.0,,,
Safai Karmakar Bahay Rogi Chikitsa Sahayata Yojana,skbrcsy,"Labor Department of Chhattisgarh State started this scheme ""Safai Karmakar Bahay Rogi Chikitsa Sahayata Yojana"" for unorganized worker on  11 March 2015. The main objective of the scheme to empower unorganized worker by providing required financial assistance for medical situation.","Medical assistance up to Rs. 2,000/- in a year.","Safai Worker must be registered Unorganized worker of State Social Security Board. Safai worker must be between 18 to 60 years. Family members details must be mentioned in the registration card. Benefits will be provided only safai worker and their family members (husband, wife, son and daughter) mentioned in the registration card. The benefit of the scheme will be available only up to two children. If the benefit of the scheme is being received from any other parallel scheme of the State Government, then the benefit of this scheme will not be available.","Unregistered Applicant : All the applicant have to visit the official website Chhattisgarh Labour Department. On the home page click on "" Apply "" under ""Chhattisgarh Unorganized Workers State Social Security Board"". Enter the following details Select Group Name : ""Asangathit Marmakaar Mandal"" Select Service : ""Asangathit Shramik Panjikaran"" What do you want to do :  ""Aavedan"" Click next. Check the eligibility criteria for registration in Chhattisgarh Unorganized Workers State Social Security Board and click next. Fill out the online ""Registration form"". Submit. ﻿ ﻿ Already Registered Applicant : All the applicant have to visit the official website Chhattisgarh Labour Department. On the home page click on "" Apply "" under ""Chhattisgarh Unorganized Workers State Social Security Board"". Enter the following details Select Group Name : ""Asangathit Marmakaar Mandal"" Select Service : ""Yojana"" What do you want to do :  ""Aavedan"" Click next. Select your district name and provide old/new registration number and click next. Select the scheme name. Fill out the online with required details. Submit.",Aadhar card. Labor registration Card. Permanent Residence Certificate. Copy of ration card.,State,Health & Wellness,,"Financial Assistance, Health, Wellness",,,,
Safai Karmakar Gambhir Bimari Chikitsa Sahayata Yojana,skgbcsy,"Labor Department of Chhattisgarh State started this scheme ""Safai Karmakar Gambhir Bimari Chikitsa Sahayata Yojana"" for unorganized worker on 28 April 2012. The main objective of the scheme to provide the financial assistance for medical treatment.","Registered unorganized workers who are suffering from serious illness will be provided medical assistance of ₹ 50,000/- for their treatment. Serious diseases will include kidney, cancer, sickle cell anemia, heart disease, AIDS and paralysis.","To receive the benefits of this scheme, unorganized workers must be registered with the State Board for at least 90 days. This scheme is open to unorganized workers between the ages of 18 and 60. The unorganized worker must be registered as a beneficiary under Section 10 of the Act. Each unorganized worker can only receive the benefits of this scheme once. If the unorganized worker is receiving benefits under another parallel scheme of the State Government, they will not be eligible for the benefits of this scheme","Unregistered Applicant : All the applicant have to visit the official website Chhattisgarh Labour Department. On the home page click on "" Apply "" under ""Chhattisgarh Unorganized Workers State Social Security Board"". Enter the following details Select Group Name : ""Asangathit Marmakaar Mandal"" Select Service : ""Asangathit Shramik Panjikaran"" What do you want to do : ""Aavedan"" Click next. Check the eligibility criteria for registration in Chhattisgarh Unorganized Workers State Social Security Board and click next. Fill out the online ""Registration form"". Submit. ﻿ ﻿ Already Registered Applicant : All the applicant have to visit the official website Chhattisgarh Labour Department. On the home page click on "" Apply "" under ""Chhattisgarh Unorganized Workers State Social Security Board"". Enter the following details Select Group Name : ""Asangathit Marmakaar Mandal"" Select Service : ""Yojana"" What do you want to do : ""Aavedan"" Click next. Select your district name and provide old/new registration number and click next. Select the scheme name. Fill out the online with required details. Submit.",Aadhaar Card. Registration Card. Disease details by Vikas khand Adhikari / Surgeon / Chief medical officer/ Heath Officer. A approximate expenses details by related Medical officer.,State,Health & Wellness,,"Medical Treatment, Financial Assistance, Serious Illness, Health & Wellness",,,,
Safai Karmakar Prasuti Sahayata Yojana,skpsy,"Labor Department of Chhattisgarh State started this scheme ""Safai Karmakar Prasuti Sahayata Yojana"" for unorganized worker on  11 March 2015. The main objective of the scheme to empower unorganized worker by providing financial assistance for Maternity Assistance.","Female employees will receive a financial assistance of ₹4,200 in the third month of pregnancy and ₹2,800 in the eighth month of pregnancy as maternity benefit. Male employees will receive a financial assistance of ₹3,000 as paternity leave after the birth of the child.",Applicant(Male or Female) must be registered worker. Benefits will be provided only for two children.,"Unregistered Applicant : All the applicant have to visit the official website Chhattisgarh Labour Department. On the home page click on "" Apply "" under ""Chhattisgarh Unorganized Workers State Social Security Board"". Enter the following details Select Group Name : ""Asangathit Marmakaar Mandal"" Select Service : ""Asangathit Shramik Panjikaran"" What do you want to do :  ""Aavedan"" Click next. Check the eligibility criteria for registration in Chhattisgarh Unorganized Workers State Social Security Board and click next. Fill out the online ""Registration form"". Submit. ﻿ Already Registered Applicant : All the applicant have to visit the official website Chhattisgarh Labour Department. On the home page click on "" Apply "" under ""Chhattisgarh Unorganized Workers State Social Security Board"". Enter the following details Select Group Name : ""Asangathit Marmakaar Mandal"" Select Service : ""Yojana"" What do you want to do :  ""Aavedan"" Click next. Select your district name and provide old/new registration number and click next. Select the scheme name. Fill out the online with required details. Submit.",Aadhar card. Labor registration Card. Permanent Residence Certificate. Copy of ration card.,State,Health & Wellness,,"Heath, Financial Assistance, Maternity Assistance",,,,
Sanitary Napkin Scheme,snsu,"Recognizing the importance of menstrual hygiene management, the Uttarakhand government's Department of Women Empowerment and Child Development introduced the ""Sanitary Napkin Scheme,"" a social security initiative focused on adolescent girls and women.  This program tackles the issue of period poverty by making sanitary napkins readily available at a subsidized cost. By ensuring affordability, the scheme empowers girls and women to manage their menstrual cycles hygienically and confidently. This not only promotes good health but also allows them to participate fully in all aspects of daily life, including education and work.  The ""Sanitary Napkin Scheme"" serves as a significant step towards breaking the silence around menstruation and fostering a culture of menstrual health awareness in Uttarakhand.",Sanitary napkins are distributed to adolescent girls/women at ₹ 6/-. ﻿,Beneficiary should be a permanent resident of Uttarakhand. Beneficiary should be a girl/woman. ﻿,Step-1: Concerned girls/women should visit their nearest Anganwadi Centre. Step-2: They can buy sanitary napkins from there at a minimum cost of ₹ 6/-.,No documents are required. Note: Beneficiaries can directly  approach their nearest Anganwadi Centre and buy sanitary napkins. ﻿,State,"Health & Wellness, Social welfare & Empowerment",,"Girls, Sanitary Pad, Health",,,,
Sanitary Napkin Scheme (UKBOCWWB),snsukbocwwb,"The scheme “Sanitary Napkin Scheme” is implemented by the Uttarakhand Building and Other Construction Workers’ Welfare Board (UKBOCWWB), Labour Department, Government of Uttarakhand. Under the scheme, sanitary napkins will be provided to the daughters of registered construction workers and women construction workers, subject to the conditions specified by the Board. The beneficiary should not be receiving the same benefits under any other scheme of the central or state Governments, and should not have applied in any other department for the same benefits.","Under the scheme, sanitary napkins will be provided to the daughters of registered construction workers and women construction workers.","The applicant/beneficiary should be a resident of Uttarakhand. The applicant should be engaged in any building or construction work. The applicant should be registered under the Uttarakhand Building and Other Construction Workers’ Welfare Board. The applicant will become eligible for benefits only after three months from their registration. The applicant should have an active membership of the Board. The beneficiary should not be receiving the same benefits under any other scheme of the central or state Governments, and should not have applied in any other department for the same benefits.","For New Registration under the UKBOCWWB: Step 01: To become a beneficiary, a construction worker who has completed 18 years of age and has not completed 60 years, has worked as a construction worker for at least 90 days during the preceding 01 year, can register himself/herself. Step 02: The eligible worker may visit the nearest Jan Seva Kendra or Shramik Suvidha Kendra along with all the relevant documents for online registration. Step 03: Upon successful registration, the applicant will receive a Registration Number for future reference. Step 04: The applicant can also track the status of their application online by visiting the official website: https://ukbocw.uk.gov.in/DynamicPages/LabourSearch-hi.aspx ﻿ Note 01: After verification of the application, the photo identity card will be issued by the registration officer. Note 02: Registration will be done free of cost, which will be valid for three years and after the completion of three years, only ₹100/- contribution will be required to be deposited by the construction worker for every next three years. Application Process for Welfare Scheme Benefits: Step 01: To avail the benefits of the scheme, the eligible applicant may visit the nearest Shram Suvidha Kendra along with all the relevant documents. Step 02: Upon successful submission of the application form, the applicant will receive an Application Number for future reference. Step 03: The applicant can also track the status of their application online by visiting the official website: https://ukbocw.uk.gov.in/DynamicPages/LabourSchemeSearch.aspx ﻿",Documents required for New Registration: Two Passport size photographs Proof of age Certificate of working as a construction worker for at least 90 days in the previous year Affidavit of construction worker attested by notary Voter ID card Ration card ﻿ Self-declaration certificate Identity proof of Nominee i.e. Aadhaar Card Bank account details Any other document as required Documents required for Welfare Scheme: Self-attested copy of Registration ID Card of Worker/Labour Card Self-attested Copy of Aadhaar Card of worker Mobile Number ﻿ Self-declaration certificate Any other document as required,State,"Health & Wellness, Women and Child",,"Sanitary Napkin, Building Worker, Construction Worker, Labour, Woman, Girls",,,,
Savitribai Phule Kishori Samriddhi Yojana,spksy,"The Savitribai Phule Kishori Samriddhi Yojana was initiated by the Department of Women, Child Development, and Social Security, Government of Jharkhand. The objective of the Savitribai Phule Kishori Samriddhi Yojana is to address negative perceptions about the birth of daughters in society, issues like female foeticide, child marriage, low female child sex ratio, and the weak educational status of girls. The scheme has been approved across the entire state of Jharkhand to address these issues. The objectives of this scheme are as follows: ﻿ Objectives of the Savitribai Phule Kishori Samriddhi Yojana: (a) Women's empowerment (b) Emphasis on girls’ education (c) Eradication of the child marriage practice (d) Support for the educational expenses of girls in higher classes to reduce school dropout rates and encourage them towards higher education. (e) Assistance for adolescent girls' health and personal hygiene. (f) Enable adolescent girls to make independent decisions regarding their lives.","Under this scheme, girls/adolescent girls will be provided with the following financial assistance: ﻿ S. No. Beneficiary Category Amount of Financial Assistance 1 Girls enrolled in Class 8 ₹2,500/- 2 Girls enrolled in Class 9 ₹2,500/- 3 Girls enrolled in Class 10 ₹5,000/- 4 Girls enrolled in Class 11 ₹5,000/- 5 Girls enrolled in Class 12 ₹5,000/- 6 One-time grant for girls aged 18-19 ₹20,000/- ﻿","1. The beneficiary will apply for the benefits under the scheme, and the beneficiary will be required to have the following eligibility till the date of application: This assistance shall be payable to the first two daughters of the mother. A self-declaration to this effect will be submitted by the mother of the beneficiary, which will be required to be attached to the application. 2. Under this scheme, all eligible girls studying from class 12 in the Government/Scheduled Tribes, Scheduled Castes, Minority and Backward Classes Welfare Department, Jharkhand supported/run by Women Child Development and Social Security Department, Jharkhand/run under National Child Labour Project (NCLP)/managed by Jharkhand Government/aided by the schools will be covered. 3. The beneficiaries of the scheme will be those girl children whose Mother/father is not permanently employed in or retired from the Central Government/State Government/Central Public Sector Undertakings/State Public Sector Undertakings and is not in receipt of pension/family pension from these employers. Mother/father will not be an income taxpayer. The mother of the applicant will submit a self-declaration form to this effect, which will be necessary to attach to the application. 4. The beneficiary should be between 18 and 19 years of age at the time of application for the last installment.",A beneficiary can avail of a child development facility in his area directly or through an Anganwadi worker. ﻿,Aadhaar Card. Residence Proof. Antyodaya Card. Certificate of Inclusion under SECC-2011. School Enrollment Certificate. Income Certificate. Passport-sized Photograph. Bank Account Details.,State,"Education & Learning, Social welfare & Empowerment, Health & Wellness",,"Samriddhi, Kishori, Girl, Student, Expenses",,,"Scheduled Caste, Scheduled Tribe",
Scheme For Adolescent Girls,sag,"A support scheme by Ministry of Women & Child Development enabling self-development and empowerment of out-of-school adolescent girls, and improving their nutritional, health & hygiene  status. ﻿ The scheme aims at supporting out of school AGs to successfully transition back to formal schooling or bridge learning / skill training. Upgrade their home-based skills and life skills. Provide information/guidance about existing public services such as Primary Health Centers, Rural Hospitals/CHCs, Post Office, Bank, Police Station, etc. ﻿ Scheme for Adolescent Girls - SAG is implemented using the platform of Anganwadi Services of Umbrella ICDS Scheme through Anganwadi Centers (AWCs).","Nutrition Component: Take Home Ration or Hot Cooked Meal for out of school girls - Nutrition Provision ₹ 9.50 per day (600 calories; 18‐20 gram of protein and recommended daily intake of micronutrients per day for 300 days in a year.). The financial norms will be ₹ 9.5/- per beneficiary per day for 300 days in a year. This would be inclusive of the cost of micronutrient fortification. ﻿ Non Nutrition Component: IFA supplementation. Health check‐up and Referral services. Nutrition & Health Education (NHE). Counseling / Guidance on family welfare, ARSH, child care practices. Life Skill Education and accessing public services.",The applicant must be a FEMALE . The age of the applicant must be between 11 and 14 years .,"The out-of-school adolescent girls (11 - 14 years age) are identified by the State / UT through a Base Line Survey, a one-time activity carried out by the Anganwadi Workers (AWW) who should go from house to house to meet every family in the area covered by her AWC, and gather information about the details of such girls. Such girls are provided the benefits through the Anganwadi Centre (AWC).",Aadhaar Proof of Age / DOB ﻿,Central,"Health & Wellness, Social welfare & Empowerment, Women and Child",,"Female, Health, Medicine, Free Meal, Nutrition, Youth, Empowerment",,,,
Scheme to Provide Relief in Case of Death or Disability of Registered Building Workers,sprcddrbw,"The ""Scheme to Provide Relief in Case of Death or Disability of Registered Building Workers"" is a Welfare Scheme by the Andhra Pradesh Building & Other Construction Workers LET&F (Labour) Department. In cases of accidental death, permanent disability, or natural death, the scheme provides financial assistance to help mitigate the financial burden on the worker's family. This scheme aims to protect construction workers and their families during times of crisis.","Accidental Death: ₹5,00,000/- Permanent Disability: ₹5,00,000/- Natural Death Relief: ₹60,000/-",Eligibility for Accidental Death/Natural Death Relief The applicant should be the nominee/dependent of the deceased construction worker. The deceased construction worker should be registered with the Andhra Pradesh Building and Other Construction Workers Welfare Board. ﻿ Eligibility for Permanent Disability The construction worker should be registered under the Andhra Pradesh Building and Other Construction Workers Welfare Board. The construction worker should be disabled.,"Step-1: The interested applicant should visit (during office hours) the A.P. Building & Other Construction Workers Welfare Board and request a hard copy of the prescribed format of the application form from the staff exclusively entrusted to issue and collect filled-in applications. Step-2: In the application form, fill in all the mandatory fields, and attach copies of all the mandatory documents (self-attest, if required). Step-3: Submit the duly filled and signed application form along with the documents to the Assistant Labour Officer/Assistant Commissioner of Labour. Step-4: Request a receipt or acknowledgement from the Assistant Labour Officer/Assistant Commissioner of Labour to whom the application has been submitted. Ensure that the receipt contains essential details such as the date and time of submission, and a unique identification number (if applicable).",Aadhaar Card of the worker and nominee. Accident Report. Medical Certificate indicating permanent disability. Death Certificate for natural or accidental death. Bank Account Details. Registration Card under the BOCW Act. Any Other Documents if required..,State,"Social welfare & Empowerment, Health & Wellness",,"Financial Assistance, Accident, Differently-abled Person, Death, Construction Worker",,,,Andhra Pradesh
Silicosis (Bimari) Se Pidit Shramiko Ke Liye Aarthik Evam Punarvas Sahayata Yojana,sspsl,"Labor Department of Chhattisgarh State started this scheme ""Silicosis (Bimari) Se Pidit Shramiko Ke Liye Aarthik Evam Punarvas Sahayata Yojana"" for unorganized worker on 16 April 2018. The main objective of the scheme to provide the financial assistance to the person who are suffering from Silicosis disease.","Unorganized workers with silicosis will get ₹ 300,000. If the worker dies, their family will get ₹100,000 and the rest will be paid as a fixed deposit with monthly interest.","Workers registered with the Chhattisgarh Unorganized Workers State Social Security Board. Workers who claim to be working in the organized sector but cannot prove it, or construction workers who are not eligible for registration with the Chhattisgarh Building and Other Construction Workers Welfare Board, will also get the benefits. Competent doctors must confirm the Silicosis disease  to the worker.","Visit the office of the Assistant Labor Commissioner/Labor Officer of the district. Submit the application and the required documents. The officer will review the application and send it to the divisional office for further action. Applicant can be submitted by mother, father, wife, husband, minor son, or minor daughter. The application should include the following information: Name and address of the deceased worker Name and address of the dependent Occupation of the deceased worker Date of death of the deceased worker Medical report confirming that the deceased worker had silicosis",Labor registration Card. Resident prove. Name and address of the deceased worker Name and address of the dependent Occupation of the deceased worker Date of death of the deceased worker Medical report confirming that the deceased worker had silicosis ﻿,State,Health & Wellness,,"Financial Assistance, Silicosis Disease, Unorganized Worker",,,,
Silicosis Pidit Hita-dhikariyon Hetu Sahayata Yojana,sphhsy,"""Silicosis Pidit Hita-dhikariyon Hetu Sahayata Yojana"" has been started for the laborers working in stone mines in Rajasthan. An assistance scheme has been started for the beneficiaries suffering from silicosis. In which financial assistance will be provided to laborers and workers in case of silicosis or death. Applicants can apply for the assistance scheme to silicosis victims through both online and offline modes. ﻿","In case of suffering from silicosis : ₹1,00,000/- In case of death of a victim of silicosis : ₹3,00,000/-","Those construction workers who are registered with the Board as beneficiaries and are depositing contributions The beneficiary is suffering from silicosis as certified by the Pneumoconiosis Medical Board constituted under the Rajasthan Workmen's Compensation (Occupational Diseases) Rules, 1965. The beneficiary cannot receive silicosis assistance amount from the Rajasthan Environment and Health Care Fund (Rehab). ﻿ Note - A person suffering from silicosis will be eligible to get assistance only under any one of the schemes of Rajasthan Environment and Health Cess Fund or the Board.","Registration Step-1: Applicant have to visit the official portal . Step-2: Click on the option “ Register ”. Step-3: Then you will be redirected to the SSO registration page. The registration page will appear with the following options. Citizen Step-4: Choose the either one option from  the Jan Aadhaar Or Google to process further. Jan Aadhaar : Enter the Jan Aadhaar number, click on the ‘Next’ button, Select your name, the name of the head of the family and all the other members and Click on the ‘Send OTP’ button. Enter the ‘OTP’ and Click on the ‘Verify OTP’ button to Complete the registration. Google : Enter the Gmail ID, click on the ‘Next’ button, Enter the password. A new link appear on screen, now click on new SSO link. SSO id will appear on screen, now create the password. Enter Mobile number, click on registration.  Apply Step-1: Applicant have to visit the official portal . Step-2: After login, dashboard will open. Step-3: Click on “LDMS” option. Step-4: In LDMS, select ""Welfare Schemes"" from the side menu and select BOCW Welfare Board. Step-5: Now click on ""Apply for Scheme"" on screen. Step-6: In this new page, will get a list of names of all the schemes of Rajasthan Shramik Card, out of which click on the name of "" Yojana"" Step-7: Fill out the all relevant detail. Step-8: Submit. ﻿ Periodd for submission of application: Application for financial assistance can be made for a period of 6 months from the date of issuance ofther  certificate by the Pneumoconiosis Medical Board and in case of death, for 6 months from the date of death. In special circumstances, the time limit can be relaxed by the Divisional Secretary after a satisfactory and appropriate reason for the delay is explained. ﻿ ﻿",Copy of beneficiary identity card/booklet. Certificate regarding silicosis from Pneumoconiosis Medical Board. Bank account details. ﻿,State,Health & Wellness,,"Labour, Financial Assistance, Silicosis Victim, Health",,,,
Sishu Saathi,wbsishusathi,"﻿ The 'Sishu Saathi' scheme is a healthcare initiative launched by the Health and Family Welfare Department, Government of West Bengal, that aims to provide free treatment to children needing heart surgeries. Partnering with both government and private hospitals, the scheme ensures that children up to the age of 12, diagnosed with heart conditions, receive free surgery and related care.","Health Screening in Schools: Free health check-ups in government schools to detect heart ailments at an early stage among children. Free Cardiac Surgeries: Completely free cardiac surgeries for children up to 12 years of age who are diagnosed with heart ailments, ensuring no financial burden on families.",All children from 0 to 18 years are eligible. Applicable to children residing in both rural and urban areas of West Bengal. There is no income criterion; the scheme is open to all children regardless of their family's financial capacity. The child must be diagnosed with a cardiac ailment requiring surgical intervention.,Step 1: Children diagnosed through Rashtriya Bal Swasthya Karyakram or other health check-ups are referred for further treatment. Step 2: Parents or guardians can contact government hospitals or partner private hospitals for free surgery under the scheme. Step 3: Hospitals handle the registration and approval process for eligible children.,"Child’s birth certificate or age proof (below 18 years). Medical records or diagnostic reports showing the heart ailment. Identity proof of parents or guardians (Aadhaar card, Voter ID, etc.). Any other documents as required.",State,"Health & Wellness, Social welfare & Empowerment",,"Sishu Saathi, Social Welfare, Financial Assistance, Child Health",,,,
Sneha Sparsha,ss-a,"Launched on 30th December 2021, the ""Sneha Sparsha"" is a healthcare scheme by the Dept. of Health & Family Welfare, Govt. of Assam. In this scheme, financial assistance shall be provided for specialized treatment of children below 12 years of age affected with some serious ailments. Families with annual income less than ₹ 2,50,000 shall be eligible for availing benefits under the scheme, while priority shall be given to Below Poverty Line (BPL) families.","Permitted procedure and the maximum amount admissible: ﻿ Bone Marrow Transplant: Leukemia (Blood Cancer) and other conditions like Thalassemia, in which Bone Marrow Transplant may be considered as a mode of treatment, financial assistance up to ₹ 10,00,000 per case for referral of such cases to 'leading Hospitals outside the state equipped with facilities for such treatment. ﻿ Cochlear Implant: The scheme will offer financial assistance of up to ₹ 5,35,000 per case to BPL beneficiaries and ₹ 3,00,000 per case to APL beneficiaries for referral of such cases to a Hospital outside the state, if necessary. ﻿ Liver Transplant: The scheme will offer financial assistance of up to ₹ 16,00,000 per case to BPL beneficiaries and ₹ 10,00,000 per case to APL beneficiaries. Necessary arrangements shall be made for referral of such cases to leading Hospitals outside the state with state-of-the-art facilities for such treatment. ﻿ Kidney Transplant: The scheme will offer financial assistance of up to ₹ 3,00,000 per case to BPL beneficiaries and ₹ 2,00,000 per case to APL beneficiaries for referral of such cases to Hospitals outside the state, if necessary.  Artificial Limb: The scheme will offer financial assistance of up to ₹ 1,00,000 for Cosmetic Limbs and up to ₹ 2,50,000 if a Motorized Artificial Limb is considered necessary. ﻿ Blood Cancer: For treatment of Blood Cancer in children with Chemotherapy, financial assistance of up to ₹ 1,00,000 per case will be given. ﻿ Specialized Eye Surgery: like Retinal Surgery or Posterior Segment Procedures, an amount of ₹ 15,000 will be given as assistance. ﻿ Tumors: Solid tumors needing costly investigations and treatment with Chemotherapy and Radiotherapy will be given financial assistance of up to ₹ 25,000. Children in need of cancer-related surgery will be given financial assistance of up to ₹ 50,000. ﻿ Neurological Anomalies: Hydrocephalus and Spina Bifida will be given assistance up to ₹ 50,000 for investigation, surgical treatment, and rehabilitation. ﻿ Thalassemia: Financial assistance of ₹ 1,00,000 will be provided to children suffering from Thalassemia, who are not fit for Bone Marrow Transplant but require specialized treatment like splenectomy, blood transfusion, and associated medicines. ﻿ NOTE 1: The rates notified are indicative and the actual admissible amount shall be fixed through a transparent process. NOTE 2: Out of these, the first five points shall be considered for referral outside the State, and the rest of the procedures (6 to 10) treatment is available in the Medical College Hospitals and other Hospitals inside the state.","The beneficiary should be a child below 12 years of age. The beneficiary should be a resident of the state of Assam. The beneficiary should be affected by some serious ailment(s). The annual income of the family of the beneficiary should be less than ₹ 5,00,000, while priority shall be given to Below Poverty Line (BPL) families.","The applications from the parents of the children in need of financial assistance under this scheme shall be submitted to the Office of the Mission Director and/or to the Sneha Sparsha Committee, Sneha Sparsha C/o Gauhati Medical College. The applicants shall have to appear before the Sneha Sparsha Committee along with the patient on an appointed date to be notified by the Member Secretary, and submit all necessary documents for verification. The final selection shall be done by Sneha Sparsha Committee on the basis of the documents received.","Aaadhaar Card Birth Certificate of the Patient. Residential Proof  / Domicile Certificate of Assam Income Certificate (issued by a competent authority such as the Deputy Commissioner, Sub-Divisional Circle Officer, circle officer, Block Development officer, or any other authority notified by Govt.) Photograph of the Patient (Attested by Doctor) OPD Advice Slip / Discharge Summary / Prescription",State,Health & Wellness,,"Disease, Child, Financial Assistance",,,,
Special Health Scheme for Primitive Tribes,shspt,"The ""Special Health Scheme for Primitive Tribes"" scheme by the Welfare Department, Government of Jharkhand, aims to improve healthcare access and outcomes for primitive tribal communities. Through this scheme, financial assistance of ₹38,41,632 is allocated for health-related services and programs to ensure better medical support and infrastructure for the targeted groups.","Focused healthcare services for primitive tribal communities. Distribution of funds to districts such as Dumka, Sahebganj, Pakur, and Godda. Utilization for better medical facilities, treatments, and preventive care programs. Priority to regions with high tribal populations and pressing health needs.","The applicant should belong to a primitive tribal community. The applicant should reside in districts covered under the scheme, including Dumka, Sahebganj, Pakur, and Godda.","Step 01: Visit the district welfare office in your region and obtain the application form for the Special Health Scheme for Primitive Tribes. Step 02: Fill in the required details, including personal, income, and community information. Step 03: Attach the necessary documents. Step 04: Submit the completed form to the welfare officer and keep the acknowledgment receipt for future reference.",Proof of Identity (Aadhaar Card/Voter ID/Driving License) Proof of Residence (Ration Card/Utility Bill) Community Certificate Medical Reports Any Other Document If Required,State,Health & Wellness,,"Medical, Financial Assistance, Primitive Tribal, Healthcare",,,,
Specialized Treatment & Medical Assistance Scheme (PBAOCWWB),stmas-pbaocwwb,"The ""Specialized Treatment & Medical Assistance Scheme"" is a Welfare Scheme by the Puducherry Building and Other Construction Workers Welfare Board, Labour Department, Union Territory of Puducherry. The Board provides for upto ₹2,00,000/- for taking specialized medical treatment in Hospitals having tie-up with Government General Hospitals. The amount for the medical treatment is credited through Direct Benefit Transfer (DBT) into the bank account of the registered construction worker. The applications are accepted offline.","Financial Assistance of upto ₹2,00,000/- for taking specialized medical treatment in Hospitals having tie-ups with Government General Hospitals.","The applicant should be a citizen of India. The applicant should be registered as a Construction Worker with the Puducherry Building and Other Construction Workers Welfare Board. The applicant should have completed the age of 18 years. The applicant should not have completed the age of 60 years during the preceding 12 months in the construction work. The beneficiary should be contributing to the Board's Fund. The applicant should not have defaulted in payment of contribution to the Board for a continuous period of more than one year. The applicant should have either met an accident or should be suffering from a disease such as Tuberculosis, Lung Issues, Neurological Disorders, etc.","Step 1: The interested construction worker should visit the Office of the Puducherry Building and Other Construction Workers Welfare Board (Industrial Estate, Thattanchavady, Puducherry - 605 009) and obtain the prescribed format of the application form free of cost from the concerned authority exclusively entrusted to issue and collect filled-in applications. OR The interested construction worker should take print of the prescribed format of the application form provided in the section ""Application for Welfare Benefits"" on Page No. 83 of the Citizen's Charter. Step 2: In the application form, fill in all the mandatory fields, paste the passport-sized photograph (signed across, if required), and attach copies of all the mandatory documents (self-attest, if required). Step 3: The interested construction worker should submit the duly filled and signed application form and the documents to the concerned authority. Step 4: Request a receipt or acknowledgement from the concerned authority to whom the application form has been submitted. Ensure that the receipt contains essential details such as the date and time of submission, and a unique identification number (if applicable).","Last Subscription Bill. Board ID Card. Aadhaar Card. Ration Card. Accident Report (if applicable). Bank Pass Book. Referral Letter, obtained from the Health Department, Government of Puducherry. Medical Certificate issued by the competent authority (RMO).",State,Health & Wellness,,"Medical, Hospital, Accident, Disease, Construction, Worker",,,,
Sruthitharangam ( Cochlear Implantation Scheme ),scis,"The Government of Kerala launched the “Sruthitharangam (Cochlear Implantation Scheme)” under Kerala Social Security Mission by the Social Justice Department, Kerala. This scheme envisioned providing free cochlear implantation surgery for children in the age group of 0-5 years, who are hearing impaired. The early identification and intervention procedures initiated within six months of age should be the golden standard for the holistic development of a child with hearing loss. Cochlear Implant is a proven option for the treatment of profound hearing loss. The child from poor families whose annual family income is below ₹2 lakhs are eligible to get the benefit of this scheme. This scheme is implemented through Government as well as selected empaneled private hospitals in this field. The objective of this scheme is to provide a cochlear implant to children selected by Regional and State level technical committees for cochlear implantation and to provide financial support for Auditory Verbal Habilitation (AVH) to operate children through empaneled hospitals/centers. Hospitals Covered Under the Scheme: Govt. Medical College Hospital, Trivandrum. Govt. Medical College Hospital, Kozhikode. Govt. Medical College Hospital, Kottayam. KIMS Hospital, Trivandrum. Medical Trust Hospital, Kochi. Dr. Noushad’s ENT Institute and Research Centre, Ernakulam. West Fort Hi-Tech Hospital, Thrissur. Dr. Manoj’s ENT Super Speciality Institute & Research Centre, Kozhikode. MIMS Hospital, Kozhikode. ASCENT ENT Hospital, Perinthalmanna","Under the scheme, children who are hearing impaired will be provided free cochlear implantation surgery. Note: The children will be selected by Regional and State level technical committees for cochlear implantation.",1.	The applicant should be a resident of Kerala State. 2.	The child who is hearing impaired is eligible under the scheme. 3.	The child should be in the age group of 0-3 years. 4.	The annual family income of the applicant should be below ₹2 Lakhs. Note: The Screening Committee would be empowered to make exceptions beyond 3 years and up to 5 years of age on a case-to-case basis; where the committee feels that a high possibility of success exists or if there are other compelling technical reasons warranting or making an exception.,"To avail of the benefits of the scheme, the application form is duly filled and the necessary documents are to be submitted directly to Executive Director, Kerala Social Security Mission. Address for Communication: Executive Director, Kerala Social Security Mission, Poojappura, Thiruvananthapuram, Kerala-695012 Phone No – 0471 2341200",1.	Proof of Identity 2.	Proof of age of the child 3.	Income certificate 4.	Copy of BPL card (if applicable) 5.	Copy of Ration card (if applicable) 6.	Residence certificate 7.	Passport-size photograph 8.	Child’s medical reports,State,Health & Wellness,,"Cochlear, Surgery, Children, Hearing Impaired, Sruthitharangam",,,,Kerala
Su-Swastha Yojana,su-swastha-yojana,"Launched in April 2021, the scheme ""Su-Swastha Yojna"" by the Department of Health & Family Welfare, Government of Sikkim aims to provide comprehensive and affordable healthcare coverage to the employees of the Government of Sikkim and their families. Through this scheme, cashless hospitalization at top-tier hospitals across India is provided to the eligible beneficiaries. The scheme covers regular employees in service of the Government of Sikkim and dependent family members up to a maximum of 5 dependents in a scheme that provides 10 lacs of cover to the family per year.","Cashless Convenience: Cashless admission and discharge across network hospitals eliminate the burden of arranging funds during hospitalization. Access to Top-Tier Healthcare: Beneficiaries gain access to best-in-class healthcare by leveraging a network of top-tier hospitals and institutes across India. Quality Assurance: The Su-Swastha Facilitation Center ensures quality of care by overseeing medical services provided to beneficiaries. Transparent Billing: Standardized tariffs with hospitals based on infrastructure and quality of care promote transparency in billing. Patient-Centric Approach: Communication with patients and their families is maintained throughout the care journey. Wide Network Coverage: Beneficiaries can avail of the scheme's benefits at over 400+ empanelled hospitals within the Su-Swastha Yojna network. Comprehensive Coverage: Base Cover - 10 lacs base cover. Critical Care Coverage - 10 lacs additional critical care coverage for the entire family, regardless of the number of dependents. In-Patient Treatment: Covers hospitalization expenses exceeding 24 hours. Road Ambulance Assistance: Covers road ambulance expenses up to ₹3500 per hospitalization, with a maximum of 3 claims per year. Pre-existing Disease Coverage: Covers all pre-existing diseases from the first day of enrollment. Post-Hospitalization Care: Covers medical expenses incurred within 30 days of hospital discharge. Specialized Coverage: Includes coverage for special conditions, treatments, implants, vehicular accidents, and trauma. Maternity Benefits: Covers delivery expenses up to ₹50,000, including newborn baby cover. Dental and Ophthalmic Care: Covers daycare dental and ophthalmic treatments, including implants. Organ Donor Expenses: Covers expenses incurred for organ transplantation from a donor to a Su-Swastha beneficiary, subject to claim eligibility criteria.",The applicant should be a regular employee in service of the Government of Sikkim or the dependent family members of such employee (spouse; brother and/or sister; children (own or legally adopted); parents of self or spouse) (up to a maximum of 5 dependents).,"Step 1: Visit the Official Website of "" Su-Swastha Sikkim "" and click "" Enrol Now "". Step 2: Login to the website using your registered Mobile Number. Verify your Mobile Number via OTP. You will be taken to the online enrolment form. Step 3: There are two parts of the application. First, the employee must fill and submit part 1 of the form which is to enrol himself/herself in the scheme. Then he/she should fill and submit part 2 of the form. Fill in all the mandatory fields and if required, upload all the mandatory documents in the specified format and size. Step 4: Agree to the self-declaration and submit the application, you will receive confirmation message on your phone (SMS) as well as an email confirmation. Please note that the application will go to your respective nodal officers for approval. Once submitted successfully, the application is evaluated and processed. Once approved, your application you will receive a link to download your member e-card on SMS and email. This card is required for availing any benefits of Su-Swastha later. In case of any query or assistance please reach us at info@suswasthasikkim.com or call us at 9800347944","Passport Size Photo One of the following ID Proofs that shows the identity of the employee and the dependents: Voter’s Card, Aaadhaar Card, Driver’s license, Passport, or Any other government ID One of the following Proofs of the Relationship between employee and dependent: Aadhaar Card, Voter’s ID, PAN Card, Passport, Driver’s License, Hospital Discharge Card (attested by a gazette government official for newborn babies), Birth Certificate, Immunization Certificate, School Certificate (attested by school authority and gazette government official), Marriage Certificate, Affidavit (attested by gazette government official in lieu of no government issue proof)",State,Health & Wellness,,"Insurance, Medical, Premium, Health, Hospital, Family",,,,
Surakshit Matritva Aashwasan Yojana,suman,"SUMAN Yojana or Surakshit Matritva Aashwasan Yojana is a maternity benefit initiative launched by the Ministry of Union Health and Family Welfare. This program provides affordable and quality healthcare solutions to pregnant women and newborns. Under this scheme, pregnant women, sick newborns, and mothers receive zero expense access up to six months after delivery. They receive treatment from quality hospitals and professionals. The PMSMA programme allows four antenatal check-ups during the 1st trimester and check-ups under Pradhan Mantri Surakshit Matritva Abhiyan. ﻿ Objectives of the SUMAN scheme- This scheme offers zero expenses and access to detection and management of complications during and after pregnancy. Pregnant women can avail a zero-expense delivery and C-section facility at public health facilities. SUMAN scheme ensures zero-tolerance for denial of services to children and pregnant women. Pregnant women also receive free transport from home to the health facility and drop back after discharge. This initiative facilitates respectful care with privacy and support for breastfeeding. Facilities such as services for sick newborns and neonates and vaccination are offered for zero cost.","The scheme allows zero expense delivery and C-section facilities at public health facilities. Beneficiaries will get four antenatal check-ups, one check-up during the 1st trimester, and one check-up under Pradhan Mantri Surakshit Matritva Abhiyan. The scheme also covers Tetanus-Diphtheria injection iron-folic acid supplementation, six home-based newborn care visits and components of the ANC package. Pregnant women will get free transport from home to the health facility and will get dropped back after discharge. Counseling and IEC/BCC facilities for safe motherhood Pregnant women will receive hassle-free access to all medical facilities.","All pregnant women and newborns are eligible to avail of the benefits under the PM SUMAN Yojana. Following are the general requirements - Pregnant women from all categories, including APL and BPL, are eligible to get the benefits Newborns aged 0 to 6 months old will be able to avail the benefits of this scheme After delivery, lactating mothers up to 6 months from delivery are also eligible for this scheme.","Individuals have to visit civil hospitals in their respective areas to register themselves for the PM SUMAN Yojana. Ideally, they have to fulfill the eligibility criteria and submit the mentioned documents to register for the scheme. The civil hospitals of all the districts abide by the rules mandated by the Health Ministry. However, if there are some discrepancies, individuals can log in to the SUMAN website and file a complaint. Individuals have to submit certain documents to prove their verification.","Identity proof, comprising Aadhaar card, PAN card, driving license, voter ID card, etc. Women's pregnancy details from a concerned hospital Address proof, such as valid passport, Aadhaar card, utility bill, property tax bill, telephone bill, etc. Now let's understand the benefits offered by this scheme.",Central,"Health & Wellness, Women and Child",,"Pregnant, Health",,,,
Thalolam Scheme,ts-kerala,"The Government of Kerala launched the “Thalolam Scheme” on 1st January 2010 under Kerala Social Security Mission by the Social Justice Department, Kerala. The aim of the scheme is to provide free treatment to the children below age of 18, who are suffering from Kidney diseases, Cardiovascular diseases, Cerebral Palsy, Brittle Bone Disease, Hemophilia, Thalassemia, Sickle Cell Anemia, Orthopedic deformities, and other Neuro-Developmental Disabilities, Congenital anomalies (Endosulfan victims) and accident cases which needs surgery. Hospitals receiving free treatment: Govt. Medical College Hospital, Trivandrum Govt. Medical College Hospital, Thrissur Govt. Medical College Hospital, Alappuzha S. A. T Hospital, Trivandrum Govt. Medical College Hospital, Kottayam IM C. H, Kozhikode Govt. Medical College, Kozhikode I.C.H.M.C. Kottayam Co-operative Medical College, Kannur Regional Cancer Center, Thiruvananthapuram District Hospital, Aluva, Ernakulam Sree Chithira Thirunal Hospital, Thiruvananthapuram","A patient will be eligible for initial assistance of ₹50,000/- only under this scheme. Under the scheme, free treatment will be provided to the children below age of 18, who are suffering from Kidney diseases, Cardiovascular diseases, Cerebral Palsy, Brittle Bone Disease, Hemophilia, Thalassemia, Sickle Cell Anemia, Orthopedic deformities and other Neuro-Developmental Disabilities, Congenital anomalies (Endosulfan victims) and accident cases which needs surgery. Note: Additional financial assistance can be met based on the decision of the Superintendent, Head of the concerned Department of Specialty, and Head of the Radiotherapy Department.","The applicant should be a resident of Kerala State and the scheme is applicable only to patients from Kerala. The patient should be below 18 years of age. The scheme is applicable to patients belonging to families too poor to afford treatment of the Below Poverty Line (BPL) category. Under this scheme, assistance will be provided to the patient for diseases other than cancer which are lethal or fatal.","To avail of the benefits of the scheme the applicant may contact the following authorities: Scheme counselor of the Safety Mission assigned to the respective hospitals, contacts hospitals covered under this scheme. Concerned District Social Justice Officer, Kerala Note: No special application is required. Based on the economic and social analysis done by the Counselors of the Safety Mission assigned to the respective hospitals, the benefit of the scheme will be applicable to the children of families who are unable to bear the cost of treatment.",1.	Copy of Aadhaar/ Proof of Identity of patient 2.	Proof of age of the patient 3. Income certificate 4.	Copy of BPL card (if applicable) 5.	Copy of Ration card (if applicable) 6.	Residence certificate 7.	Passport-size photograph 8.	Patient’s medical reports,State,Health & Wellness,,"Free Treatment, Patient, Diseases, Children, Hospital, BPL",,,,Kerala
Thayi Bhagya Scheme(comprehensive Maternal Healthcare),thayi-bhagya,"The scheme has been designed so that women belonging to BPL families can avail totally cashless treatment in these private hospitals. Under this scheme, the pregnant woman belonging to BPL family can avail delivery services free of cost in the registered private hospital near her house. She is not required to pay any charges right from the point of admission to discharge. The benefit is limited to the first two live deliveries. The beneficiaries are identified through the ANC cards issued to them. The scheme has been introduced in the six ""C"" category districts of Gulbarga, Bidar, Raichur, Koppal, Bijapur and Bagalkot and the backward district Chamarajanagar. ﻿ i. Shortage of specialist doctors, especially the gynecologists, anesthetists and pediatricians at Taluk hospitals and CHCs, The posts of these specialists are mostly vacant in Government Hospitals. ii. Though there are very large number of government health care institutions in the state, the shortage of these specialists is a big draw back in providing proper maternal and child health care. iii.There are considerable number of specialist doctors in urban private hospitals. iv. By entering into Public-Private partnership with these hospitals, rural women can be provided with facilities for proper institutional deliveries. ﻿ The hospitals having requisite facilities will be registered under the programme with the approval of District Health Society. The Hospitals will then sign an MOU with the Department. Government Hospitals can also participate in this scheme. ﻿ Such registered hospitals will be paid Rs. 3.00 lakhs per 100 deliveries, which include normal delivery, complicated deliveries, caesarian, forceps deliveries etc. These hospitals will be paid 10% ie., Rs.30,000 advance on participation in the scheme. This is to encourage more and more private hospitals to participate in the programme. The Government Hospitals will be paid Rs. 1.50 lakhs for every 100 deliveries, out of which 50,000 goes to the Health Care Committee and the remaining is shared among the Hospital doctors, nurses and staff as per Yeshaswini guidelines.​ ﻿ ﻿",The scheme provides benefits in the form of delivery services free of costs and others. Women belonging to BPL families can avail totally cashless treatment in theses private hospitals or can avail delivery services free of cost in the registered private hospital near her house. Registered private hospital will be available near her house. Candidate is not required to pay any charges right from the point of admission to discharge. Free checkup and medicines will be provided. ﻿,"The benefit is limited to the first two deliveries. The candidate women must be residents of Karnataka government The hospital should have minimum 10 inpatient beds. Should have proper functional Operation Theater and Delivery room. 24 hrs availability of gynecologists, anesthetists and pediatricians. Should have link with Blood banks. The DHO has to identify such hospitals and invite them for partnership. Interested hospitals can sign the MOU. ﻿ ﻿ Such registered hospitals will be paid Rs. 3.00 lakhs per 100 deliveries, which include normal delivery, complicated deliveries, caesarean, forceps deliveries etc. These hospitals will be paid 10% ie., Rs.30,000 advance on participation in the scheme. This is to encourage more and more private hospitals to participate in the program. The Government Hospitals will be paid Rs. 1.50 lakhs for every 100 deliveries, out of which 50,000 goes to the Health Care Committee and the remaining is shared among the Hospital doctors, nurses and staff as per Yeshaswini guidelines.​",The pregnant women have to register their names with the Junior Female Health Assistant of the area. The women will issue ANC card. The beneficiaries are identified through the ANC cards issued to them. Then candidates can avail benefits from nearer registered hospitals. ﻿ Candidate applicants can contact the Head office from where the scheme is operated. Email: prs-hfw@karnataka.gov.in ﻿,Domicile certificate BPL card or Ration card Caste certificate Aadhar Card ANC registration number along with noting whether it is first or second delivery ﻿ ﻿,State,"Health & Wellness, Women and Child",,,,,,Karnataka
Theka Shramik Evan Hamaal Shramik Baahy Rogi Chikitsa Sahaayata Yojana,tshsbr,"Labor Department of Chhattisgarh State started this scheme ""Theka Shramik Evan Hamaal Shramik Baahy Rogi Chikitsa Sahaayata Yojana"" for unorganized worker on 27 August 2015. The main objective of the scheme to provide financial assistance for the medical treatment.","Financial Assistance : ₹ 2,000/-","Applicant should be registered in any district of the state. If applicant received from any other parallel scheme of the State Government, then applicant is not eligible for this scheme. Beneficiaries aged between 18 years to 60 years will be eligible under the scheme.","Unregistered Applicant : All the applicant have to visit the official website Chhattisgarh Labour Department. On the home page click on "" Apply "" under ""Chhattisgarh Unorganized Workers State Social Security Board"". Enter the following details Select Group Name : ""Asangathit Marmakaar Mandal"" Select Service : ""Asangathit Shramik Panjikaran"" What do you want to do :  ""Aavedan"" Click next. Check the eligibility criteria for registration in Chhattisgarh Unorganized Workers State Social Security Board and click next. Fill out the online ""Registration form"". Submit. ﻿ Already Registered Applicant : All the applicant have to visit the official website Chhattisgarh Labour Department. On the home page click on "" Apply "" under ""Chhattisgarh Unorganized Workers State Social Security Board"". Enter the following details Select Group Name : ""Asangathit Marmakaar Mandal"" Select Service : ""Yojana"" What do you want to do :  ""Aavedan"" Click next. Select your district name and provide old/new registration number and click next. Select the scheme name. Fill out the online with required details. Submit.",Aadhaar Card. Registration Card. Disease details by Vikas khand Adhikari / Surgeon / Chief medical officer/ Heath Officer.,State,Health & Wellness,,"Health, Financial Assistance, Treatment",,,,
"Theka Shramik, Gharelu Mahila Kamgar Evan Hamal Shramik Prasuti Sahayta Yojana",gmkhsps,"Labor Department of Chhattisgarh State started this scheme ""Theka Shramik, Gharelu Mahila Kamgar Evan Hamal Shramik Prasuti Sahayta Yojana"" for unorganized worker on 05 June 2018. The main objective of the scheme to provide pregnancy care.","Female employees will receive a financial assistance of ₹4,200 in the third month of pregnancy and ₹2,800 in the eighth month of pregnancy as maternity benefit. Male employees will receive a financial assistance of ₹3,000 as paternity leave after the birth of the child.",Applicant(Male or Female) must be registered worker. Benefits will be provided only for two children.,"Unregistered Applicant : All the applicant have to visit the official website Chhattisgarh Labour Department. On the home page click on "" Apply "" under ""Chhattisgarh Unorganized Workers State Social Security Board"". Enter the following details Select Group Name : ""Asangathit Marmakaar Mandal"" Select Service : ""Asangathit Shramik Panjikaran"" What do you want to do :  ""Aavedan"" Click next. Check the eligibility criteria for registration in Chhattisgarh Unorganized Workers State Social Security Board and click next. Fill out the online ""Registration form"". Submit. ﻿ Already Registered Applicant : All the applicant have to visit the official website Chhattisgarh Labour Department. On the home page click on "" Apply "" under ""Chhattisgarh Unorganized Workers State Social Security Board"". Enter the following details Select Group Name : ""Asangathit Marmakaar Mandal"" Select Service : ""Yojana"" What do you want to do :  ""Aavedan"" Click next. Select your district name and provide old/new registration number and click next. Select the scheme name. Fill out the online with required details. Submit.",Aadhar card. Labor registration Card. Permanent Residence Certificate. Copy of ration card.,State,"Health & Wellness, Women and Child",,"Health, Financial Assistance, Pregnancy Care",,,,
"Theka Shramik, Hamaal Shramik Evan Gharelu Mahila Kamgar Gambhir Bimaari Chikitsa Sahayata Yojana",thgmbs,"Labor Department of Chhattisgarh State started this scheme ""Theka Shramik, Hamaal Shramik Evan Gharelu Mahila Kamgar Gambhir Bimaari Chikitsa Sahayata Yojana"" for unorganized worker on 05 June 2018. The main objective of the scheme to provides financial assistance for serious illness.","Medical aid of ₹50,000/- will be provided for the treatment of registered contract workers, Hamal workers and female domestic workers who are suffering from serious illness. Serious diseases under the scheme will include kidney, cancer, sickle cell anemia, heart disease, AIDS and paralysis.","Applicant must be registered with the State Social Security Board at least 90 days in advance. Applicant must be in the age group of 18 to 60 years will be eligible for this scheme. Applicant can be only received benefits at once. If applicant received from any other parallel scheme of the State Government, then he/she is not eligible for this scheme.","Unregistered Applicant : All the applicant have to visit the official website Chhattisgarh Labour Department. On the home page click on "" Apply "" under ""Chhattisgarh Unorganized Workers State Social Security Board"". Enter the following details Select Group Name : ""Asangathit Marmakaar Mandal"" Select Service : ""Asangathit Shramik Panjikaran"" What do you want to do : ""Aavedan"" Click next. Check the eligibility criteria for registration in Chhattisgarh Unorganized Workers State Social Security Board and click next. Fill out the online ""Registration form"". Submit. ﻿ Already Registered Applicant : All the applicant have to visit the official website Chhattisgarh Labour Department. On the home page click on "" Apply "" under ""Chhattisgarh Unorganized Workers State Social Security Board"". Enter the following details Select Group Name : ""Asangathit Marmakaar Mandal"" Select Service : ""Yojana"" What do you want to do : ""Aavedan"" Click next. Select your district name and provide old/new registration number and click next. Select the scheme name. Fill out the online with required details. Submit.",Application form. Aadhaar card. Labor Registration Card. Voter ID card. PAN card.,State,Health & Wellness,,"Health, Wellness, Financial Assistance",,,,
Total Health Check-up Scheme (GBOCWWB),thcsgbocwwb,"The “Total Health Check-up Scheme” is implemented by the Gujarat Building and Other Construction Worker’s Welfare Board (GBOCWWB), Labour, Skill Development & Employment Department, Government of Gujarat. This scheme facilitates a complete physical examination of the construction workers, which can diagnose potential illnesses and early treatment can prevent major illnesses. Hence, major illness can be avoided and the construction worker can lead a healthy life.","Under the scheme, preventive health check-ups for workers, with a view to initiate proper treatment/health restoration measures. This health check-up will be recommended regularly to every individual for diagnosis of any disease at its initial stage. This health check-up includes routine doctors, pathology, radiology and cardiology check-ups. In which a limit of ₹1950/- per beneficiary will be paid to the empanelled hospital/institution. Terms and Conditions: The benefits of this scheme will be given to the state employees. In which per beneficiary has to spend within the limit of ₹1950/-. Ayushman Bharat Yojana empanelled hospitals from which workers can go for check-ups and treatment in district-wise hospitals decided by the Government/Board through MOU. Where to Benefit from: Actions are taken by empanelled institutions through camps in Kadianaka/construction sites/colonies.",The construction workers who are registered with the Gujarat Building and Other Construction Worker’s Welfare Board will be eligible to get the benefit of this scheme.,"Application Process for ‘E-Nirman Card’ under the GBOCWWB: Step 01: The applicant may visit the e-Nirman Portal: https://enirmanbocw.gujarat.gov.in/ ﻿ Step 02: On the home page, under the tab ‘Login to Portal’, click on ‘ Please Register Here ’. Step 03: Enter all the mandatory information and then click on ‘Register’. Step 04: After successful registration, the applicants can login through their User ID and Password. Step 05: Now, update your profile by entering all the necessary details as required and click on ‘Update’. Step 06: Select the ‘Construction Works Form’ and fill out all the mandatory information in the form. Step 07: Upload all the relevant documents, agree with the terms & conditions and submit the form. Step 08: Once the application has been submitted, an application Number is generated which can be kept for future reference. Process to track Application Status: Step 01: The applicant may visit the e-Nirman Portal: https://enirmanbocw.gujarat.gov.in/ ﻿ Step 02: On the home page, click on ‘View Citizen Application Status’. Step 03: Enter the Application Number and Date of Birth. Step 04: Now click on ‘View Status’. Application Process for Scheme Benefit: Step 01: The applicant may visit the Sanman Portal: https://sanman.gujarat.gov.in/ ﻿ Step 02: On the home page, under the tab ‘Citizen Login’, click on ‘ Please Register Here ’. Step 03: Enter your Aadhaar Card Number, select user type, and then enter your E-Nirman Card Number. Step 04: Now, click on ‘Fetch’ & submit the details. Step 05: After successful registration, the applicants can login through their User ID and Password. Step 06: Now, select the scheme and read the instructions carefully for the selected scheme. Step 07: Fill out the application form and upload all the relevant documents. Step 08: Agree with the Rules & Regulations and submit the application form. A confirmation email with the application Number will be sent on the registered email ID. Post Application Process: Step 01: After filling out the form, the construction worker will be allotted time for the test by logging on to Sanman portal by North Star Institute. Step 02: After that, the medical officer of the North Star Institute will check the list of health check-up tests and upload it on the report portal, and apply for the monthly joint bill through North Star at the Head Office, the bill will go to the Government Labour Officer of the Head Office. Step 03: The Government Labour Officer of the Head Office will verify the bill and send it to the Hon'ble Member Secretary for approval. Step 04: After checking the bill by the accounting officer, North Star Diagnostic Pvt. Ltd. Ahmedabad will pay the bill online into their account","Documents required for ‘E-Nirman Card’ under the GBOCWWB: Photograph of the worker Aadhaar Card Ration Card Caste Category certificate, if applicable Proof of age (Birth certificate/Driving Licence/PAN Card/Voter ID Card) ﻿ Self-declaration certificate Employer Certificate Bank Passbook/cancelled Cheque Any other documents as required Documents required for Scheme Benefit: e-Nirman Card of the worker Aadhaar Card Passport-size photograph Any other documents as required",State,Health & Wellness,,"Health Check-up, Building Worker, Construction Worker, Labour, Illnesses",,,,
Tripura Health Assurance Scheme For Poor,thasp,"The Tripura Health Assurance Scheme for Poor (THASP) is a government initiative supported by the Central Government of India aimed at providing financial assistance to individuals in Tripura who fall below the poverty line. The scheme, which was launched in 2014 and subsequently amended, provides coverage for hospitalisation, surgeries, therapies, and critical illnesses to eligible families with an annual income less than Rs. 1.5 lakh. ﻿ THASP provides a health cover of up to Rs. 1.15 lakh per annum to eligible beneficiaries, with cashless facilities available at all empanelled hospitals. The listed hospitals under the scheme follow the Central Government Health Scheme rates for coverage. This healthcare initiative provides a safety net for the economically disadvantaged sections of society in Tripura, helping to alleviate the burden of healthcare expenses.","The Tripura Health Assurance Scheme for Poor (THASP) provides health coverage on a family floater basis, with a maximum sum assured of Rs. 1.15 lakh. The scheme includes coverage for transportation expenses incurred in travelling from Agartala to the listed hospital and back, with a maximum coverage limit of Rs. 10,000. The expenses for treatment up to Rs. 1.15 lakh are paid directly to the listed hospital. Financial assistance for transportation is disbursed via a bank draft or directly credited to the beneficiary's account, as per the scheme's guidelines.","The scheme is available to families with an annual income of less than Rs.1.5 lakh. Coverage is available for up to five family members, including the policyholder's legal spouse, parents, and unmarried children up to the age of 25 years. All family members must be listed on the family ration card issued by the Government of Tripura in order to be eligible for coverage under the THASP scheme.","Step 1: In order to receive financial assistance under the Tripura Health Assurance Scheme for Poor (THASP), applicants must submit a duly filled application form with relevant details to the Director of the State Illness Fund. ﻿ Step 2: Upon receiving the application for medical coverage, empanelled hospitals will be notified through fax or email by the state officials of the health department of Tripura to provide treatment to the patient. A copy of the referral letter will also be provided to the patient. ﻿ Step 3: The empanelled hospital will assess whether the proposed treatment can be covered under the State Illness Fund based on the terms and conditions of the scheme. If the treatment is deemed eligible, coverage will be provided by the State Government up to the maximum limit of Rs. 1.15 lakh. ﻿ Step 4: The hospital will inform the health department of Tripura of the cost of expenses and submit a bill for reimbursement under the scheme. Additionally, details of the healthcare facilities provided to the patient will also be shared with the Director of the Tripura Health Assurance Scheme for Poor (THASP) for verification. ﻿ Step 5: Upon verification of the bill, the health department of Tripura will reimburse the hospital for expenses incurred up to the maximum ceiling limit of the scheme, which is Rs. 1.15 lakh.",Proof of age/date of birth Proof of residence such as domicile certificate Bank account details (refer to the source for more information) Income certificate Documentation related to the patient's health condition.,State,Health & Wellness,,"Health, Poor, EWS, Illnesses, Medical, Hospital",,,,
Tripura Journalist Health Insurance Scheme,tjhis,"A Health Insurance Scheme by the Directorate of Information & Culture Affairs, for Journalists who are permanent residents of the state of Tripura. The applicant must be an accredited journalist by the state government or PIB. The age must be in between 21-65 years. The applicant must not have been covered under the Ayushman Bharat Scheme or any other Health Insurance Scheme of the Central or State Government. The beneficiary will receive medical care facilities for all the diseases as listed by the State government after recommendation by the committee. The maximum coverage of benefits from all sources will be ₹3,00,000. The application shall be submitted to the Director, the Information and Cultural Affairs Department. The basic objective of the scheme is to financially protect the Journalists from monetary burdens and liabilities that are a result of unfortunate health-related situations and emergencies.","The beneficiary will receive medical care facilities for all the diseases as listed by the State government after recommendation by the committee. The maximum coverage of benefits from all sources will be ₹3,00,000.",The applicant must be a permanent resident of the state of Tripura. The applicant must be an accredited working journalist by the state government or by the Press Information Bureau (PIB). The age of the applicant must be in between 21 years and 65 years. The applicant must not have been covered under the Ayushman Bharat Scheme or any other Health Insurance Scheme of the Central or State Government.,"The procedure of enrolment as a beneficiary under the scheme: Step: 1 To be eligible under the scheme as a beneficiary, a working journalist must apply to the following address with all supporting documents- The Director Information and Cultural Affairs Department Government of Tripura. Gandhighat , Agartala ,Tripura - 799 001 Step: 2 Director, of Information & Cultural Affairs will verify all the eligibilities through the Sub-Divisional Magistrate and other concerned agencies. Step: 3 After completion of verification the Director, Information & Cultural Affairs will place the application with all necessary documents to the ""Tripura Journalist Health Insurance Scheme Recommendation Committee"" (JHISRC). Step: 4 By the recommendation of the Committee and followed by the approval of the State Government the applicant applicants will be enrolled as beneficiaries under the scheme. ﻿",Proof of Age / DOB Proof of Residence Bank Details (Refer Source) Income Certificate Proof reg the health-related situations,State,Health & Wellness,,"Journalist, Health Insurance",,,,
Udita Yojana,uy,"The Project Udita program was started on November 1, 2016, under the Women and Child Development Projects of Madhya Pradesh Government. According to the concept of this scheme, Anganwadi workers and assistants will inform adolescent girls about the importance of proper hygiene during menstruation and sexually transmitted diseases due to negligence and provide them with sanitary napkins. If girls become aware of their health in their teenage years, then they all can remain healthy in future also.","Distribution of sanitary napkins, nutrition and health education, training on menstrual hygiene and nutrition and health issues in adolescent girls are done through Udita Corner established in Anganwadi centers.",All adolescent girls and women aged 18 to 49 will be beneficiaries.,Beneficiaries should contact Udita Corner established in Anganwadi centres.,No documents are required for this scheme.,State,"Health & Wellness, Women and Child",,"Health, Wellness, Hygiene",,,,
Urban Health Kiosk Scheme (P.B.O.C.W.W.B),uhkspbocwwb,"The ""Urban Health Kiosk Scheme'' by the BOCW Welfare Board, Department of Labour, Punjab, is a welfare scheme for the registered workers of the board. Under this Scheme, primary health facilities are provided to the construction workers & their families in urban health kiosks run by Punjab Health Society in slum areas.",Health Facilities: Primary Health Facilities are provided to the construction workers & their families in Urban Health Kiosks in slum areas.,"For Registration as a Building/ Construction Worker: The applicant should be a resident of Punjab. The applicant should be a Building/ Construction Worker (Unorganised Worker). The applicant should be between 18 and 60 years. The applicant should have engaged in building and construction work for at least 90 days in a given year. The applicant should have a monthly income of ₹15,000/- or below. The applicant should not be a member of any other Welfare Fund established under any law. The applicant should not have membership of the Employees' Provident Fund (EPF)/ National Pension System (NPS)/ Employees' State Insurance Corporation (ESIC). The applicant should not be an income tax payer. For the Application of the Welfare Scheme: The applicant should be a registered member Under the Building and Other Construction Workers Welfare Board of Punjab or should be a family member of the worker. The applicant should be suffering from any primary disease.","Registration Process as a Building/ Construction Worker: For new registration of workers please approach the nearby Sewa Kendra or Registering officers/ Labour Inspector. Application Process of the Welfare Scheme: To apply for benefits of the concerned welfare scheme, please approach to nearby Sewa Kendra or Registering Officers/ Labour Inspector of your area. Note: Registration with the Board: A construction worker becomes a member of the board by filling out Application Form No 28 along with depositing registration fees of ₹ 25/- only (once in life) and ₹ 10/- per month as contribution fees. A worker at a time can get himself registered for a minimum period of 1 year & maximum period of 5 years. The registered worker is called 'Beneficiary' of the Board. Important Links: Check Your Registration Application Status: Registered workers can check their registration application status through visiting this link upon entering their Registration Number. Download Registration Card: Registered workers can download their registration Registration Card through visiting this link upon entering their Registration Number. Check your Scheme Application Status: Registered workers can check their scheme application status through visiting this link upon entering their Registration Number. CSC Locator: Visit this link to search nearest Common Service Center (CSC) of your area. List of Sewa  Kendra: Visit this link to see the list of Sewa Kendra. Helpdesk: Punjab Building And Other Construction Workers Welfare Board Address: Labour Bhawan Model Welfare Centre Phase 10, Sector 64, Sahibzada Ajit Singh Nagar, Punjab, 160062 Phone : +91 172-2540125 Email : bocwhq@gmail.com For Bocw Portal Related Queries (Technical Support):- Phone : +91 172-2540125 Email : bocwhq@gmail.com Office Visiting Hours : Monday to Friday (09:00 AM to 05:00 PM)","For Registration as a Building/ Construction Worker: Age proof (If no age proof is available self declaration). Residence proof. Aadhaar card(if available). Bank Account details (Bank branch, account No. and IFSC/ RTGS number). Detail of dependents. Employer’s Certificate ( Form No. 28 ) (90 days of construction work during the last 12 months in the State of Punjab). Nomination Form ( Form No. 27 ). For the Application of the Welfare Scheme: Registration ID of the worker. Any other documents (if required).",State,Health & Wellness,,"Labour, Building Worker, Construction Worker, Silicosis Diseases, Health",15000.0,,,
Vandan Matru Yojana,vmyg,"The ""Vandan Matru Yojana (VMY)"" is a maternity benefit scheme launched by the Women and Child Development Department, Gujarat, to support pregnant and lactating women from economically weaker sections. The scheme emphasizes maternal nutrition, encourages institutional deliveries, and promotes breastfeeding practices to ensure the well-being of both mother and child. Beneficiaries receive financial assistance in stages during pregnancy, delivery, and the breastfeeding period. The scheme is implemented through Anganwadi centers and government health facilities, with funds transferred directly to the beneficiaries' bank accounts.","Financial Assistance: Registration Benefit: A one-time financial assistance of ₹1000/- is provided. Additional Benefit: An additional amount of ₹1000/- is disbursed after institutional delivery. Further Benefit: ₹2000/- is given in two installments during the breastfeeding period, promoting continued maternal and child health.","The applicant must be a resident of Gujarat. The applicant must be a pregnant or lactating woman. The applicant must belong to a family with an annual income below ₹2,00,000/-. The applicant must be registered at an Anganwadi center.","Step 1: Visit the nearest Anganwadi center or government health facility. Step 2: Submit the required documents, including proof of eligibility. Step 3: Complete the registration process with the assistance of Anganwadi staff. Step 4: Upon approval, financial assistance will be transferred to your bank account in stages.","Proof of residence (Aadhaar Card, Voter ID, etc.). Income certificate (proof of family income below Rs. 2 lakhs per annum). Medical Certificate (of being pregnant). Bank account details for direct transfer of financial assistance. Recent passport-sized photograph.",State,"Health & Wellness, Women and Child",,"Pregnant Women, Child Healthcare, Maternity",200000.0,,,
West Bengal Transport Workers’ Social Security Scheme: Assistance for Purchase of Spectacles,wbtwsaps,"The ""West Bengal Transport Workers’ Social Security Scheme: Assistance for Purchase of Spectacles,"" introduced by the Labour Department of West Bengal, aims to improve eye health by providing a financial benefit of ₹500/- for purchasing spectacles. Beneficiaries can claim this assistance once every five years by submitting a valid prescription and proof of purchase.",Financial Assistance: ₹500/- for purchasing spectacle. ﻿,"The applicant must be between 18 and 60 years of age at the time of enrolment. The applicant must be an unorganized worker employed in the operation of commercial vehicles, such as cars, taxis, luxury taxis, light commercial vehicles, vans, auto-rickshaws, tempos, lorries, trucks, or buses. The applicant’s vehicle must be used for commercial purposes and not solely for personal or family use.","Step 1: Visit the “ eDistrict 2.0 ” portal. Click on Log In/Sign Up. Step 2: In the User Login window, scroll down to the bottom and click on “Register”. Step 3: Fill in all the details carefully, enter a username, and click on “Register”. Step 4: Upon entering the One Time Password received on your mobile, you will be successfully registered. Step 5: Now in the User Login window, enter your Username or email and captcha and click on “Sign In”. Step 6: Enter the received O.T.P and click on “Submit”. Step 7: Upon successful Login, You will be redirected to the “Dashboard”. From the right side menu apply for the concerned scheme.","For New Registration: Certification by Prescribed Authority in the Prescribed format, Passport Size Photo (self and for each dependent member). Age Proof Document. Driving Licence in case of Drivers. EPIC/ AADHAR Card. For the Application of the Welfare Scheme: Medical Prescription. Proof of purchase of spectacles. ﻿",State,"Social welfare & Empowerment, Health & Wellness",,"Social Security, Transport Worker, Health & Wellness, Medical Appliance",,,,
West Bengal Transport Workers’ Social Security Scheme: Assistance on Death and Permanent Disablement,wbtwssadpd,"The “West Bengal Transport Workers’ Social Security Scheme: Assistance on Death and Permanent Disablement” by the Labour Department, offers financial assistance to unorganised transport workers or their nominees/dependents during times of distress caused by death or disability. The relief includes monetary compensation for accidental or natural death, as well as graded benefits for permanent disabilities. ﻿","Relief on Death: For accidental death: ₹1,50,000/-. For natural death: ₹50,000/-. Relief on Permanent Disability: For loss of one hand, one leg below the knee, one eye, or hearing capacity in one ear: ₹25,000/-. For loss of a thumb: ₹9,000/-. For loss of any other finger: ₹4,000/- Maximum relief for total disablement: ₹50,000/-. ﻿","The applicant must be between 18 and 60 years of age at the time of enrolment. The applicant must be an unorganized worker employed in the operation of commercial vehicles, such as cars, taxis, luxury taxis, light commercial vehicles, vans, auto-rickshaws, tempos, lorries, trucks, or buses. The applicant’s vehicle must be used for commercial purposes and not solely for personal or family use. Note: A nominee/ dependent of a beneficiary shall be entitled for the benefits in case of death. ﻿","Step-1: Visit the “ eDistrict 2.0 ” portal. Click on Log In/Sign Up. Step-2: In the User Login window, scroll down to the bottom and click on “Register”. Step-3: Fill in all the details carefully, enter a username, and click on “Register”. Step-4: Upon entering the One Time Password received on your mobile, you will be successfully registered. Step-5: Now in the User Login window, enter your Username or email and captcha and click on “Sign In”. Step-6: Enter the received O.T.P and click on “Submit”. Step-7: Upon successful Login, You will be redirected to the “Dashboard”. From the right side menu apply for the concerned scheme. ﻿","For New Registration: Certification by Prescribed Authority in the Prescribed format, Passport Size Photo (self and for each dependent member). Age Proof Document. Driving Licence in case of Drivers. EPIC/ AADHAR Card. For the Application of the Welfare Scheme: Details of the Nominee/ Dependent. Death Certificate (for death claims). Medical Certificate/ Report (for disability claims).",State,Health & Wellness,,"Social Empowerment, Transport Worker, Monthly Assistance, Death Assistance, Permanent Disablement",,,,
West Bengal Transport Workers’ Social Security Scheme: Assistance on Hospitalization,wbtwssah,"The “West Bengal Transport Workers’ Social Security Scheme: Assistance on Hospitalization” by the Labour Department, offers assistance to transport workers who are hospitalized for five or more days due to an accident. Benefits are directly transferred to the beneficiaries' bank accounts through Direct Benefit Transfer (DBT). ﻿","Assistance for Hospitalization: ₹400/- per day for the first 5 days of hospitalization due to an accident. Extended Financial Support: ₹200/- per day for the remaining period of hospitalization after the first five days. Maximum Benefit: Up to a total of ₹10,000/- for the entire hospitalization period. ﻿","The applicant must be between 18 and 60 years of age at the time of enrolment. The applicant must be an unorganized worker employed in the operation of commercial vehicles, such as cars, taxis, luxury taxis, light commercial vehicles, vans, auto-rickshaws, tempos, lorries, trucks, or buses. The applicant’s vehicle must be used for commercial purposes and not solely for personal or family use.","Step 1: Visit the “ eDistrict 2.0 ” portal. Click on Log In/Sign Up. Step 2: In the User Login window, scroll down to the bottom and click on “Register”. Step 3: Fill in all the details carefully, enter a username, and click on “Register”. Step 4: Upon entering the One Time Password received on your mobile, you will be successfully registered. Step 5: Now in the User Login window, enter your Username or email and captcha and click on “Sign In”. Step 6: Enter the received O.T.P and click on “Submit”. Step 7: Upon successful Login, You will be redirected to the “Dashboard”. From the right side menu apply for the concerned scheme. ﻿","For New Registration: Certification by Prescribed Authority in the Prescribed format, Passport Size Photo (self and for each dependent member). Age Proof Document. Driving Licence in case of Drivers. EPIC/ AADHAR Card. For the Application of the Welfare Scheme: Medical Certificate. ﻿",State,Health & Wellness,,"Social Security, Transport Worker, Hospitalization, Medical Assistance",,,,
West Bengal Transport Workers’ Social Security Scheme: Maternity Benefit,wbtwsmb,"The “West Bengal Transport Workers’ Social Security Scheme: Maternity Benefit” by the Labour Department, West Bengal, provides financial assistance to a beneficiary on successful delivery of a child or miscarriage by such beneficiary or his wife. The benefit is limited to two instances per beneficiary to promote maternal health and provide support during critical times. ﻿","Financial Assistance: ₹6,000/-.","The applicant must be between 18 and 60 years of age at the time of enrolment. The applicant must be an unorganized worker employed in the operation of commercial vehicles, such as cars, taxis, luxury taxis, light commercial vehicles, vans, auto-rickshaws, tempos, lorries, trucks, or buses. The applicant’s vehicle must be used for commercial purposes and not solely for personal or family use.","Step 1: Visit the “ eDistrict 2.0 ” portal. Click on Log In/Sign Up. Step 2: In the User Login window, scroll down to the bottom and click on “Register”. Step 3: Fill in all the details carefully, enter a username, and click on “Register”. Step 4: Upon entering the One Time Password received on your mobile, you will be successfully registered. Step 5: Now in the User Login window, enter your Username or email and captcha and click on “Sign In”. Step 6: Enter the received O.T.P and click on “Submit”. Step 7: Upon successful Login, You will be redirected to the “Dashboard”. From the right side menu apply for the concerned scheme.","For New Registration: Certification by Prescribed Authority in the Prescribed format, Passport Size Photo (self and for each dependent member). Age Proof Document. Driving Licence in case of Drivers. EPIC/ AADHAR Card. For the Application of the Welfare Scheme: Certificate from a registered Medical Practitioner. Any other documents (if required).",State,"Women and Child, Health & Wellness",,"Social Security, Transport Worker, Health & Wellness, Maternity Benefit, Medical Benefit, Pregnant Women",,,,
West Bengal Transport Workers’ Social Security Scheme: Medical Benefit for Major Ailments,wbtwsmbma,"The “West Bengal Transport Workers’ Social Security Scheme: Medical Benefit for Major Ailments” by the Labour Department, West Bengal, is designed to alleviate the financial burden of medical expenses for individuals and families dealing with severe health conditions. Under this scheme, financial assistance up-to ₹20,000/- is provided for the treatment of beneficiaries or their family members suffering from major ailments Cancer, Leprosy, T.B, brain stroke, cardiac problems, malfunctioning of kidney(s), AIDS, Eye Ailments, Vericosis of Vein, or Thalassemia requiring hospitalisation and treatment. In cases of major surgery, additional relief up to ₹60,000/-may be allowed.","Assistance for Major Ailments: Up-to ₹20,000/-. Assistance for Surgery: Up-to ₹60,000/-. ﻿","The applicant must be between 18 and 60 years of age at the time of enrolment. The applicant must be an unorganized worker employed in the operation of commercial vehicles, such as cars, taxis, luxury taxis, light commercial vehicles, vans, auto-rickshaws, tempos, lorries, trucks, or buses. The applicant’s vehicle must be used for commercial purposes and not solely for personal or family use.","Step 1: Visit the “ eDistrict 2.0 ” portal. Click on Log In/Sign Up. Step 2: In the User Login window, scroll down to the bottom and click on “Register”. Step 3: Fill in all the details carefully, enter a username, and click on “Register”. Step 4: Upon entering the One Time Password received on your mobile, you will be successfully registered. Step 5: Now in the User Login window, enter your Username or email and captcha and click on “Sign In”. Step 6: Enter the received O.T.P and click on “Submit”. Step 7: Upon successful Login, You will be redirected to the “Dashboard”. From the right side menu apply for the concerned scheme.","For New Registration: Certification by Prescribed Authority in the Prescribed format, Passport Size Photo (self and for each dependent member). Age Proof Document. Driving Licence in case of Drivers. EPIC/ AADHAR Card. For the Application of the Welfare Scheme: Medical Certificate. Hospital Bills, Any other documents (if required).",State,Health & Wellness,,"Social Security, Transport Worker, Health & Wellness, Major Ailments, Medical Benefit",,,,
Workers In Case Of Permanent Disablement-JKBOCWWB,wicopdjkbocwwb,"The ""Workers In Case of Partial Permanent Disablement"" scheme by the Building and Other Construction Workers Welfare Board, Labour Department, Jammu & Kashmir, under the MUHAFIZ Scheme (PMJJBY: Pradhan Mantri Jeevan Jyoti Bima Yojana, PMSBY: Pradhan Mantri Suraksha Bima Yojana) from 01.01.2018, provides ₹2,00,000 to registered BOC workers in the case of permanent disablement.","Under the scheme, ₹2,00,000 is provided to registered BOC workers in case of partial permanent disablement.",For Registration as a Building/ Construction Worker: The applicant should be a resident of Jammu & Kashmir. The applicant should be a Building/ Construction Worker. The applicant should be between 18 and 60 years. The applicant should have engaged in any building or other construction work for at least 90 days during the preceding 12 months. The applicant should be registration is renewed annually. For the Application of the Welfare Scheme: The worker must be a registered member of the Building and Other Construction Workers (BOC) Welfare Board. The scheme applies to workers who suffer from permanent disablement.,"Registration of a Construction Worker under JKBOCWWB: Step 1: Go to the J&K Building and Other Construction Workers Welfare Board (JKBOCWWB) official website. ﻿ Step 2: On the homepage, find and click the "" Labour Registration"" link. Step 3:If you're a new user, click on ""Apply for New Registration."" Step 4: Complete the registration form with your details, submit the form, and send the OTP to your registered mobile number. Enter the OTP and click ""Verify OTP & Submit."" Step 5: After the OTP is verified, a confirmation message with your Login ID and password will be sent to your registered mobile number. Step 6:Use the Login ID, password, and captcha to log in (remember, the username and password are case-sensitive). filled are case sensitive)Read all the instruction carefully and Click to continue Step 7: Once logged in, choose the ""Construction Worker’s Registration"" option and click on ""Registration Form."" Step 8: A dashboard will appear. Complete the form by entering all required details (marked with *). Step 9: Upload all the important documents, such as ID proof and other relevant certificates. Step 10: Once the form is completed and documents uploaded, click ""Submit"" and pay the application fee online. You will receive a registration number after successful payment and submission. ﻿ ﻿ Steps to Apply for Scheme Benefits: Step1: Go to the official website of the Jammu & Kashmir Building and Other Construction Workers Welfare Board. Step2: Click on ""Login,"" enter your details, and sign in to your account. Step3: After logging in, click on ""Scheme Registration"" and select ""Apply for Scheme."" Step4: Choose the scheme you wish to apply for in order to avail the benefits. Step5: Enter all required information and upload the necessary documents as prompted. Step6: Finally, click on ""Submit Application"" to complete the process. ﻿ ﻿ Application Tracking: Applicant can track their application status online through the official website of the  Jammu & Kashmir Building and Other Construction Workers Welfare Board. Relevant updates will be sent to the registered mobile number.","Original Medical Certificate issued by the Medical Board or competent authority. Attested Age Proof of the registered worker. Duly attested photocopy of Bank Passbook of the worker or nominee/legal heir, or a cancelled cheque bearing the name of the worker/nominee/legal heir and IFSC code of the bank branch. Photocopy of Aadhaar Card/Biometric Card of the registered worker. Registration Certificate of the worker under the BOC Welfare Board. Proof of employment in the building/construction sector (work records or pay slips). Disability Certificate from a recognized medical authority confirming the partial permanent disablement. Proof of residence (Voter ID, Ration Card, Utility Bill, etc.) for address verification. Photograph of the worker (passport size). Income Certificate to establish eligibility under the scheme (if applicable).",State,"Health & Wellness, Social welfare & Empowerment",,"Building Worker, Construction Workers, Labour, Permanent Disablement, Financial Assistance",,,,
"“Family Counseling"" under Grant-in-Aid to Pondicherry State Social Welfare Board",fc-giapswb,"The sub-scheme “Family Counseling"" under the umbrella scheme ""Grant-in-Aid to Pondicherry State Social Welfare Board"" was launched by the Department of Social Welfare, Government of Puducherry. Through this scheme, the residents of Puducherry are provided with counselling, rehabilitative and referral services.","Counselling, rehabilitative and referral services are provided in the centres for the victims of social problems. Psychological, Social, Educational and Economic issues of the individuals are also dealt with.",The applicant should be a Native/Resident of the Union Territory of Puducherry.,"Step 1: The interested applicant should visit (during office hours) the Secretary, State Social Welfare Board,17, Deivasigamani Nagar, Sanjay Gandhi Nagar, Ilango Nagar, Puducherry, 605013 , and request the hard copy of the prescribed format of the application form from the staff exclusively entrusted to issue and collect filled-in applications. Step 2: In the application form, fill in all the mandatory fields, paste the passport-sized photograph (signed across, if required), and attach copies of all the mandatory documents (self-attest, if required). Step 3: Submit the duly filled and signed application form and the documents to The Secretary, State Social Welfare Board. Step 4: Request a receipt or acknowledgement from the concerned authority to whom the application has been submitted. Ensure that the receipt contains essential details such as the date and time of submission, and a unique identification number (if applicable).","Aadhaar Card. Residence-cum-Nativity Certificate, issued by the competent authority.",State,"Social welfare & Empowerment, Health & Wellness",,"Counselling, Rehabilitation, Psychological, Family",,,,
"“Home for the Aged"" under Grant-in-Aid to Pondicherry Society for the Care of the Aged (PONCARE)",hfta-giapsca,"The sub-scheme “Home for the Aged"" under the umbrella scheme ""Grant-in-Aid to Pondicherry Society for the Care of the Aged (PONCARE)"" was launched by the Department of Social Welfare, Government of Puducherry. Through this scheme, the senior citizens are provided with stay at subsidiary rates, food (both vegetarian and non-vegetarian), routine health check up by doctors thrice in a week, providing news papers and television for entertainment.",Stay at Subsidiary Rate of ₹1200/- for the Inmates. Food (Both Vegetarian and Non-vegetarian). Routine Health Check Up by Doctors Thrice in a Week. Newspapers and Television for Entertainment.,The applicant should be 60 years or above in age. The applicant should be a Native/Resident of the Union Territory of Puducherry for at least 5 years.,"Step 1: The interested applicant should visit (during office hours) the Pondicherry Society for the care of the Aged (PONCARE), Puducherry, 4th Cross - Sithankudi, 6th Cross Extension, Brindavanam, West, Puducherry - 605 013, +91-413-2245317, +91-413-2246318, +91-9443405499 ﻿ , and request the hard copy of the prescribed format of the application form from the staff exclusively entrusted to issue and collect filled-in applications. Step 2: In the application form, fill in all the mandatory fields, paste the passport-sized photograph (signed across, if required), and attach copies of all the mandatory documents (self-attest, if required). Step 3: Submit the duly filled and signed application form along with the documents to The Secretary, PONCARE. Step 4: Request a receipt or acknowledgement from the concerned authority to whom the application has been submitted. Ensure that the receipt contains essential details such as the date and time of submission, and a unique identification number (if applicable).","Aadhaar Card. Birth Certificate / Age Proof. Residence-cum-Nativity Certificate, issued by the competent authority. Recent Passport-Size Photograph.Bank Passbook.",State,"Housing & Shelter, Social welfare & Empowerment, Health & Wellness",,"Home, Senior Citizen, Food, Doctor, Social Welfare",,,,
"“Medical Camps (Allopathy and Indian systems of Medicine)"" under Grant-in-Aid to Pondicherry Society for the Care of the Aged (PONCARE)",mcacism-giapsca,"The sub-scheme “Medical Camps (Allopathy and Indian systems of Medicine)"" under the umbrella scheme ""Grant-in-Aid to Pondicherry Society for the Care of the Aged (PONCARE)"" was launched by the Department of Social Welfare, Government of Puducherry. Through this scheme, senior citizens are provided free health checkups and free medicines.",Free Health Checkup and Free Medicines. Awareness Speech by Doctors.,The applicant should be 60 years or above in age. The applicant should be a Native/Resident of the Union Territory of Puducherry for at least 5 years.,"Step 1: The interested applicant should visit (during office hours) the Pondicherry Society for the care of the Aged (PONCARE), Puducherry, 4th Cross - Sithankudi, 6th Cross Extension, Brindavanam, West, Puducherry - 605 013, +91-413-2245317, +91-413-2246318, +91-9443405499 ﻿ , and request the hard copy of the prescribed format of the application form from the staff exclusively entrusted to issue and collect filled-in applications. Step 2: In the application form, fill in all the mandatory fields, paste the passport-sized photograph (signed across, if required), and attach copies of all the mandatory documents (self-attest, if required). Step 3: Submit the duly filled and signed application form along with the documents to The Secretary, PONCARE. Step 4: Request a receipt or acknowledgement from the concerned authority to whom the application has been submitted. Ensure that the receipt contains essential details such as the date and time of submission, and a unique identification number (if applicable).","Aadhaar Card. Birth Certificate / Age Proof. Residence-cum-Nativity Certificate, issued by the competent authority. Recent Passport-Size Photograph. Bank Passbook.",State,Health & Wellness,,"Medicine, Health, Checkup, Senior Citizen, Doctor",,,,
